local_time,S1_uT,S2_uT,S3_uT,S4_uT,S5_uT,S6_uT,I1_A,I2_A,I3_A,I4_A,I5_A,I6_A,MC1_A,MV1_V,MC2_A,MV2_V,MC3_A,MV3_V,MC4_A,MV4_V,MC5_A,MV5_V,MC6_A,MV6_V
2025-11-11T11:21:34.700+01:00,20.797000,-23.973000,14.903000,-69.175000,-56.720000,-29.820000,0.006000,0.006000,0.006000,-0.006000,-0.006000,-0.006000,0.0,0.0,0.0,0.0,0.0,0.019,0.0,0.0,0.0,0.0,0.0,0.0
2025-11-11T11:21:35.559+01:00,20.789000,-23.965000,14.876800,-69.130400,-56.680600,-29.792400,0.207831,0.408478,1.794974,-3.237508,-0.959982,-1.384574,0.0,0.0,0.0,0.0,0.0,0.019,0.0,0.0,0.0,0.0,0.0,0.0
2025-11-11T11:21:37.039+01:00,19.669600,-23.294600,14.267840,-67.164120,-56.046680,-29.839920,0.352595,0.821543,3.544673,-6.401315,-1.893281,-2.764118,0.0,0.0,0.821,0.646,3.548,3.174,6.4,6.2,0.0,0.0,2.763,2.329
2025-11-11T11:21:37.787+01:00,17.810680,-22.134880,13.178272,-63.617096,-54.161344,-29.392336,0.388978,1.267079,5.238403,-9.456103,-2.752856,-4.149482,0.0,0.0,0.821,0.646,3.548,3.174,6.4,6.2,0.0,0.0,2.763,2.329
2025-11-11T11:21:39.171+01:00,15.316944,-20.620304,11.771218,-58.869677,-52.130675,-29.497469,0.278134,1.756555,6.862013,-12.367078,-3.526351,-5.558360,0.0,0.003,1.757,1.385,6.866,6.144,12.368,11.981,0.0,0.0,5.558,4.683
2025-11-11T11:21:39.916+01:00,12.332355,-18.912643,10.132374,-53.293341,-49.007340,-28.586775,-0.028613,2.317399,8.423941,-15.129132,-4.156701,-6.994993,0.0,0.003,1.757,1.385,6.866,6.144,12.368,11.981,0.0,0.0,5.558,4.683
2025-11-11T11:21:41.387+01:00,8.994284,-17.111915,8.405099,-47.193073,-45.700072,-27.536620,-0.556861,2.958535,9.925234,-17.730923,-4.629617,-8.464444,0.556,0.434,2.958,2.334,9.929,8.889,17.734,17.215,0.0,0.0,8.465,7.134
2025-11-11T11:21:42.118+01:00,5.792427,-15.269732,6.632279,-40.926859,-41.796858,-26.342096,-1.307349,3.688688,11.371678,-20.175175,-4.919475,-9.972451,0.556,0.434,2.958,2.334,9.929,8.889,17.734,17.215,0.0,0.0,8.465,7.134
2025-11-11T11:21:43.629+01:00,2.894942,-13.414185,4.922624,-34.681287,-37.742486,-25.108277,-2.229966,4.474073,12.733537,-22.427329,-5.054958,-11.484398,2.228,1.735,4.475,3.53,12.739,11.41,22.431,21.802,0.0,0.0,11.486,9.681
2025-11-11T11:21:44.369+01:00,0.457353,-11.664548,3.293699,-28.637629,-33.241589,-23.727421,-3.281388,5.293506,13.997515,-24.475532,-5.042785,-12.978566,2.228,1.735,4.475,3.53,12.739,11.41,22.431,21.802,0.0,0.0,11.486,9.681
2025-11-11T11:21:45.819+01:00,-1.291717,-10.183439,1.599359,-22.692304,-29.055471,-23.395937,-4.302177,6.015786,15.038085,-26.198907,-5.015591,-14.352267,4.302,3.349,6.016,4.748,15.044,13.486,26.201,25.504,0.0,0.0,14.355,12.107
2025-11-11T11:21:46.497+01:00,-2.879974,-8.676951,0.371287,-17.432043,-24.211777,-21.598950,-5.397038,6.758366,15.995731,-27.733839,-4.841229,-15.689975,4.302,3.349,6.016,4.748,15.044,13.486,26.201,25.504,0.0,0.0,14.355,12.107
2025-11-11T11:21:47.868+01:00,-3.923579,-7.341961,-0.683370,-12.646234,-19.831422,-20.539360,-6.503666,7.483449,16.847779,-29.062183,-4.567243,-16.972212,6.504,5.057,7.485,5.907,16.854,15.122,29.062,28.342,0.0,0.0,16.976,14.329
2025-11-11T11:21:48.591+01:00,-4.534063,-6.112369,-1.504896,-8.413387,-15.027737,-18.530088,-7.594324,8.185529,17.603868,-30.197508,-4.187490,-18.174953,6.504,5.057,7.485,5.907,16.854,15.122,29.062,28.342,0.0,0.0,16.976,14.329
2025-11-11T11:21:50.079+01:00,-4.729851,-5.077495,-2.159517,-4.744910,-10.657190,-16.861070,-8.623548,8.836843,18.250904,-31.134667,-3.738885,-19.280628,8.624,6.71,8.839,6.977,18.257,16.398,31.135,30.425,0.0,0.0,19.285,16.296
2025-11-11T11:21:50.720+01:00,-4.543880,-4.241796,-2.664814,-1.636928,-6.113352,-14.881456,-9.571381,9.434015,18.798489,-31.892356,-3.217813,-20.282893,8.624,6.71,8.839,6.977,18.257,16.398,31.135,30.425,0.0,0.0,19.285,16.296
2025-11-11T11:21:52.210+01:00,-4.083904,-3.565437,-2.988851,0.972858,-1.921881,-13.007765,-10.418189,9.968858,19.252377,-32.481682,-2.640152,-21.178078,10.419,8.109,9.971,7.876,19.259,17.321,32.482,31.817,0.0,0.0,21.183,17.927
2025-11-11T11:21:52.934+01:00,-3.411523,-3.045349,-3.199681,3.121086,2.090295,-11.134612,-11.154165,10.439767,19.620899,-32.919931,-2.011576,-21.966982,10.419,8.109,9.971,7.876,19.259,17.321,32.482,31.817,0.0,0.0,21.183,17.927
2025-11-11T11:21:54.418+01:00,-2.583619,-2.685679,-3.315745,4.774069,5.654436,-9.369690,-11.762152,10.834533,19.900800,-33.214556,-1.355037,-22.641917,11.764,9.158,10.837,8.563,19.908,17.928,33.214,32.631,0.0,0.0,22.647,19.192
2025-11-11T11:21:55.179+01:00,-1.648295,-2.463544,-3.371796,6.050455,9.045149,-7.599352,-12.239216,11.153168,20.098461,-33.381014,-0.674556,-23.204945,11.764,9.158,10.837,8.563,19.908,17.928,33.214,32.631,0.0,0.0,22.647,19.192
2025-11-11T11:21:56.709+01:00,-0.721436,-2.322635,-3.345837,6.945564,11.991319,-5.977081,-12.604750,11.413113,20.237447,-33.451096,0.035145,-23.677189,12.607,9.82,11.415,9.028,20.244,18.254,33.45,32.957,0.033,0.027,23.682,20.106
2025-11-11T11:21:57.473+01:00,0.148651,-2.237508,-3.296269,7.495051,14.652655,-4.385265,-12.883144,11.634911,20.340496,-33.457956,0.785642,-24.080027,12.607,9.82,11.415,9.028,20.244,18.254,33.45,32.957,0.033,0.027,23.682,20.106
2025-11-11T11:21:59.002+01:00,0.853921,-2.160206,-3.068815,7.744241,16.453724,-3.001612,-13.104199,11.840103,20.438346,-33.434319,1.571903,-24.437708,13.107,10.214,11.843,9.371,20.445,18.46,33.433,33.037,1.57,1.232,24.442,20.79
2025-11-11T11:21:59.765+01:00,1.361737,-2.016965,-2.720252,7.728393,17.197579,-1.781690,-13.268135,12.020108,20.526811,-33.380809,2.350451,-24.741587,13.107,10.214,11.843,9.371,20.445,18.46,33.433,33.037,1.57,1.232,24.442,20.79
2025-11-11T11:22:01.296+01:00,1.711589,-1.910172,-2.302202,7.467714,17.431663,-0.734952,-13.411038,12.202155,20.637181,-33.334054,3.133282,-25.022163,13.414,10.46,12.205,9.665,20.644,18.663,33.334,33.033,3.132,2.457,25.027,21.326
2025-11-11T11:22:02.059+01:00,1.886472,-1.747338,-1.840361,6.944171,16.834131,0.135239,-13.538748,12.384158,20.767984,-33.300741,3.890987,-25.278146,13.414,10.46,12.205,9.665,20.644,18.663,33.334,33.033,3.132,2.457,25.027,21.326
2025-11-11T11:22:03.589+01:00,1.936977,-1.600070,-1.380489,6.366537,16.003105,0.862791,-13.672184,12.580107,20.933159,-33.297410,4.630691,-25.526447,13.675,10.669,12.583,9.965,20.941,18.953,33.297,33.089,4.63,3.632,25.53,21.795
2025-11-11T11:22:05.187+01:00,1.861982,-1.432256,-0.940391,5.683830,14.630884,1.500033,-13.797849,12.770208,21.111029,-33.308234,5.315575,-25.747930,13.675,10.669,12.583,9.965,20.941,18.953,33.297,33.089,4.63,3.632,25.53,21.795
2025-11-11T11:22:06.701+01:00,1.694385,-1.264005,-0.535713,4.974864,13.051307,1.984826,-13.923509,12.957140,21.302226,-33.337204,5.942125,-25.948214,13.926,10.873,12.96,10.271,21.309,19.319,33.337,33.249,5.942,4.662,25.952,22.213
2025-11-11T11:22:07.462+01:00,1.477508,-1.100404,-0.190970,4.233291,11.400446,2.381861,-14.052286,13.141071,21.503751,-33.385815,6.508517,-26.129350,13.926,10.873,12.96,10.271,21.309,19.319,33.337,33.249,5.942,4.662,25.952,22.213
2025-11-11T11:22:08.996+01:00,1.230607,-0.943323,0.117624,3.514033,9.790956,2.660089,-14.195552,13.331445,21.723366,-33.463038,7.025605,-26.303560,14.197,11.092,13.334,10.571,21.73,19.726,33.462,33.467,7.026,5.513,26.307,22.558
2025-11-11T11:22:09.756+01:00,0.966085,-0.804458,0.347499,2.790226,8.061165,2.874871,-14.333336,13.506618,21.935832,-33.548024,7.468940,-26.450941,14.197,11.092,13.334,10.571,21.73,19.726,33.462,33.467,7.026,5.513,26.307,22.558
2025-11-11T11:22:11.289+01:00,0.698068,-0.673767,0.519399,2.155981,6.476532,2.973297,-14.468020,13.668271,22.139812,-33.639757,7.845010,-26.576244,14.471,11.312,13.671,10.846,22.147,20.131,33.64,33.735,7.845,6.157,26.58,22.834
2025-11-11T11:22:12.050+01:00,0.454855,-0.556013,0.638719,1.592185,4.950226,3.080837,-14.579715,13.797310,22.313780,-33.717059,8.137369,-26.660795,14.471,11.312,13.671,10.846,22.147,20.131,33.64,33.735,7.845,6.157,26.58,22.834
2025-11-11T11:22:13.599+01:00,0.237884,-0.452611,0.674975,1.093948,3.638581,3.054070,-14.671273,13.897227,22.457392,-33.781484,8.356587,-26.711758,14.675,11.479,13.901,11.029,22.464,20.448,33.781,33.97,8.357,6.56,26.715,22.992
2025-11-11T11:22:14.344+01:00,0.039307,-0.346289,0.690980,0.637558,2.392464,2.973456,-14.741485,13.967701,22.569330,-33.831158,8.504752,-26.730098,14.675,11.479,13.901,11.029,22.464,20.448,33.781,33.97,8.357,6.56,26.715,22.992
2025-11-11T11:22:16.694+01:00,-0.116954,-0.260031,0.672184,0.259447,1.361372,2.894565,-14.786295,14.006266,22.645875,-33.861271,8.586490,-26.714234,14.789,11.576,14.009,11.121,22.652,20.647,33.861,34.142,8.587,6.742,26.717,23.046
2025-11-11T11:22:17.457+01:00,-0.241964,-0.185625,0.624347,-0.044443,0.464297,2.758052,-14.803694,14.011911,22.684916,-33.868459,8.605720,-26.665019,14.789,11.576,14.009,11.121,22.652,20.647,33.861,34.142,8.587,6.742,26.717,23.046
2025-11-11T11:22:18.991+01:00,-0.320971,-0.123500,0.546678,-0.297954,-0.263762,2.606841,-14.787861,13.981080,22.681781,-33.847692,8.564270,-26.579840,14.791,11.586,13.985,11.106,22.688,20.72,33.847,34.255,8.564,6.726,26.583,22.969
2025-11-11T11:22:19.711+01:00,-0.372377,-0.075200,0.463542,-0.517963,-0.888210,2.413673,-14.741035,13.917092,22.639958,-33.801296,8.469212,-26.463440,14.791,11.586,13.985,11.106,22.688,20.72,33.847,34.255,8.564,6.726,26.583,22.969
2025-11-11T11:22:21.242+01:00,-0.400301,-0.027360,0.374834,-0.647971,-1.324768,2.215739,-14.667323,13.825241,22.564578,-33.731345,8.331841,-26.321633,14.67,11.498,13.828,10.978,22.571,20.637,33.731,34.212,8.332,6.546,26.325,22.781
2025-11-11T11:22:21.981+01:00,-0.395041,0.000512,0.274867,-0.740177,-1.645214,2.038991,-14.561873,13.701948,22.451995,-33.633255,8.152756,-26.151098,14.67,11.498,13.828,10.978,22.571,20.637,33.731,34.212,8.332,6.546,26.325,22.781
2025-11-11T11:22:23.589+01:00,-0.380433,0.031810,0.184494,-0.809941,-1.890971,1.854393,-14.431023,13.554152,22.309638,-33.513024,7.941103,-25.958973,14.433,11.317,13.557,10.761,22.316,20.432,33.512,34.084,7.941,6.239,25.963,22.502
2025-11-11T11:22:24.350+01:00,-0.343746,0.055648,0.100395,-0.788353,-1.969577,1.656714,-14.279368,13.387457,22.143718,-33.373165,7.708077,-25.751673,14.433,11.317,13.557,10.761,22.316,20.432,33.512,34.084,7.941,6.239,25.963,22.502
2025-11-11T11:22:25.880+01:00,-0.298597,0.072118,0.030516,-0.765882,-1.970662,1.457971,-14.116118,13.211414,21.964753,-33.223159,7.465754,-25.539021,14.119,11.075,13.214,10.492,21.972,20.139,33.222,33.866,7.466,5.867,25.543,22.166
2025-11-11T11:22:26.644+01:00,-0.249478,0.086495,-0.024187,-0.712506,-1.917729,1.271377,-13.944676,13.029673,21.777216,-33.065577,7.219512,-25.324543,14.119,11.075,13.214,10.492,21.972,20.139,33.222,33.866,7.466,5.867,25.543,22.166
2025-11-11T11:22:28.173+01:00,-0.195582,0.096796,-0.066550,-0.651405,-1.822983,1.094502,-13.769113,12.846509,21.586145,-32.904427,6.975016,-25.112465,13.772,10.808,12.849,10.202,21.593,19.812,32.904,33.613,6.975,5.482,25.117,21.824
2025-11-11T11:22:28.937+01:00,-0.142066,0.095837,-0.099240,-0.594724,-1.644787,0.926801,-13.600150,12.672460,21.402754,-32.750383,6.745544,-24.913447,13.772,10.808,12.849,10.202,21.593,19.812,32.904,33.613,6.975,5.482,25.117,21.824
2025-11-11T11:22:30.424+01:00,-0.097853,0.095069,-0.114792,-0.496779,-1.462829,0.784841,-13.436968,12.506274,21.226720,-32.600869,6.530068,-24.725775,13.44,10.551,12.509,9.935,21.234,19.498,32.6,33.371,6.53,5.132,24.73,21.513
2025-11-11T11:22:31.189+01:00,-0.053282,0.094455,-0.129833,-0.430223,-1.267464,0.641073,-13.285005,12.353426,21.063483,-32.462312,6.334338,-24.554907,13.44,10.551,12.509,9.935,21.234,19.498,32.6,33.371,6.53,5.132,24.73,21.513
2025-11-11T11:22:32.717+01:00,-0.015026,0.086164,-0.132667,-0.383579,-1.091371,0.510258,-13.147384,12.216616,20.916628,-32.338198,6.160572,-24.403364,13.15,10.327,12.22,9.709,20.924,19.231,32.337,33.167,6.16,4.842,24.409,21.256
2025-11-11T11:22:33.491+01:00,0.018179,0.085931,-0.127133,-0.276663,-0.856097,0.403007,-13.025226,12.096936,20.787498,-32.227403,6.011595,-24.271721,13.15,10.327,12.22,9.709,20.924,19.231,32.337,33.167,6.16,4.842,24.409,21.256
2025-11-11T11:22:35.011+01:00,0.045944,0.076545,-0.122707,-0.237130,-0.680877,0.300005,-12.919983,11.995379,20.677176,-32.133341,5.886586,-24.160889,12.922,10.152,11.998,9.538,20.684,19.026,32.133,33.019,5.886,4.627,24.166,21.067
2025-11-11T11:22:35.783+01:00,0.057755,0.077036,-0.104765,-0.155504,-0.501302,0.215004,-12.832879,11.912639,20.586805,-32.055136,5.786201,-24.071012,12.922,10.152,11.998,9.538,20.684,19.026,32.133,33.019,5.886,4.627,24.166,21.067
2025-11-11T11:22:37.304+01:00,0.064604,0.077429,-0.091612,-0.073203,-0.334041,0.137803,-12.762247,11.846751,20.514139,-31.990817,5.708118,-23.999955,12.765,10.031,11.85,9.422,20.521,18.892,31.991,32.934,5.708,4.487,24.006,20.947
2025-11-11T11:22:38.044+01:00,0.079283,0.068543,-0.070690,-0.082163,-0.221233,0.072243,-12.710603,11.800548,20.462610,-31.946392,5.653404,-23.950268,12.765,10.031,11.85,9.422,20.521,18.892,31.991,32.934,5.708,4.487,24.006,20.947
2025-11-11T11:22:39.515+01:00,0.080426,0.064034,-0.045952,-0.063130,-0.140187,0.024994,-12.674070,11.769520,20.427749,-31.916430,5.616539,-23.916955,12.677,9.965,11.772,9.362,20.435,18.828,31.916,32.909,5.615,4.414,23.922,20.896
2025-11-11T11:22:40.238+01:00,0.086741,0.055228,-0.032762,-0.026904,-0.017549,-0.018005,-12.650921,11.752113,20.407503,-31.898859,5.597381,-23.898581,12.677,9.965,11.772,9.362,20.435,18.828,31.916,32.909,5.615,4.414,23.922,20.896
2025-11-11T11:22:41.770+01:00,0.082593,0.049382,-0.015609,-0.008323,0.067361,-0.049804,-12.642218,11.748861,20.402495,-31.894753,5.595200,-23.895286,12.644,9.942,11.752,9.349,20.41,18.819,31.895,32.946,5.594,4.397,23.901,20.899
2025-11-11T11:22:42.499+01:00,0.076674,0.050106,0.003313,0.033941,0.141888,-0.074043,-12.644599,11.756453,20.409359,-31.899941,5.606291,-23.903495,12.644,9.942,11.752,9.349,20.41,18.819,31.895,32.946,5.594,4.397,23.901,20.899
2025-11-11T11:22:44.062+01:00,0.067939,0.046685,0.021050,0.050753,0.181711,-0.093434,-12.656850,11.773443,20.426654,-31.913940,5.628151,-23.921656,12.658,9.956,11.776,9.37,20.434,18.857,31.914,33.026,5.628,4.423,23.927,20.943
2025-11-11T11:22:44.783+01:00,0.051752,0.039948,0.027440,0.053802,0.214969,-0.108948,-12.679096,11.799464,20.453467,-31.936891,5.660233,-23.949393,12.658,9.956,11.776,9.37,20.434,18.857,31.914,33.026,5.628,4.423,23.927,20.943
2025-11-11T11:22:46.310+01:00,0.033601,0.035958,0.036352,0.073242,0.238975,-0.123958,-12.709212,11.832349,20.487691,-31.966086,5.700056,-23.984467,12.711,10.0,11.835,9.421,20.495,18.929,31.966,33.14,5.699,4.481,23.989,21.018
2025-11-11T11:22:47.050+01:00,0.025481,0.030166,0.035682,0.042794,0.216180,-0.130566,-12.742507,11.867871,20.524644,-31.999025,5.741848,-24.022360,12.711,10.0,11.835,9.421,20.495,18.929,31.966,33.14,5.699,4.481,23.989,21.018
2025-11-11T11:22:48.520+01:00,0.015185,0.017533,0.036345,0.005435,0.192544,-0.134653,-12.779834,11.906632,20.565120,-32.036686,5.786314,-24.063761,12.782,10.059,11.909,9.482,20.572,19.017,32.037,33.275,5.786,4.549,24.069,21.106
2025-11-11T11:22:49.283+01:00,0.000348,0.016627,0.035676,-0.019252,0.140835,-0.130123,-12.817505,11.944953,20.605107,-32.074806,5.828682,-24.104529,12.782,10.059,11.909,9.482,20.572,19.017,32.037,33.275,5.786,4.549,24.069,21.106
2025-11-11T11:22:50.788+01:00,-0.003722,0.009301,0.024541,-0.046802,0.111268,-0.129098,-12.853318,11.981011,20.642380,-32.111772,5.867957,-24.143106,12.856,10.119,11.984,9.546,20.65,19.104,32.112,33.414,5.868,4.613,24.148,21.198
2025-11-11T11:22:52.326+01:00,-0.017377,0.008841,0.024833,0.000559,0.123214,-0.124278,-12.887974,12.015167,20.677762,-32.145328,5.905828,-24.179789,12.856,10.119,11.984,9.546,20.65,19.104,32.112,33.414,5.868,4.613,24.148,21.198
2025-11-11T11:22:53.833+01:00,-0.023102,0.004473,0.013266,0.058247,0.177372,-0.119023,-12.920364,12.046595,20.709897,-32.174312,5.942886,-24.213920,12.923,10.175,12.049,9.602,20.717,19.187,32.174,33.557,5.942,4.673,24.22,21.29
2025-11-11T11:22:54.595+01:00,-0.029082,0.008778,0.010613,0.097798,0.187897,-0.105818,-12.949436,12.074446,20.738207,-32.198339,5.976688,-24.244189,12.923,10.175,12.049,9.602,20.717,19.187,32.174,33.557,5.942,4.673,24.22,21.29
2025-11-11T11:22:56.124+01:00,-0.029865,0.003023,-0.000710,0.116238,0.198918,-0.096455,-12.974287,12.097857,20.761584,-32.217459,6.006558,-24.270015,12.976,10.221,12.101,9.646,20.769,19.251,32.217,33.663,6.007,4.723,24.275,21.362
2025-11-11T11:22:56.869+01:00,-0.031692,0.003818,-0.001968,0.148190,0.199734,-0.086364,-12.994852,12.116864,20.780460,-32.231173,6.032104,-24.291270,12.976,10.221,12.101,9.646,20.769,19.251,32.217,33.663,6.007,4.723,24.275,21.362
2025-11-11T11:22:58.417+01:00,-0.034554,0.003054,0.001026,0.174952,0.201787,-0.078291,-13.013019,12.133300,20.796925,-32.241489,6.055216,-24.309848,13.016,10.255,12.136,9.68,20.804,19.3,32.241,33.75,6.055,4.761,24.315,21.419
2025-11-11T11:22:59.163+01:00,-0.021043,-0.002756,0.003421,0.150562,0.189030,-0.067833,-13.028500,12.147628,20.811562,-32.250630,6.075881,-24.326174,13.016,10.255,12.136,9.68,20.804,19.3,32.241,33.75,6.055,4.761,24.315,21.419
2025-11-11T11:23:00.658+01:00,-0.014234,-0.008805,0.001337,0.090249,0.131624,-0.059466,-13.041378,12.159579,20.823833,-32.259565,6.092353,-24.339907,13.043,10.281,12.162,9.703,20.831,19.341,32.259,33.828,6.093,4.791,24.345,21.468
2025-11-11T11:23:01.418+01:00,-0.011388,-0.007044,0.006269,0.047200,0.055499,-0.048973,-13.050168,12.167642,20.832426,-32.266099,6.102431,-24.349314,13.043,10.281,12.162,9.703,20.831,19.341,32.259,33.828,6.093,4.791,24.345,21.468
2025-11-11T11:23:02.923+01:00,-0.002510,-0.012235,0.001015,-0.013440,0.002399,-0.043178,-13.055988,12.173078,20.838226,-32.272162,6.108195,-24.355924,13.058,10.295,12.176,9.718,20.846,19.368,32.272,33.901,6.108,4.804,24.361,21.505
2025-11-11T11:23:03.710+01:00,-0.003408,-0.008388,0.006012,-0.025152,-0.034881,-0.034543,-13.059697,12.176457,20.842140,-32.276535,6.110624,-24.360135,13.058,10.295,12.176,9.718,20.846,19.368,32.272,33.901,6.108,4.804,24.361,21.505
2025-11-11T11:23:05.215+01:00,-0.002726,-0.000111,0.003410,-0.035922,-0.065904,-0.026234,-13.060349,12.176985,20.842875,-32.278295,6.109020,-24.361075,13.063,10.302,12.18,9.723,20.85,19.388,32.278,33.967,6.109,4.804,24.366,21.532
2025-11-11T11:23:06.002+01:00,0.008419,-0.005288,-0.002472,-0.085137,-0.092124,-0.020987,-13.059074,12.176056,20.841965,-32.280345,6.105114,-24.360453,13.063,10.302,12.18,9.723,20.85,19.388,32.278,33.967,6.109,4.804,24.366,21.532
2025-11-11T11:23:07.508+01:00,0.004135,0.000969,-0.001978,-0.120510,-0.148499,-0.015390,-13.056741,12.173993,20.839776,-32.282376,6.098068,-24.358295,13.059,10.303,12.177,9.722,20.847,19.4,32.282,34.029,6.098,4.796,24.363,21.551
2025-11-11T11:23:09.637+01:00,0.008508,-0.000625,-0.005582,-0.179008,-0.188399,-0.009712,-13.054520,12.172253,20.837734,-32.286714,6.089971,-24.356220,13.057,10.304,12.176,9.724,20.845,19.413,32.286,34.084,6.09,4.791,24.361,21.57
2025-11-11T11:23:10.361+01:00,0.008206,0.006100,-0.001866,-0.203606,-0.229519,-0.006370,-13.051534,12.169905,20.835120,-32.291150,6.079787,-24.353209,13.057,10.304,12.176,9.724,20.845,19.413,32.286,34.084,6.09,4.791,24.361,21.57
2025-11-11T11:23:11.867+01:00,0.007965,0.008880,0.002507,-0.210085,-0.253215,-0.003696,-13.047459,12.166536,20.831650,-32.294752,6.067770,-24.349009,13.05,10.301,12.169,9.723,20.839,19.421,32.295,34.151,6.068,4.774,24.354,21.583
2025-11-11T11:23:12.553+01:00,0.011572,0.008504,-0.003194,-0.216668,-0.248572,-0.004356,-13.042664,12.162619,20.827343,-32.298012,6.055351,-24.344285,13.05,10.301,12.169,9.723,20.839,19.421,32.295,34.151,6.068,4.774,24.354,21.583
2025-11-11T11:23:14.060+01:00,0.009258,0.002803,-0.005155,-0.219334,-0.233058,-0.006085,-13.039941,12.160534,20.824878,-32.303260,6.045370,-24.341574,13.042,10.298,12.162,9.72,20.832,19.428,32.303,34.217,6.045,4.756,24.346,21.599
2025-11-11T11:23:14.846+01:00,0.007406,0.004843,-0.005524,-0.164868,-0.191646,-0.003468,-13.035650,12.156823,20.820727,-32.305041,6.035140,-24.337288,13.042,10.298,12.162,9.72,20.832,19.428,32.303,34.217,6.045,4.756,24.346,21.599
2025-11-11T11:23:16.334+01:00,0.008525,-0.000126,-0.015019,-0.131894,-0.146717,-0.004175,-13.030014,12.151680,20.814754,-32.304373,6.025075,-24.331832,13.032,10.293,12.154,9.715,20.822,19.434,32.305,34.275,6.025,4.74,24.337,21.611
2025-11-11T11:23:17.076+01:00,0.001620,0.001299,-0.008015,-0.075315,-0.100374,-0.003340,-13.026042,12.147891,20.810464,-32.303139,6.017901,-24.327828,13.032,10.293,12.154,9.715,20.822,19.434,32.305,34.275,6.025,4.74,24.337,21.611
2025-11-11T11:23:18.583+01:00,-0.003904,0.005039,-0.007812,-0.015652,-0.048899,-0.002672,-13.022468,12.144280,20.806280,-32.300008,6.012572,-24.324076,13.025,10.29,12.147,9.71,20.813,19.439,32.299,34.326,6.012,4.731,24.329,21.625
2025-11-11T11:23:19.348+01:00,-0.001723,-0.001168,-0.015450,0.007078,0.001481,-0.004737,-13.019587,12.141309,20.802468,-32.296838,6.009633,-24.321265,13.025,10.29,12.147,9.71,20.813,19.439,32.299,34.326,6.012,4.731,24.329,21.625
2025-11-11T11:23:20.837+01:00,-0.005379,-0.002335,-0.010960,0.041063,0.045785,-0.005190,-13.019543,12.140971,20.801550,-32.295140,6.010813,-24.321233,13.022,10.291,12.144,9.711,20.809,19.45,32.295,34.37,6.01,4.73,24.327,21.643
2025-11-11T11:23:21.601+01:00,-0.002903,-0.000468,-0.007368,0.051250,0.060228,-0.001552,-13.019880,12.141195,20.801348,-32.293600,6.012991,-24.321678,13.022,10.291,12.144,9.711,20.809,19.45,32.295,34.37,6.01,4.73,24.327,21.643
2025-11-11T11:23:23.096+01:00,-0.000922,-0.001774,-0.008494,0.050200,0.069182,-0.003842,-13.020754,12.142024,20.801725,-32.292706,6.016086,-24.322819,13.024,10.295,12.145,9.711,20.809,19.463,32.292,34.422,6.016,4.734,24.328,21.664
2025-11-11T11:23:23.857+01:00,-0.003338,0.001181,-0.001595,0.065160,0.068546,-0.003073,-13.021866,12.143048,20.802593,-32.291452,6.019341,-24.324088,13.024,10.295,12.145,9.711,20.809,19.463,32.292,34.422,6.016,4.734,24.328,21.664
2025-11-11T11:23:25.389+01:00,-0.005270,0.003544,0.005324,0.083528,0.073237,0.000141,-13.023065,12.144129,20.803834,-32.289599,6.022795,-24.325323,13.026,10.3,12.147,9.715,20.811,19.478,32.289,34.474,6.023,4.739,24.33,21.687
2025-11-11T11:23:26.189+01:00,-0.004216,0.000236,0.004259,0.065422,0.074389,-0.002487,-13.026179,12.147108,20.806993,-32.290255,6.028231,-24.328557,13.026,10.3,12.147,9.715,20.811,19.478,32.289,34.474,6.023,4.739,24.33,21.687
2025-11-11T11:23:27.681+01:00,-0.008573,0.001588,0.010007,0.090338,0.085711,-0.001989,-13.029888,12.150495,20.810835,-32.290460,6.034466,-24.332209,13.033,10.307,12.153,9.723,20.818,19.498,32.29,34.529,6.034,4.749,24.337,21.714
2025-11-11T11:23:28.482+01:00,-0.006858,-0.001329,0.005406,0.102470,0.096169,-0.000192,-13.031619,12.151904,20.812529,-32.288361,6.039140,-24.333957,13.033,10.307,12.153,9.723,20.818,19.498,32.29,34.529,6.034,4.749,24.337,21.714
2025-11-11T11:23:29.974+01:00,-0.005487,-0.008863,0.000325,0.098976,0.117535,-0.002753,-13.034594,12.154447,20.815259,-32.287626,6.045771,-24.337094,13.037,10.314,12.157,9.727,20.822,19.516,32.287,34.579,6.045,4.759,24.342,21.738
2025-11-11T11:23:30.734+01:00,-0.010989,-0.005691,0.005460,0.143581,0.142628,0.001797,-13.037391,12.156595,20.817794,-32.284970,6.052817,-24.339772,13.037,10.314,12.157,9.727,20.822,19.516,32.287,34.579,6.045,4.759,24.342,21.738
2025-11-11T11:23:32.267+01:00,-0.007391,-0.007153,-0.003432,0.173865,0.182303,0.002838,-13.038224,12.156891,20.818056,-32.279473,6.059356,-24.340731,13.041,10.32,12.159,9.73,20.825,19.533,32.28,34.623,6.058,4.769,24.346,21.761
2025-11-11T11:23:33.029+01:00,-0.013713,-0.005722,-0.001346,0.241492,0.235042,0.002270,-13.039154,12.156963,20.818177,-32.271490,6.067438,-24.341633,13.041,10.32,12.159,9.73,20.825,19.533,32.28,34.623,6.058,4.769,24.346,21.761
2025-11-11T11:23:34.561+01:00,-0.013571,-0.004578,-0.002477,0.295593,0.289034,0.007016,-13.039231,12.156195,20.817386,-32.260829,6.076462,-24.341738,13.042,10.325,12.159,9.733,20.825,19.545,32.262,34.654,6.076,4.783,24.346,21.781
2025-11-11T11:23:35.360+01:00,-0.006856,-0.007662,-0.000581,0.254875,0.257427,0.007013,-13.039025,12.155434,20.816779,-32.251602,6.084472,-24.341805,13.042,10.325,12.159,9.733,20.825,19.545,32.262,34.654,6.076,4.783,24.346,21.781
2025-11-11T11:23:36.853+01:00,-0.004085,-0.006130,0.003535,0.215700,0.229542,0.010810,-13.040348,12.156406,20.818086,-32.245363,6.093200,-24.343374,13.043,10.329,12.159,9.735,20.825,19.559,32.246,34.69,6.093,4.797,24.349,21.803
2025-11-11T11:23:37.613+01:00,0.005932,-0.004904,0.005428,0.097760,0.124633,0.012648,-13.041609,12.157899,20.819987,-32.243550,6.098872,-24.345045,13.043,10.329,12.159,9.735,20.825,19.559,32.246,34.69,6.093,4.797,24.349,21.803
2025-11-11T11:23:39.145+01:00,0.004746,-0.006523,0.002942,-0.008392,0.018307,0.010119,-13.043336,12.159776,20.822137,-32.245732,6.101390,-24.346860,13.045,10.332,12.163,9.741,20.829,19.576,32.246,34.74,6.101,4.803,24.351,21.825
2025-11-11T11:23:39.908+01:00,0.005196,-0.001218,0.002354,-0.086714,-0.067955,0.013295,-13.044505,12.161251,20.823713,-32.250057,6.100505,-24.347826,13.045,10.332,12.163,9.741,20.829,19.576,32.246,34.74,6.101,4.803,24.351,21.825
2025-11-11T11:23:41.439+01:00,0.006757,-0.002375,0.000483,-0.157371,-0.136964,0.013236,-13.045405,12.162525,20.824992,-32.256599,6.097106,-24.348399,13.048,10.337,12.165,9.747,20.832,19.592,32.256,34.803,6.097,4.801,24.353,21.846
2025-11-11T11:23:42.199+01:00,0.001406,0.000700,0.001786,-0.191497,-0.189571,0.014589,-13.046040,12.163333,20.825778,-32.263829,6.091410,-24.348267,13.048,10.337,12.165,9.747,20.832,19.592,32.256,34.803,6.097,4.801,24.353,21.846
2025-11-11T11:23:43.731+01:00,0.001125,0.003160,0.001429,-0.213597,-0.222457,0.014271,-13.045720,12.163227,20.825568,-32.270850,6.083680,-24.347087,13.048,10.34,12.166,9.751,20.833,19.605,32.271,34.869,6.084,4.79,24.352,21.865
2025-11-11T11:23:44.491+01:00,-0.003100,-0.000072,-0.002857,-0.207678,-0.206765,0.010017,-13.046854,12.164264,20.826334,-32.278848,6.077684,-24.347246,13.048,10.34,12.166,9.751,20.833,19.605,32.271,34.869,6.084,4.79,24.352,21.865
2025-11-11T11:23:46.024+01:00,-0.005080,0.002543,0.004315,-0.170142,-0.182412,0.012013,-13.048200,12.165484,20.827612,-32.285720,6.072671,-24.347575,13.051,10.345,12.168,9.754,20.835,19.619,32.285,34.935,6.072,4.782,24.352,21.885
2025-11-11T11:23:46.786+01:00,-0.002664,0.002034,-0.001748,-0.145314,-0.147330,0.008211,-13.049046,12.166286,20.828181,-32.291337,6.068411,-24.347675,13.051,10.345,12.168,9.754,20.835,19.619,32.285,34.935,6.072,4.782,24.352,21.885
2025-11-11T11:23:48.275+01:00,-0.000731,-0.002373,-0.005399,-0.124051,-0.108664,0.005169,-13.050499,12.167684,20.829263,-32.296890,6.066108,-24.348629,13.053,10.349,12.171,9.758,20.837,19.634,32.297,34.997,6.066,4.777,24.353,21.905
2025-11-11T11:23:49.035+01:00,-0.000585,0.000702,-0.001719,-0.055841,-0.056731,0.005535,-13.050503,12.167701,20.829114,-32.298752,6.064136,-24.348311,13.053,10.349,12.171,9.758,20.837,19.634,32.297,34.997,6.066,4.777,24.353,21.905
2025-11-11T11:23:50.567+01:00,0.006132,-0.004639,-0.007975,-0.018473,-0.003385,0.000428,-13.049134,12.166548,20.827616,-32.298287,6.062874,-24.347203,13.052,10.351,12.169,9.759,20.835,19.644,32.298,35.047,6.063,4.775,24.352,21.922
2025-11-11T11:23:51.325+01:00,0.002306,-0.005111,-0.006380,-0.008178,0.009092,-0.002258,-13.049431,12.166855,20.827664,-32.298942,6.063492,-24.347655,13.052,10.351,12.169,9.759,20.835,19.644,32.298,35.047,6.063,4.775,24.352,21.922
2025-11-11T11:23:52.860+01:00,-0.002156,-0.002689,-0.006504,0.019657,0.019074,-0.001806,-13.048699,12.165943,20.826423,-32.297432,6.063218,-24.346888,13.051,10.354,12.169,9.762,20.834,19.656,32.297,35.095,6.063,4.776,24.352,21.94
2025-11-11T11:23:53.633+01:00,-0.000324,-0.003551,-0.005203,-0.002674,-0.004341,-0.004045,-13.047839,12.164983,20.825219,-32.296656,6.062131,-24.346070,13.051,10.354,12.169,9.762,20.834,19.656,32.297,35.095,6.063,4.776,24.352,21.94
2025-11-11T11:23:55.154+01:00,-0.001660,0.002359,-0.001563,-0.008739,-0.023073,-0.004636,-13.047091,12.164205,20.824256,-32.296170,6.060490,-24.345271,13.049,10.356,12.167,9.76,20.832,19.666,32.297,35.143,6.06,4.774,24.35,21.958
2025-11-11T11:23:55.894+01:00,0.003872,-0.000713,-0.005250,-0.034591,-0.030258,-0.007709,-13.046518,12.163818,20.823564,-32.296977,6.059022,-24.344951,13.049,10.356,12.167,9.76,20.832,19.666,32.297,35.143,6.06,4.774,24.35,21.958
2025-11-11T11:23:57.384+01:00,0.000498,-0.001970,-0.005600,-0.022473,-0.013607,-0.011367,-13.047415,12.164694,20.824139,-32.298650,6.059397,-24.346044,13.05,10.358,12.168,9.76,20.831,19.678,32.298,35.193,6.059,4.773,24.351,21.974
2025-11-11T11:23:58.149+01:00,0.001798,0.001024,-0.001880,0.007022,0.000915,-0.010494,-13.046909,12.164304,20.823593,-32.298042,6.058965,-24.345858,13.05,10.358,12.168,9.76,20.831,19.678,32.298,35.193,6.059,4.773,24.351,21.974
2025-11-11T11:23:59.678+01:00,0.004039,0.000819,-0.001504,0.018817,0.021732,-0.009795,-13.046838,12.164465,20.823633,-32.297570,6.059766,-24.346262,13.049,10.36,12.167,9.762,20.831,19.688,32.298,35.239,6.06,4.774,24.352,21.992
2025-11-11T11:24:00.442+01:00,-0.001969,0.002055,0.002797,0.015054,0.013385,-0.010436,-13.048858,12.166447,20.825679,-32.299009,6.062091,-24.348448,13.049,10.36,12.167,9.762,20.831,19.688,32.298,35.239,6.06,4.774,24.352,21.992
2025-11-11T11:24:01.910+01:00,-0.005575,0.001644,0.004837,0.075043,0.057908,-0.008349,-13.049826,12.167173,20.826592,-32.297204,6.064713,-24.349510,13.052,10.365,12.169,9.767,20.834,19.701,32.297,35.286,6.064,4.777,24.354,22.015
2025-11-11T11:24:02.671+01:00,0.000740,0.001315,0.003870,0.073234,0.064727,-0.006679,-13.049847,12.167272,20.826858,-32.294811,6.066937,-24.349930,13.052,10.365,12.169,9.767,20.834,19.701,32.297,35.286,6.064,4.777,24.354,22.015
2025-11-11T11:24:04.202+01:00,-0.002008,0.002452,0.009696,0.086188,0.080581,-0.005343,-13.052043,12.169450,20.829488,-32.294003,6.071745,-24.352410,13.054,10.369,12.172,9.772,20.837,19.716,32.293,35.33,6.072,4.784,24.356,22.035
2025-11-11T11:24:05.003+01:00,0.000993,0.003362,0.006357,0.141150,0.141865,-0.000275,-13.052916,12.170464,20.830785,-32.290115,6.077443,-24.353785,13.054,10.369,12.172,9.772,20.837,19.716,32.293,35.33,6.072,4.784,24.356,22.035
2025-11-11T11:24:06.551+01:00,0.004795,-0.001311,-0.000115,0.154920,0.176492,0.001180,-13.053456,12.171223,20.831601,-32.285572,6.084104,-24.355060,13.056,10.372,12.174,9.774,20.839,19.73,32.286,35.367,6.084,4.794,24.36,22.056
2025-11-11T11:24:07.329+01:00,0.003836,0.004152,0.007708,0.167336,0.176594,0.006144,-13.054322,12.172409,20.833144,-32.280944,6.091089,-24.356539,13.056,10.372,12.174,9.774,20.839,19.73,32.286,35.367,6.084,4.794,24.36,22.056
2025-11-11T11:24:08.802+01:00,0.009669,-0.001879,0.000967,0.128669,0.155675,0.007515,-13.054052,12.172624,20.833492,-32.276753,6.096481,-24.357068,13.056,10.377,12.176,9.779,20.841,19.743,32.277,35.403,6.097,4.804,24.362,22.075
2025-11-11T11:24:09.561+01:00,0.007735,0.002497,0.009973,0.113535,0.125940,0.008612,-13.054682,12.173776,20.835160,-32.273934,6.101749,-24.358330,13.056,10.377,12.176,9.779,20.841,19.743,32.277,35.403,6.097,4.804,24.362,22.075
2025-11-11T11:24:11.064+01:00,0.007588,0.004598,0.009379,0.077628,0.082352,0.009490,-13.054611,12.174273,20.836083,-32.271644,6.104865,-24.358745,13.057,10.379,12.177,9.782,20.843,19.758,32.271,35.443,6.104,4.811,24.364,22.095
2025-11-11T11:24:11.814+01:00,0.007470,-0.004122,0.006103,0.079102,0.097282,0.007592,-13.054931,12.174964,20.837223,-32.269654,6.108839,-24.359619,13.057,10.379,12.177,9.782,20.843,19.758,32.271,35.443,6.104,4.811,24.364,22.095
2025-11-11T11:24:13.385+01:00,0.004576,-0.005898,0.004882,0.084282,0.106625,0.006074,-13.056201,12.176411,20.839091,-32.268269,6.113916,-24.361345,13.059,10.384,12.179,9.785,20.846,19.771,32.268,35.485,6.113,4.819,24.366,22.116
2025-11-11T11:24:14.114+01:00,0.011461,-0.008718,0.002506,0.055626,0.095900,0.010059,-13.056897,12.177593,20.840644,-32.267606,6.118386,-24.362724,13.059,10.384,12.179,9.785,20.846,19.771,32.268,35.485,6.113,4.819,24.366,22.116
2025-11-11T11:24:15.617+01:00,0.010569,-0.008374,0.004605,0.016900,0.055720,0.010647,-13.058251,12.179414,20.842925,-32.268877,6.122136,-24.364595,13.06,10.387,12.182,9.79,20.85,19.786,32.269,35.531,6.122,4.825,24.37,22.136
2025-11-11T11:24:16.359+01:00,0.005855,-0.004100,0.005084,-0.031080,-0.017024,0.009918,-13.058633,12.180121,20.843999,-32.270614,6.122307,-24.365086,13.06,10.387,12.182,9.79,20.85,19.786,32.269,35.531,6.122,4.825,24.37,22.136
2025-11-11T11:24:17.809+01:00,0.004684,-0.004680,0.004067,-0.070864,-0.060819,0.007934,-13.058973,12.180717,20.844906,-32.273610,6.120913,-24.365391,13.061,10.39,12.184,9.794,20.852,19.798,32.274,35.575,6.121,4.824,24.371,22.154
2025-11-11T11:24:19.348+01:00,-0.000253,-0.002344,0.000654,-0.058091,-0.046055,0.008947,-13.060208,12.181988,20.846245,-32.276803,6.120626,-24.366337,13.061,10.39,12.184,9.794,20.852,19.798,32.274,35.575,6.121,4.824,24.371,22.154
2025-11-11T11:24:20.858+01:00,-0.001602,0.003325,0.001923,-0.058273,-0.061844,0.012358,-13.060375,12.182247,20.846509,-32.278916,6.118694,-24.366041,13.063,10.395,12.185,9.798,20.854,19.814,32.278,35.645,6.118,4.823,24.371,22.176
2025-11-11T11:24:21.617+01:00,-0.005282,0.000060,0.001538,-0.088618,-0.084875,0.011286,-13.062335,12.184040,20.848335,-32.283649,6.117553,-24.367283,13.063,10.395,12.185,9.798,20.854,19.814,32.278,35.645,6.118,4.823,24.371,22.176
2025-11-11T11:24:23.066+01:00,-0.010825,0.001448,0.001231,-0.090495,-0.067900,0.011629,-13.068104,12.189385,20.853652,-32.291913,6.120445,-24.372048,13.07,10.403,12.193,9.806,20.861,19.83,32.291,35.696,6.119,4.825,24.377,22.201
2025-11-11T11:24:23.855+01:00,-0.007260,0.001158,-0.001615,-0.107796,-0.088520,0.011903,-13.071985,12.193006,20.857101,-32.299062,6.120923,-24.375033,13.07,10.403,12.193,9.806,20.861,19.83,32.291,35.696,6.119,4.825,24.377,22.201
2025-11-11T11:24:25.359+01:00,-0.012408,0.002327,-0.001292,-0.112437,-0.101016,0.008123,-13.076771,12.197282,20.861181,-32.307007,6.121635,-24.378698,13.079,10.412,12.2,9.813,20.868,19.848,32.307,35.759,6.121,4.826,24.384,22.223
2025-11-11T11:24:26.147+01:00,-0.009927,0.005861,0.000366,-0.097749,-0.104413,0.007898,-13.079328,12.199526,20.863250,-32.312398,6.120172,-24.380273,13.079,10.412,12.2,9.813,20.868,19.848,32.307,35.759,6.121,4.826,24.384,22.223
2025-11-11T11:24:27.653+01:00,-0.003941,0.004689,-0.004907,-0.085999,-0.099330,0.006318,-13.078414,12.198555,20.861869,-32.314240,6.115719,-24.378732,13.081,10.416,12.201,9.817,20.869,19.86,32.314,35.81,6.115,4.821,24.384,22.24
2025-11-11T11:24:28.440+01:00,-0.005753,0.010351,-0.001326,-0.067400,-0.099064,0.005055,-13.076973,12.197087,20.860056,-32.314880,6.110699,-24.376617,13.081,10.416,12.201,9.817,20.869,19.86,32.314,35.81,6.115,4.821,24.384,22.24
2025-11-11T11:24:29.946+01:00,-0.003202,0.010881,0.002939,-0.048720,-0.095051,0.005444,-13.073872,12.194110,20.856963,-32.313408,6.104331,-24.373007,13.076,10.415,12.197,9.814,20.864,19.865,32.313,35.852,6.104,4.813,24.378,22.252
2025-11-11T11:24:30.733+01:00,0.001438,0.007305,-0.000248,-0.065176,-0.091841,0.000355,-13.071494,12.192016,20.854674,-32.313409,6.098986,-24.370446,13.076,10.415,12.197,9.814,20.864,19.865,32.313,35.852,6.104,4.813,24.378,22.252
2025-11-11T11:24:32.239+01:00,-0.000250,0.004444,0.005001,-0.065341,-0.097073,-0.002316,-13.069992,12.190666,20.853469,-32.314228,6.094286,-24.368736,13.072,10.414,12.194,9.814,20.861,19.874,32.314,35.896,6.094,4.806,24.375,22.265
2025-11-11T11:24:33.025+01:00,-0.004200,0.004955,0.004001,-0.068072,-0.110458,-0.003253,-13.068224,12.188848,20.851719,-32.314682,6.088685,-24.366543,13.072,10.414,12.194,9.814,20.861,19.874,32.314,35.896,6.094,4.806,24.375,22.265
2025-11-11T11:24:34.518+01:00,0.001840,-0.000036,-0.000799,-0.104258,-0.119767,-0.006602,-13.067232,12.188004,20.850809,-32.317382,6.083792,-24.365440,13.07,10.415,12.191,9.813,20.858,19.881,32.317,35.942,6.084,4.798,24.371,22.279
2025-11-11T11:24:35.257+01:00,0.001472,-0.000029,0.001961,-0.122806,-0.149613,-0.009282,-13.065854,12.186766,20.849648,-32.320337,6.077539,-24.363928,13.07,10.415,12.191,9.813,20.858,19.881,32.317,35.942,6.084,4.798,24.371,22.279
2025-11-11T11:24:36.763+01:00,0.003778,0.001377,0.000169,-0.129645,-0.166891,-0.011425,-13.062570,12.183763,20.846602,-32.321760,6.068942,-24.360636,13.064,10.413,12.186,9.812,20.854,19.888,32.321,35.99,6.068,4.787,24.366,22.289
2025-11-11T11:24:37.545+01:00,0.005622,-0.002898,-0.005065,-0.122116,-0.138713,-0.015740,-13.060153,12.181615,20.844236,-32.323833,6.062195,-24.358451,13.064,10.413,12.186,9.812,20.854,19.888,32.321,35.99,6.068,4.787,24.366,22.289
2025-11-11T11:24:39.052+01:00,-0.000702,0.000281,-0.005452,-0.068893,-0.096570,-0.016592,-13.057989,12.179444,20.841755,-32.324041,6.056806,-24.356341,13.06,10.412,12.183,9.809,20.849,19.894,32.324,36.034,6.056,4.778,24.362,22.3
2025-11-11T11:24:39.839+01:00,-0.000562,-0.008975,-0.009562,-0.022314,-0.027456,-0.021074,-13.056980,12.178208,20.840207,-32.323781,6.054819,-24.355663,13.06,10.412,12.183,9.809,20.849,19.894,32.324,36.034,6.056,4.778,24.362,22.3
2025-11-11T11:24:41.394+01:00,0.003551,-0.009780,-0.010249,0.030749,0.043635,-0.023459,-13.056729,12.177915,20.839615,-32.322653,6.056145,-24.356192,13.06,10.413,12.18,9.809,20.847,19.902,32.322,36.075,6.056,4.777,24.361,22.319
2025-11-11T11:24:42.136+01:00,-0.001160,-0.007824,-0.010800,0.121799,0.120308,-0.022767,-13.055412,12.176324,20.837663,-32.317138,6.058771,-24.355643,13.06,10.413,12.18,9.809,20.847,19.902,32.322,36.075,6.056,4.777,24.361,22.319
2025-11-11T11:24:43.687+01:00,0.004272,-0.011459,-0.012640,0.142039,0.159247,-0.023414,-13.054177,12.175011,20.835991,-32.311248,6.063037,-24.355566,13.057,10.413,12.178,9.81,20.843,19.91,32.31,36.104,6.063,4.782,24.36,22.334
2025-11-11T11:24:44.429+01:00,-0.000582,-0.007767,-0.010112,0.225231,0.223197,-0.020131,-13.051912,12.172482,20.833160,-32.301288,6.068221,-24.354363,13.057,10.413,12.178,9.81,20.843,19.91,32.31,36.104,6.063,4.782,24.36,22.334
2025-11-11T11:24:45.930+01:00,-0.003066,-0.008814,-0.010689,0.294385,0.294158,-0.017505,-13.049692,12.169831,20.830208,-32.288901,6.075678,-24.353228,13.052,10.412,12.173,9.808,20.837,19.914,32.288,36.12,6.076,4.794,24.358,22.346
2025-11-11T11:24:46.660+01:00,0.004147,-0.011051,-0.001951,0.311708,0.335126,-0.010004,-13.049278,12.169352,20.829968,-32.278103,6.086643,-24.354235,13.052,10.412,12.173,9.808,20.837,19.914,32.288,36.12,6.076,4.794,24.358,22.346
2025-11-11T11:24:48.153+01:00,0.001918,-0.006241,0.006239,0.307166,0.315301,-0.004003,-13.049191,12.169223,20.830397,-32.267738,6.097201,-24.355310,13.052,10.413,12.172,9.808,20.837,19.924,32.267,36.136,6.097,4.811,24.36,22.364
2025-11-11T11:24:49.693+01:00,0.002934,-0.004993,0.007591,0.286333,0.287641,0.001998,-13.048050,12.168132,20.829907,-32.257108,6.105849,-24.355194,13.052,10.413,12.172,9.808,20.837,19.924,32.267,36.136,6.097,4.811,24.36,22.364
2025-11-11T11:24:51.140+01:00,0.000947,-0.003994,0.007473,0.210667,0.224913,0.006798,-13.049125,12.169201,20.831520,-32.251111,6.114487,-24.356888,13.05,10.417,12.171,9.81,20.839,19.938,32.25,36.168,6.114,4.824,24.361,22.386
2025-11-11T11:24:51.865+01:00,0.005958,0.002005,0.004578,0.144933,0.156330,0.012038,-13.048406,12.168877,20.831448,-32.245811,6.119304,-24.356735,13.05,10.417,12.171,9.81,20.839,19.938,32.25,36.168,6.114,4.824,24.361,22.386
2025-11-11T11:24:53.393+01:00,0.009966,0.003004,0.002263,0.047747,0.071264,0.012231,-13.048256,12.169370,20.832029,-32.244554,6.122021,-24.357084,13.051,10.418,12.172,9.812,20.839,19.948,32.245,36.2,6.122,4.83,24.362,22.402
2025-11-11T11:24:54.115+01:00,0.007973,0.002403,0.007010,-0.018203,-0.008589,0.014985,-13.048010,12.169690,20.832675,-32.245365,6.121940,-24.356981,13.051,10.418,12.172,9.812,20.839,19.948,32.245,36.2,6.122,4.83,24.362,22.402
2025-11-11T11:24:55.616+01:00,0.004978,0.004522,0.010808,-0.059162,-0.068471,0.015988,-13.047351,12.169511,20.832954,-32.247051,6.119341,-24.356148,13.049,10.419,12.172,9.814,20.84,19.959,32.246,36.241,6.119,4.829,24.361,22.417
2025-11-11T11:24:56.397+01:00,0.007983,0.003618,0.004646,-0.114330,-0.120377,0.016790,-13.045215,12.167990,20.831576,-32.249291,6.113649,-24.353810,13.049,10.419,12.172,9.814,20.84,19.959,32.246,36.241,6.119,4.829,24.361,22.417
2025-11-11T11:24:57.893+01:00,0.006386,0.002894,0.002317,-0.149264,-0.146101,0.017432,-13.044231,12.167527,20.831130,-32.253769,6.108124,-24.352432,13.046,10.419,12.17,9.813,20.838,19.967,32.254,36.287,6.107,4.821,24.357,22.429
2025-11-11T11:24:58.650+01:00,-0.002691,0.006315,0.001854,-0.122011,-0.139281,0.017946,-13.043162,12.166572,20.830070,-32.256825,6.102291,-24.350519,13.046,10.419,12.17,9.813,20.838,19.967,32.254,36.287,6.107,4.821,24.357,22.429
2025-11-11T11:25:00.967+01:00,-0.000753,-0.000148,-0.005117,-0.154009,-0.148225,0.016957,-13.042698,12.166169,20.829325,-32.261594,6.096801,-24.349264,13.045,10.419,12.169,9.815,20.837,19.976,32.262,36.329,6.097,4.811,24.355,22.446
2025-11-11T11:25:01.729+01:00,-0.000602,0.003882,-0.002694,-0.144207,-0.153980,0.014965,-13.041204,12.164832,20.827687,-32.265043,6.090145,-24.347025,13.045,10.419,12.169,9.815,20.837,19.976,32.262,36.329,6.097,4.811,24.355,22.446
2025-11-11T11:25:03.235+01:00,0.002118,0.004506,0.000445,-0.142966,-0.153384,0.011972,-13.039814,12.163763,20.826484,-32.268703,6.083773,-24.345101,13.042,10.42,12.167,9.814,20.834,19.984,32.269,36.393,6.084,4.802,24.35,22.458
2025-11-11T11:25:03.995+01:00,-0.003505,0.002204,0.000356,-0.144573,-0.152907,0.009578,-13.040146,12.164073,20.826688,-32.273825,6.078845,-24.344651,13.042,10.42,12.167,9.814,20.834,19.984,32.269,36.393,6.084,4.802,24.35,22.458
2025-11-11T11:25:05.528+01:00,-0.009404,0.004364,0.004285,-0.122258,-0.145926,0.006262,-13.041290,12.164935,20.827599,-32.278725,6.074701,-24.344816,13.043,10.423,12.168,9.819,20.835,19.995,32.278,36.443,6.074,4.795,24.35,22.473
2025-11-11T11:25:06.286+01:00,-0.008923,0.000891,0.003428,-0.120206,-0.123341,0.002410,-13.044669,12.167974,20.830727,-32.285754,6.073518,-24.347348,13.043,10.423,12.168,9.819,20.835,19.995,32.278,36.443,6.074,4.795,24.35,22.473
2025-11-11T11:25:07.822+01:00,-0.008539,-0.005887,-0.002458,-0.115765,-0.101272,-0.002072,-13.048683,12.171493,20.834177,-32.293227,6.073670,-24.350658,13.051,10.432,12.174,9.827,20.841,20.01,32.292,36.497,6.073,4.794,24.356,22.494
2025-11-11T11:25:08.562+01:00,-0.013431,-0.006110,-0.000566,-0.049212,-0.056018,-0.004258,-13.051613,12.173642,20.836370,-32.297155,6.074029,-24.352828,13.051,10.432,12.174,9.827,20.841,20.01,32.292,36.497,6.073,4.794,24.356,22.494
2025-11-11T11:25:10.114+01:00,-0.010745,-0.011488,-0.009653,0.004030,0.016786,-0.008606,-13.053982,12.175201,20.837637,-32.298790,6.076330,-24.354833,13.056,10.439,12.178,9.832,20.845,20.023,32.299,36.543,6.076,4.797,24.36,22.513
2025-11-11T11:25:10.840+01:00,-0.016396,-0.010590,-0.002522,0.059624,0.048828,-0.009485,-13.056290,12.176416,20.838919,-32.298236,6.079411,-24.356633,13.056,10.439,12.178,9.832,20.845,20.023,32.299,36.543,6.076,4.797,24.36,22.513
2025-11-11T11:25:12.360+01:00,-0.010517,-0.008472,-0.006018,0.110699,0.096863,-0.008988,-13.055823,12.175174,20.837547,-32.293473,6.081627,-24.356084,13.058,10.442,12.178,9.835,20.845,20.032,32.294,36.575,6.08,4.802,24.361,22.53
2025-11-11T11:25:13.127+01:00,-0.011013,-0.011978,-0.004814,0.155560,0.144490,-0.011190,-13.055695,12.174149,20.836548,-32.287455,6.085770,-24.356033,13.058,10.442,12.178,9.835,20.845,20.032,32.294,36.575,6.08,4.802,24.361,22.53
2025-11-11T11:25:14.674+01:00,-0.003611,-0.008182,0.001349,0.171648,0.156192,-0.010352,-13.054517,12.172554,20.835256,-32.280250,6.089682,-24.355352,13.056,10.442,12.176,9.835,20.842,20.039,32.28,36.597,6.089,4.808,24.36,22.544
2025-11-11T11:25:15.417+01:00,0.004911,-0.013146,-0.000321,0.160918,0.168354,-0.008282,-13.052991,12.170948,20.834001,-32.273470,6.094036,-24.354737,13.056,10.442,12.176,9.835,20.842,20.039,32.28,36.597,6.089,4.808,24.36,22.544
2025-11-11T11:25:16.993+01:00,0.003929,-0.013117,-0.002857,0.179934,0.188483,-0.008025,-13.051200,12.169014,20.832285,-32.265726,6.098732,-24.353855,13.054,10.442,12.172,9.834,20.839,20.045,32.265,36.617,6.099,4.816,24.358,22.558
2025-11-11T11:25:17.734+01:00,0.009743,-0.017093,-0.000886,0.170148,0.201986,-0.006420,-13.050620,12.168527,20.832228,-32.259798,6.105350,-24.354481,13.054,10.442,12.172,9.834,20.839,20.045,32.265,36.617,6.099,4.816,24.358,22.558
2025-11-11T11:25:19.285+01:00,0.012995,-0.015075,-0.003308,0.158518,0.200989,-0.003736,-13.049965,12.168178,20.832142,-32.254340,6.111994,-24.355126,13.052,10.444,12.171,9.835,20.839,20.054,32.254,36.64,6.112,4.826,24.36,22.573
2025-11-11T11:25:20.044+01:00,0.010396,-0.005460,0.001353,0.150414,0.172591,0.001011,-13.048885,12.167504,20.831759,-32.248664,6.117194,-24.355068,13.052,10.444,12.171,9.835,20.839,20.054,32.254,36.64,6.112,4.826,24.36,22.573
2025-11-11T11:25:22.398+01:00,0.012317,-0.004368,-0.001517,0.091532,0.126273,0.003409,-13.048456,12.167615,20.831970,-32.245706,6.121559,-24.355555,13.052,10.446,12.17,9.836,20.839,20.065,32.246,36.677,6.121,4.834,24.36,22.595
2025-11-11T11:25:23.164+01:00,0.008453,-0.000894,-0.002614,0.018025,0.053818,0.004127,-13.049511,12.169110,20.833390,-32.246500,6.124807,-24.357102,13.052,10.446,12.17,9.836,20.839,20.065,32.246,36.677,6.121,4.834,24.36,22.595
2025-11-11T11:25:25.464+01:00,0.004163,-0.003315,-0.000691,-0.036780,-0.006745,0.001902,-13.051680,12.171461,20.835788,-32.250056,6.126943,-24.359423,13.054,10.451,12.174,9.839,20.843,20.081,32.25,36.733,6.126,4.839,24.364,22.617
2025-11-11T11:25:26.236+01:00,0.004730,-0.004052,-0.003153,-0.057024,-0.017196,0.005521,-13.054163,12.174146,20.838394,-32.254634,6.129050,-24.361969,13.054,10.451,12.174,9.839,20.843,20.081,32.25,36.733,6.126,4.839,24.364,22.617
2025-11-11T11:25:27.802+01:00,-0.001416,-0.001842,-0.001122,-0.056219,-0.025557,0.008417,-13.057518,12.177439,20.841644,-32.259757,6.131456,-24.364995,13.06,10.456,12.18,9.846,20.849,20.095,32.259,36.779,6.131,4.843,24.37,22.636
2025-11-11T11:25:28.562+01:00,-0.001133,0.003727,-0.003498,-0.059375,-0.044046,0.011934,-13.058682,12.178666,20.842572,-32.262857,6.131081,-24.365723,13.06,10.456,12.18,9.846,20.849,20.095,32.259,36.779,6.131,4.843,24.37,22.636
2025-11-11T11:25:30.112+01:00,-0.002306,0.004381,-0.005398,-0.077700,-0.056236,0.010947,-13.060764,12.180762,20.844241,-32.267419,6.131129,-24.367273,13.063,10.462,12.184,9.851,20.851,20.107,32.268,36.823,6.131,4.843,24.373,22.653
2025-11-11T11:25:30.898+01:00,-0.003245,0.008705,-0.001719,-0.063560,-0.067389,0.012758,-13.060919,12.180982,20.844129,-32.269614,6.128874,-24.366810,13.063,10.462,12.184,9.851,20.851,20.107,32.268,36.823,6.131,4.843,24.373,22.653
2025-11-11T11:25:32.390+01:00,0.002604,0.006964,0.000025,-0.058648,-0.067111,0.012806,-13.059145,12.179544,20.842508,-32.270053,6.125015,-24.364735,13.061,10.462,12.183,9.853,20.849,20.114,32.27,36.861,6.125,4.838,24.37,22.665
2025-11-11T11:25:33.147+01:00,-0.003117,0.013371,0.004020,-0.054719,-0.081289,0.012845,-13.057930,12.178518,20.841355,-32.270661,6.120970,-24.362897,13.061,10.462,12.183,9.853,20.849,20.114,32.27,36.861,6.125,4.838,24.37,22.665
2025-11-11T11:25:34.616+01:00,-0.002493,0.013297,0.001816,-0.073975,-0.099231,0.012876,-13.056353,12.177160,20.839746,-32.271584,6.115978,-24.360667,13.059,10.463,12.18,9.852,20.847,20.12,32.272,36.898,6.116,4.832,24.366,22.675
2025-11-11T11:25:35.361+01:00,-0.001995,0.014638,0.008053,-0.101180,-0.126585,0.012901,-13.056191,12.177302,20.839938,-32.274874,6.111538,-24.359804,13.059,10.463,12.18,9.852,20.847,20.12,32.272,36.898,6.116,4.832,24.366,22.675
2025-11-11T11:25:36.910+01:00,-0.000196,0.013110,0.009042,-0.130744,-0.157668,0.010321,-13.055845,12.177331,20.840102,-32.279082,6.105981,-24.358819,13.058,10.463,12.181,9.855,20.847,20.13,32.278,36.942,6.106,4.825,24.364,22.687
2025-11-11T11:25:37.696+01:00,-0.002757,0.011888,0.011234,-0.117795,-0.149734,0.006856,-13.056164,12.177869,20.840925,-32.283391,6.101243,-24.358470,13.058,10.463,12.181,9.855,20.847,20.13,32.278,36.942,6.106,4.825,24.364,22.687
2025-11-11T11:25:39.200+01:00,-0.007405,0.010910,0.012987,-0.108636,-0.140788,0.004085,-13.058161,12.179825,20.843276,-32.288817,6.098249,-24.359639,13.06,10.468,12.182,9.858,20.851,20.141,32.289,36.989,6.098,4.818,24.364,22.701
2025-11-11T11:25:39.947+01:00,-0.007324,0.008728,0.006390,-0.114509,-0.133630,-0.000732,-13.060687,12.182239,20.845788,-32.294916,6.095974,-24.361423,13.06,10.468,12.182,9.858,20.851,20.141,32.289,36.989,6.098,4.818,24.364,22.701
2025-11-11T11:25:41.441+01:00,-0.008459,0.005583,0.009112,-0.108607,-0.122704,-0.003186,-13.064605,12.185923,20.849789,-32.302134,6.095395,-24.364621,13.066,10.476,12.188,9.866,20.857,20.155,32.301,37.033,6.095,4.816,24.371,22.72
2025-11-11T11:25:42.201+01:00,-0.005368,0.005866,0.003289,-0.107886,-0.113963,-0.005148,-13.067730,12.188957,20.852837,-32.308661,6.094434,-24.367224,13.066,10.476,12.188,9.866,20.857,20.155,32.301,37.033,6.095,4.816,24.371,22.72
2025-11-11T11:25:43.691+01:00,0.004906,-0.000507,-0.002569,-0.123109,-0.106971,-0.008119,-13.069462,12.190976,20.854728,-32.314793,6.092785,-24.369016,13.072,10.48,12.194,9.874,20.862,20.169,32.315,37.082,6.093,4.815,24.374,22.737
2025-11-11T11:25:44.410+01:00,0.002525,0.003594,0.004545,-0.106287,-0.105176,-0.007895,-13.071663,12.193454,20.857369,-32.320754,6.091598,-24.371192,13.072,10.48,12.194,9.874,20.862,20.169,32.315,37.082,6.093,4.815,24.374,22.737
2025-11-11T11:25:45.922+01:00,0.000620,0.009475,0.002236,-0.102029,-0.115541,-0.010316,-13.072785,12.194867,20.858692,-32.325420,6.088908,-24.372218,13.075,10.485,12.198,9.88,20.866,20.181,32.325,37.129,6.088,4.811,24.377,22.752
2025-11-11T11:25:47.483+01:00,0.000496,0.003580,0.000389,-0.114424,-0.110833,-0.012253,-13.075389,12.197629,20.861391,-32.331933,6.087811,-24.374756,13.075,10.485,12.198,9.88,20.866,20.181,32.325,37.129,6.088,4.811,24.377,22.752
2025-11-11T11:25:48.976+01:00,0.000397,0.006864,-0.002289,-0.104739,-0.114866,-0.012402,-13.076067,12.198517,20.861999,-32.336215,6.084668,-24.375367,13.078,10.49,12.202,9.884,20.869,20.194,32.336,37.185,6.084,4.809,24.381,22.774
2025-11-11T11:25:49.734+01:00,-0.002283,0.004091,-0.001831,-0.079791,-0.087893,-0.012522,-13.077444,12.199901,20.863186,-32.340207,6.082980,-24.376622,13.078,10.49,12.202,9.884,20.869,20.194,32.336,37.185,6.084,4.809,24.381,22.774
2025-11-11T11:25:51.226+01:00,-0.001826,0.003273,0.001135,-0.046833,-0.063714,-0.012617,-13.077996,12.200468,20.863743,-32.342312,6.081329,-24.377171,13.08,10.494,12.203,9.888,20.871,20.203,32.341,37.226,6.081,4.807,24.383,22.788
2025-11-11T11:25:52.027+01:00,0.002539,0.001219,-0.003092,-0.026866,-0.023372,-0.014094,-13.078838,12.201492,20.864598,-32.344212,6.081478,-24.378354,13.08,10.494,12.203,9.888,20.871,20.203,32.341,37.226,6.081,4.807,24.383,22.788
2025-11-11T11:25:53.534+01:00,0.000631,-0.000425,-0.005074,-0.003093,0.010103,-0.017875,-13.080982,12.203671,20.866543,-32.346481,6.083922,-24.380900,13.084,10.499,12.206,9.892,20.873,20.215,32.346,37.265,6.084,4.809,24.386,22.806
2025-11-11T11:25:54.319+01:00,0.001905,-0.001740,-0.009259,0.035526,0.048682,-0.019500,-13.081730,12.204467,20.866922,-32.346105,6.086320,-24.382262,13.084,10.499,12.206,9.892,20.873,20.215,32.346,37.265,6.084,4.809,24.386,22.806
2025-11-11T11:25:55.825+01:00,0.004124,-0.009192,-0.016607,0.053420,0.083546,-0.019600,-13.081749,12.204460,20.866275,-32.344453,6.089221,-24.383088,13.084,10.501,12.207,9.895,20.873,20.223,32.344,37.296,6.089,4.814,24.388,22.821
2025-11-11T11:25:56.551+01:00,-0.001901,-0.005954,-0.013286,0.124136,0.132437,-0.018280,-13.081104,12.203537,20.864810,-32.339456,6.092864,-24.383094,13.084,10.501,12.207,9.895,20.873,20.223,32.344,37.296,6.089,4.814,24.388,22.821
2025-11-11T11:25:58.057+01:00,0.007679,-0.004763,-0.018429,0.117709,0.150549,-0.012024,-13.079501,12.202172,20.862621,-32.334148,6.096599,-24.382523,13.082,10.501,12.205,9.894,20.87,20.227,32.334,37.317,6.097,4.82,24.387,22.831
2025-11-11T11:25:58.799+01:00,0.002143,-0.002410,-0.010743,0.108567,0.127039,-0.009619,-13.079095,12.201797,20.861746,-32.330082,6.100520,-24.382785,13.082,10.501,12.205,9.894,20.87,20.227,32.334,37.317,6.097,4.82,24.387,22.831
2025-11-11T11:26:00.367+01:00,-0.000885,0.004672,-0.007194,0.085454,0.085832,-0.006295,-13.078453,12.201199,20.860658,-32.326457,6.102711,-24.382488,13.08,10.501,12.204,9.895,20.868,20.234,32.327,37.34,6.103,4.825,24.387,22.844
2025-11-11T11:26:01.091+01:00,0.003292,-0.000263,-0.007155,0.056563,0.073865,-0.007636,-13.078599,12.201512,20.860588,-32.324779,6.105478,-24.383179,13.08,10.501,12.204,9.895,20.868,20.234,32.327,37.34,6.103,4.825,24.387,22.844
2025-11-11T11:26:02.663+01:00,-0.002567,-0.005410,-0.007124,0.071450,0.086692,-0.010109,-13.079718,12.202374,20.861166,-32.323259,6.109349,-24.384635,13.082,10.505,12.205,9.897,20.868,20.242,32.323,37.369,6.109,4.831,24.389,22.859
2025-11-11T11:26:03.407+01:00,0.000547,-0.009528,-0.012299,0.135960,0.153354,-0.009487,-13.078427,12.200863,20.859206,-32.317309,6.113170,-24.384019,13.082,10.505,12.205,9.897,20.868,20.242,32.323,37.369,6.109,4.831,24.389,22.859
2025-11-11T11:26:04.983+01:00,0.001837,-0.009022,-0.015040,0.188768,0.213283,-0.006190,-13.076548,12.198825,20.856576,-32.309030,6.118448,-24.382974,13.079,10.504,12.202,9.897,20.864,20.246,32.309,37.385,6.118,4.838,24.388,22.872
2025-11-11T11:26:05.785+01:00,0.006670,-0.004618,-0.014632,0.153615,0.182426,0.001648,-13.073855,12.196338,20.853406,-32.301383,6.122121,-24.381111,13.079,10.504,12.202,9.897,20.864,20.246,32.309,37.385,6.118,4.838,24.388,22.872
2025-11-11T11:26:07.318+01:00,0.001336,-0.005094,-0.014305,0.155692,0.166941,0.002719,-13.070329,12.192729,20.849116,-32.292600,6.124201,-24.378098,13.073,10.5,12.196,9.894,20.856,20.246,32.292,37.396,6.124,4.843,24.383,22.881
2025-11-11T11:26:08.080+01:00,-0.001531,0.001124,-0.000844,0.108753,0.104753,0.007375,-13.068840,12.191202,20.847457,-32.287351,6.126169,-24.376737,13.073,10.5,12.196,9.894,20.856,20.246,32.292,37.396,6.124,4.843,24.383,22.881
2025-11-11T11:26:09.587+01:00,-0.005225,-0.000500,-0.000675,0.059403,0.049602,0.007300,-13.067828,12.189933,20.846069,-32.284068,6.126588,-24.375508,13.07,10.501,12.192,9.895,20.853,20.251,32.284,37.418,6.125,4.845,24.381,22.89
2025-11-11T11:26:10.311+01:00,-0.001580,0.006200,0.012660,0.099922,0.088282,0.015040,-13.068065,12.190295,20.846908,-32.280892,6.129781,-24.375693,13.07,10.501,12.192,9.895,20.853,20.251,32.284,37.418,6.125,4.845,24.381,22.89
2025-11-11T11:26:11.861+01:00,-0.003864,0.006360,0.020728,0.096938,0.073225,0.017232,-13.068959,12.191230,20.848742,-32.278399,6.133063,-24.376360,13.07,10.503,12.194,9.898,20.856,20.261,32.278,37.442,6.133,4.85,24.381,22.903
2025-11-11T11:26:12.603+01:00,0.000909,0.002488,0.021782,0.112950,0.104580,0.017786,-13.070270,12.192754,20.851347,-32.276006,6.138032,-24.377756,13.07,10.503,12.194,9.898,20.856,20.261,32.278,37.442,6.133,4.85,24.381,22.903
2025-11-11T11:26:14.111+01:00,-0.008473,0.003390,0.021426,0.155960,0.121664,0.016828,-13.070782,12.192992,20.852619,-32.270914,6.142339,-24.377962,13.072,10.506,12.196,9.902,20.86,20.272,32.27,37.464,6.142,4.858,24.383,22.916
2025-11-11T11:26:14.850+01:00,0.003822,0.004112,0.022341,0.195568,0.194531,0.022663,-13.071677,12.194281,20.855048,-32.265456,6.150027,-24.379237,13.072,10.506,12.196,9.902,20.86,20.272,32.27,37.464,6.142,4.858,24.383,22.916
2025-11-11T11:26:16.365+01:00,0.007057,-0.004510,0.017872,0.176054,0.195025,0.019530,-13.072911,12.195882,20.857753,-32.261118,6.158182,-24.381056,13.076,10.511,12.198,9.907,20.865,20.286,32.262,37.482,6.158,4.871,24.386,22.931
2025-11-11T11:26:17.144+01:00,0.008246,-0.002208,0.018298,0.168444,0.177020,0.022224,-13.072683,12.196145,20.859109,-32.255678,6.164368,-24.381384,13.076,10.511,12.198,9.907,20.865,20.286,32.262,37.482,6.158,4.871,24.386,22.931
2025-11-11T11:26:18.658+01:00,0.007997,-0.001767,0.012038,0.134755,0.143016,0.022979,-13.071390,12.195327,20.859033,-32.250293,6.168319,-24.380504,13.074,10.511,12.198,9.908,20.866,20.294,32.25,37.5,6.168,4.881,24.385,22.942
2025-11-11T11:26:19.452+01:00,0.001197,-0.001413,0.014831,0.118404,0.115813,0.022383,-13.071323,12.195404,20.859979,-32.246354,6.172275,-24.380445,13.074,10.511,12.198,9.908,20.866,20.294,32.25,37.5,6.168,4.881,24.385,22.942
2025-11-11T11:26:21.034+01:00,0.002358,0.000269,0.010465,0.089523,0.075650,0.021907,-13.069059,12.193369,20.858542,-32.241277,6.172763,-24.378145,13.071,10.511,12.196,9.91,20.866,20.301,32.242,37.52,6.172,4.884,24.383,22.955
2025-11-11T11:26:21.792+01:00,-0.003314,0.001616,0.010972,0.062418,0.032920,0.020125,-13.066952,12.191226,20.856977,-32.236998,6.171730,-24.375630,13.071,10.511,12.196,9.91,20.866,20.301,32.242,37.52,6.172,4.884,24.383,22.955
2025-11-11T11:26:23.328+01:00,-0.001251,0.005292,0.008777,0.085335,0.040736,0.021300,-13.062126,12.186533,20.852682,-32.229361,6.168376,-24.370512,13.064,10.507,12.189,9.903,20.86,20.303,32.229,37.536,6.168,4.881,24.375,22.959
2025-11-11T11:26:24.086+01:00,0.001599,-0.002366,0.004422,0.011868,-0.012011,0.017040,-13.058290,12.182816,20.849289,-32.225283,6.164351,-24.366432,13.064,10.507,12.189,9.903,20.86,20.303,32.229,37.536,6.168,4.881,24.375,22.959
2025-11-11T11:26:25.621+01:00,-0.003921,-0.001893,0.002137,0.014694,-0.018809,0.016232,-13.054357,12.178712,20.845362,-32.220731,6.159729,-24.361969,13.057,10.502,12.181,9.899,20.853,20.303,32.221,37.555,6.159,4.874,24.367,22.964
2025-11-11T11:26:26.379+01:00,0.000864,-0.002914,-0.007490,0.002555,-0.020247,0.016986,-13.048382,12.172760,20.839100,-32.214749,6.153207,-24.355651,13.057,10.502,12.181,9.899,20.853,20.303,32.221,37.555,6.159,4.874,24.367,22.964
2025-11-11T11:26:27.913+01:00,-0.003309,-0.003731,-0.008592,0.006044,-0.016198,0.014989,-13.043389,12.167549,20.833524,-32.209401,6.147582,-24.350145,13.046,10.495,12.17,9.892,20.841,20.298,32.209,37.571,6.148,4.865,24.355,22.964
2025-11-11T11:26:28.655+01:00,-0.001247,0.001015,-0.005474,0.012635,-0.008958,0.018591,-13.038582,12.162744,20.828418,-32.204127,6.142493,-24.344871,13.046,10.495,12.17,9.892,20.841,20.298,32.209,37.571,6.148,4.865,24.355,22.964
2025-11-11T11:26:30.207+01:00,0.000402,0.004812,-0.005779,0.006108,-0.013766,0.018873,-13.033790,12.158124,20.823398,-32.199171,6.137337,-24.339667,13.036,10.49,12.161,9.887,20.83,20.295,32.199,37.588,6.136,4.857,24.345,22.966
2025-11-11T11:26:30.965+01:00,-0.003678,0.006450,-0.000623,-0.046313,-0.063413,0.016498,-13.032049,12.156407,20.821490,-32.198828,6.133354,-24.337200,13.036,10.49,12.161,9.887,20.83,20.295,32.199,37.588,6.136,4.857,24.345,22.966
2025-11-11T11:26:32.501+01:00,-0.004343,0.006560,0.003502,-0.089451,-0.107131,0.015799,-13.031569,12.155942,20.821036,-32.201194,6.129134,-24.335853,13.034,10.49,12.159,9.888,20.828,20.301,32.201,37.62,6.129,4.85,24.341,22.974
2025-11-11T11:26:33.258+01:00,-0.004874,0.003848,0.004201,-0.147761,-0.147304,0.010039,-13.034179,12.158493,20.823682,-32.208580,6.126557,-24.337539,13.034,10.49,12.159,9.888,20.828,20.301,32.201,37.62,6.129,4.85,24.341,22.974
2025-11-11T11:26:34.766+01:00,-0.006499,0.007078,0.005961,-0.186408,-0.187444,0.005431,-13.038379,12.162629,20.827925,-32.218800,6.124151,-24.340704,13.041,10.497,12.165,9.895,20.835,20.314,32.218,37.669,6.124,4.847,24.346,22.989
2025-11-11T11:26:35.511+01:00,-0.001199,0.001663,0.002169,-0.244927,-0.232555,-0.000855,-13.042449,12.166787,20.832111,-32.231092,6.120359,-24.343990,13.041,10.497,12.165,9.895,20.835,20.314,32.218,37.669,6.124,4.847,24.346,22.989
2025-11-11T11:26:37.000+01:00,0.004240,-0.005270,-0.007465,-0.291741,-0.264844,-0.005884,-13.044994,12.169525,20.834519,-32.243672,6.114195,-24.346014,13.048,10.504,12.172,9.901,20.842,20.329,32.244,37.726,6.114,4.839,24.351,23.005
2025-11-11T11:26:37.763+01:00,0.001992,-0.005616,-0.004572,-0.296393,-0.272275,-0.009907,-13.048658,12.173265,20.838084,-32.257410,6.108813,-24.349115,13.048,10.504,12.172,9.901,20.842,20.329,32.244,37.726,6.114,4.839,24.351,23.005
2025-11-11T11:26:39.258+01:00,0.004194,-0.000493,-0.005058,-0.292314,-0.286020,-0.011926,-13.050024,12.174925,20.839439,-32.268866,6.100834,-24.350058,13.052,10.51,12.178,9.906,20.846,20.34,32.268,37.785,6.1,4.829,24.354,23.02
2025-11-11T11:26:40.019+01:00,0.004755,-0.001794,-0.001446,-0.258852,-0.245816,-0.017341,-13.052891,12.178093,20.842544,-32.280712,6.095734,-24.352768,13.052,10.51,12.178,9.906,20.846,20.34,32.268,37.785,6.1,4.829,24.354,23.02
2025-11-11T11:26:41.548+01:00,0.002404,-0.000035,-0.001157,-0.218881,-0.204453,-0.021673,-13.056852,12.182262,20.846639,-32.292166,6.092994,-24.356660,13.06,10.516,12.186,9.915,20.854,20.355,32.292,37.842,6.093,4.823,24.362,23.038
2025-11-11T11:26:42.309+01:00,0.007123,-0.000028,-0.007525,-0.186905,-0.162162,-0.021338,-13.059290,12.185130,20.849116,-32.301239,6.090345,-24.359374,13.06,10.516,12.186,9.915,20.854,20.355,32.292,37.842,6.093,4.823,24.362,23.038
2025-11-11T11:26:43.817+01:00,0.007099,-0.001423,-0.010020,-0.161324,-0.128330,-0.024870,-13.062221,12.188447,20.851947,-32.309915,6.089295,-24.362740,13.065,10.523,12.191,9.922,20.859,20.367,32.31,37.892,6.089,4.821,24.369,23.055
2025-11-11T11:26:44.560+01:00,0.001679,0.004062,-0.006616,-0.109459,-0.089464,-0.026496,-13.065963,12.192413,20.855486,-32.317408,6.090104,-24.366810,13.065,10.523,12.191,9.922,20.859,20.367,32.31,37.892,6.089,4.821,24.369,23.055
2025-11-11T11:26:46.109+01:00,-0.000057,0.004650,-0.009293,-0.065167,-0.047971,-0.027797,-13.069176,12.195751,20.858248,-32.322783,6.091673,-24.370407,13.072,10.529,12.198,9.931,20.865,20.38,32.322,37.936,6.091,4.824,24.375,23.073
2025-11-11T11:26:46.896+01:00,-0.009246,0.002320,-0.008834,0.001666,0.010223,-0.030038,-13.073506,12.199656,20.861636,-32.326554,6.095827,-24.374873,13.072,10.529,12.198,9.931,20.865,20.38,32.322,37.936,6.091,4.824,24.375,23.073
2025-11-11T11:26:48.428+01:00,-0.015196,-0.000744,-0.005668,0.072133,0.068579,-0.029230,-13.077879,12.203218,20.864917,-32.327693,6.101703,-24.379255,13.08,10.539,12.206,9.938,20.872,20.394,32.327,37.97,6.101,4.832,24.385,23.094
2025-11-11T11:26:49.189+01:00,-0.004357,-0.000595,-0.004534,0.078706,0.104663,-0.024784,-13.082882,12.207982,20.869489,-32.329728,6.109930,-24.384809,13.08,10.539,12.206,9.938,20.872,20.394,32.327,37.97,6.101,4.832,24.385,23.094
2025-11-11T11:26:50.721+01:00,-0.003486,-0.001876,-0.002227,0.076165,0.106130,-0.023827,-13.088474,12.213361,20.874827,-32.332474,6.118843,-24.390987,13.09,10.549,12.216,9.948,20.882,20.41,32.332,38.004,6.118,4.845,24.396,23.116
2025-11-11T11:26:51.481+01:00,-0.002789,-0.000101,0.000818,0.110732,0.119104,-0.020462,-13.091617,12.216365,20.877923,-32.331675,6.125864,-24.394765,13.09,10.549,12.216,9.948,20.882,20.41,32.332,38.004,6.118,4.845,24.396,23.116
2025-11-11T11:26:52.986+01:00,0.002969,-0.005281,-0.007145,0.122786,0.139883,-0.017769,-13.091923,12.216688,20.878043,-32.327888,6.130994,-24.395993,13.094,10.553,12.219,9.954,20.885,20.42,32.328,38.026,6.131,4.855,24.401,23.131
2025-11-11T11:26:53.729+01:00,-0.001625,-0.004225,0.000884,0.184829,0.184107,-0.012816,-13.092253,12.216836,20.878394,-32.321860,6.137439,-24.397079,13.094,10.553,12.219,9.954,20.885,20.42,32.328,38.026,6.131,4.855,24.401,23.131
2025-11-11T11:26:55.281+01:00,-0.002700,0.000620,0.003307,0.225263,0.210285,-0.007652,-13.091399,12.215849,20.877640,-32.313268,6.143548,-24.396917,13.094,10.555,12.219,9.956,20.885,20.427,32.313,38.037,6.144,4.865,24.402,23.144
2025-11-11T11:26:55.944+01:00,0.003040,-0.002104,-0.001354,0.247210,0.244428,-0.003522,-13.088890,12.213431,20.875287,-32.302560,6.149389,-24.395391,13.094,10.555,12.219,9.956,20.885,20.427,32.313,38.037,6.144,4.865,24.402,23.144
2025-11-11T11:26:57.437+01:00,-0.002768,-0.004283,-0.005084,0.262168,0.263743,-0.001418,-13.087250,12.211520,20.873271,-32.291894,6.156415,-24.394433,13.09,10.554,12.214,9.952,20.88,20.429,32.291,38.036,6.156,4.876,24.4,23.153
2025-11-11T11:26:59.429+01:00,-0.008814,-0.004826,-0.001467,0.292335,0.289794,0.001466,-13.087019,12.210689,20.872526,-32.281312,6.165402,-24.394586,13.089,10.555,12.213,9.953,20.88,20.435,32.281,38.046,6.165,4.882,24.399,23.163
2025-11-11T11:27:00.179+01:00,-0.000451,-0.003861,-0.003773,0.233868,0.226635,0.003773,-13.083791,12.207316,20.869096,-32.270165,6.169719,-24.391948,13.089,10.555,12.213,9.953,20.88,20.435,32.281,38.046,6.165,4.882,24.399,23.163
2025-11-11T11:27:01.724+01:00,0.010239,-0.007089,-0.004419,0.118894,0.127508,0.008218,-13.079576,12.203472,20.865220,-32.262466,6.170252,-24.388483,13.082,10.549,12.206,9.949,20.872,20.434,32.262,38.051,6.17,4.887,24.393,23.168
2025-11-11T11:27:02.472+01:00,0.001591,-0.004271,0.000465,0.092515,0.085007,0.010575,-13.076838,12.200742,20.862617,-32.256716,6.170457,-24.385903,13.082,10.549,12.206,9.949,20.872,20.434,32.262,38.051,6.17,4.887,24.393,23.168
2025-11-11T11:27:03.956+01:00,0.001273,-0.003417,-0.003628,0.081812,0.074605,0.013660,-13.073271,12.197173,20.858929,-32.250465,6.169459,-24.382371,13.076,10.546,12.2,9.946,20.866,20.435,32.25,38.063,6.17,4.887,24.387,23.172
2025-11-11T11:27:04.720+01:00,-0.001582,-0.009334,-0.005502,0.112650,0.114884,0.012328,-13.070611,12.194221,20.855885,-32.243894,6.170543,-24.379727,13.076,10.546,12.2,9.946,20.866,20.435,32.25,38.063,6.17,4.887,24.387,23.172
2025-11-11T11:27:06.292+01:00,-0.002665,-0.003467,-0.000402,0.170120,0.174507,0.017662,-13.069232,12.192630,20.854361,-32.236599,6.174856,-24.378370,13.072,10.545,12.195,9.945,20.861,20.437,32.236,38.074,6.174,4.891,24.383,23.181
2025-11-11T11:27:07.034+01:00,-0.004732,-0.010573,-0.008122,0.213496,0.225006,0.015530,-13.066993,12.189872,20.851417,-32.226836,6.179837,-24.376207,13.072,10.545,12.195,9.945,20.861,20.437,32.236,38.074,6.174,4.891,24.383,23.181
2025-11-11T11:27:08.586+01:00,0.004014,-0.009859,-0.003897,0.211397,0.253605,0.021624,-13.066579,12.189438,20.851031,-32.219375,6.187998,-24.376247,13.068,10.544,12.192,9.944,20.858,20.44,32.219,38.08,6.188,4.902,24.381,23.19
2025-11-11T11:27:09.327+01:00,0.005811,-0.000087,0.003482,0.176917,0.200284,0.026499,-13.065467,12.188650,20.850464,-32.212545,6.193839,-24.375457,13.068,10.544,12.192,9.944,20.858,20.44,32.219,38.08,6.188,4.902,24.381,23.19
2025-11-11T11:27:10.850+01:00,0.008649,0.001330,0.002786,0.100934,0.132627,0.026399,-13.065017,12.188720,20.850673,-32.209084,6.198203,-24.375263,13.068,10.544,12.192,9.944,20.858,20.446,32.209,38.093,6.197,4.911,24.381,23.198
2025-11-11T11:27:11.600+01:00,0.005519,0.006264,0.007429,0.036147,0.037902,0.027719,-13.063363,12.187563,20.849764,-32.206521,6.198137,-24.373447,13.068,10.544,12.192,9.944,20.858,20.446,32.209,38.093,6.197,4.911,24.381,23.198
2025-11-11T11:27:13.142+01:00,0.003015,0.006411,0.011143,-0.007882,-0.026079,0.028776,-13.060873,12.185466,20.848085,-32.204535,6.195024,-24.370491,13.063,10.543,12.188,9.942,20.855,20.45,32.204,38.113,6.195,4.909,24.375,23.204
2025-11-11T11:27:13.912+01:00,0.001012,0.001129,0.010314,-0.048306,-0.064263,0.024420,-13.059151,12.183923,20.847024,-32.204574,6.191291,-24.368171,13.063,10.543,12.188,9.942,20.855,20.45,32.204,38.113,6.195,4.909,24.375,23.204
2025-11-11T11:27:15.436+01:00,-0.001790,0.002303,0.009651,0.003355,-0.038210,0.023536,-13.054779,12.179591,20.843124,-32.200117,6.185693,-24.363182,13.057,10.539,12.182,9.941,20.85,20.451,32.2,38.133,6.185,4.901,24.369,23.208
2025-11-11T11:27:16.185+01:00,-0.006632,-0.002157,-0.004079,0.074884,0.044232,0.018829,-13.049812,12.174242,20.837582,-32.192310,6.181941,-24.357627,13.057,10.539,12.182,9.941,20.85,20.451,32.2,38.133,6.185,4.901,24.369,23.208
2025-11-11T11:27:17.691+01:00,-0.002706,-0.000326,0.004537,0.086107,0.078785,0.022863,-13.048189,12.172517,20.836103,-32.187635,6.182879,-24.355617,13.05,10.537,12.176,9.939,20.843,20.451,32.188,38.144,6.183,4.899,24.36,23.211
2025-11-11T11:27:18.454+01:00,0.007035,-0.000261,0.005030,-0.024314,-0.016972,0.022291,-13.046540,12.171308,20.835164,-32.187157,6.181077,-24.353803,13.05,10.537,12.176,9.939,20.843,20.451,32.188,38.144,6.183,4.899,24.36,23.211
2025-11-11T11:27:19.931+01:00,0.010828,-0.004209,-0.002576,-0.131051,-0.111977,0.017832,-13.044416,12.169731,20.833517,-32.190000,6.175756,-24.351495,13.047,10.534,12.172,9.937,20.841,20.455,32.189,38.172,6.176,4.894,24.356,23.218
2025-11-11T11:27:20.691+01:00,0.006063,-0.001967,0.001939,-0.152041,-0.147382,0.012866,-13.043388,12.169071,20.832964,-32.194480,6.170120,-24.350064,13.047,10.534,12.172,9.937,20.841,20.455,32.189,38.172,6.176,4.894,24.356,23.218
2025-11-11T11:27:22.196+01:00,-0.000350,0.007627,-0.002449,-0.159633,-0.179506,0.014293,-13.040900,12.166808,20.830337,-32.197481,6.161630,-24.346725,13.044,10.533,12.169,9.938,20.837,20.459,32.197,38.206,6.161,4.884,24.352,23.224
2025-11-11T11:27:22.945+01:00,0.003720,0.000901,-0.000559,-0.219506,-0.218404,0.010034,-13.040373,12.166596,20.830005,-32.204630,6.153992,-24.345521,13.044,10.533,12.169,9.938,20.837,20.459,32.197,38.206,6.161,4.884,24.352,23.224
2025-11-11T11:27:24.407+01:00,-0.008824,0.002121,-0.004447,-0.195205,-0.227124,0.002827,-13.038894,12.164771,20.827796,-32.209392,6.144523,-24.342864,13.042,10.533,12.167,9.937,20.835,20.463,32.209,38.243,6.144,4.87,24.348,23.23
2025-11-11T11:27:25.170+01:00,0.003541,-0.000903,-0.006158,-0.236164,-0.231499,0.003662,-13.038132,12.164252,20.826891,-32.216815,6.136195,-24.341491,13.042,10.533,12.167,9.937,20.835,20.463,32.209,38.243,6.144,4.87,24.348,23.23
2025-11-11T11:27:26.684+01:00,0.005433,-0.000723,-0.000926,-0.271531,-0.261399,-0.001070,-13.039166,12.165656,20.828185,-32.227326,6.128775,-24.342027,13.041,10.534,12.168,9.942,20.835,20.469,32.227,38.29,6.128,4.858,24.347,23.239
2025-11-11T11:27:27.463+01:00,-0.004854,0.003422,-0.002141,-0.268425,-0.283919,-0.004856,-13.040210,12.166611,20.828840,-32.237243,6.120135,-24.342076,13.041,10.534,12.168,9.942,20.835,20.469,32.227,38.29,6.128,4.858,24.347,23.239
2025-11-11T11:27:28.939+01:00,-0.005283,0.002738,-0.006913,-0.227940,-0.244135,-0.010485,-13.040483,12.166723,20.828429,-32.244974,6.112024,-24.341551,13.043,10.538,12.169,9.945,20.835,20.475,32.245,38.336,6.111,4.846,24.347,23.249
2025-11-11T11:27:29.700+01:00,-0.008226,0.007390,-0.004130,-0.186352,-0.209708,-0.012388,-13.041559,12.167578,20.828811,-32.251963,6.105726,-24.341820,13.043,10.538,12.169,9.945,20.835,20.475,32.245,38.336,6.111,4.846,24.347,23.249
2025-11-11T11:27:31.232+01:00,-0.007981,0.011112,0.003296,-0.201482,-0.222967,-0.009910,-13.044527,12.170451,20.831520,-32.261380,6.100903,-24.343913,13.047,10.542,12.173,9.949,20.839,20.484,32.262,38.381,6.1,4.837,24.349,23.262
2025-11-11T11:27:31.994+01:00,-0.001185,0.011490,-0.001363,-0.246585,-0.247973,-0.014528,-13.047889,12.174073,20.834730,-32.273008,6.095936,-24.346737,13.047,10.542,12.173,9.949,20.839,20.484,32.262,38.381,6.1,4.837,24.349,23.262
2025-11-11T11:27:33.525+01:00,-0.006148,0.003992,0.001509,-0.237868,-0.258779,-0.024823,-13.050941,12.176959,20.837514,-32.283817,6.090097,-24.349217,13.054,10.549,12.18,9.952,20.845,20.496,32.284,38.432,6.089,4.828,24.354,23.276
2025-11-11T11:27:34.286+01:00,0.004282,0.001793,0.002607,-0.207295,-0.217623,-0.029058,-13.052755,12.179099,20.839712,-32.292895,6.084923,-24.351213,13.054,10.549,12.18,9.952,20.845,20.496,32.284,38.432,6.089,4.828,24.354,23.276
2025-11-11T11:27:35.791+01:00,0.010025,-0.005165,0.006086,-0.205236,-0.193698,-0.033847,-13.056205,12.183040,20.844078,-32.303805,6.082457,-24.355310,13.059,10.554,12.186,9.962,20.851,20.509,32.304,38.482,6.082,4.823,24.36,23.292
2025-11-11T11:27:36.534+01:00,0.008020,-0.000132,0.007469,-0.154989,-0.152359,-0.031077,-13.059306,12.186640,20.848084,-32.312599,6.080941,-24.359042,13.059,10.554,12.186,9.962,20.851,20.509,32.304,38.482,6.082,4.823,24.36,23.292
2025-11-11T11:27:38.067+01:00,0.015616,-0.001506,0.007375,-0.140991,-0.136287,-0.032662,-13.060570,12.188768,20.850679,-32.319493,6.078522,-24.361424,13.063,10.559,12.192,9.968,20.858,20.521,32.319,38.526,6.078,4.82,24.366,23.309
2025-11-11T11:27:38.827+01:00,0.019093,-0.010405,0.009900,-0.136393,-0.113030,-0.037929,-13.063305,12.192380,20.855118,-32.327872,6.078517,-24.365656,13.063,10.559,12.192,9.968,20.858,20.521,32.319,38.526,6.078,4.82,24.366,23.309
2025-11-11T11:27:40.359+01:00,0.016674,-0.004324,0.013120,-0.088114,-0.083824,-0.038144,-13.065242,12.195202,20.858825,-32.333753,6.078620,-24.369094,13.067,10.565,12.198,9.969,20.866,20.535,32.333,38.569,6.078,4.82,24.375,23.325
2025-11-11T11:27:41.119+01:00,0.021139,-0.004859,0.003896,-0.077091,-0.060459,-0.038315,-13.065504,12.196554,20.860609,-32.337801,6.078017,-24.371155,13.067,10.565,12.198,9.969,20.866,20.535,32.333,38.569,6.078,4.82,24.375,23.325
2025-11-11T11:27:42.652+01:00,0.016912,-0.005287,0.004517,-0.068273,-0.046967,-0.041252,-13.067697,12.199615,20.864142,-32.343258,6.079571,-24.375034,13.07,10.568,12.202,9.973,20.871,20.547,32.343,38.606,6.079,4.821,24.38,23.341
2025-11-11T11:27:43.412+01:00,0.013529,-0.005630,-0.000387,-0.061218,-0.045374,-0.037001,-13.068704,12.201301,20.866034,-32.347133,6.079819,-24.377490,13.07,10.568,12.202,9.973,20.871,20.547,32.343,38.606,6.079,4.821,24.38,23.341
2025-11-11T11:27:44.947+01:00,0.003023,-0.005904,-0.008109,-0.055575,-0.029699,-0.037401,-13.072104,12.204803,20.869302,-32.352608,6.082387,-24.381817,13.074,10.573,12.208,9.979,20.877,20.558,32.352,38.642,6.082,4.824,24.387,23.357
2025-11-11T11:27:45.705+01:00,-0.004181,0.001877,-0.005087,-0.032660,-0.018559,-0.029921,-13.076508,12.209112,20.873341,-32.357966,6.085977,-24.386664,13.074,10.573,12.208,9.979,20.877,20.558,32.352,38.642,6.082,4.824,24.387,23.357
2025-11-11T11:27:47.239+01:00,-0.005945,0.004102,-0.009270,-0.044528,-0.021447,-0.025337,-13.081516,12.213971,20.877641,-32.364202,6.089938,-24.391890,13.083,10.582,12.216,9.987,20.885,20.573,32.364,38.681,6.09,4.83,24.397,23.377
2025-11-11T11:27:47.982+01:00,-0.008756,0.001881,-0.004816,-0.068422,-0.049958,-0.024269,-13.087497,12.219624,20.882994,-32.372083,6.093792,-24.397851,13.083,10.582,12.216,9.987,20.885,20.573,32.364,38.681,6.09,4.83,24.397,23.377
2025-11-11T11:27:49.534+01:00,-0.013605,0.004105,0.002747,-0.078338,-0.075366,-0.023416,-13.094602,12.226220,20.889623,-32.381215,6.097718,-24.404621,13.097,10.594,12.229,9.997,20.897,20.591,32.38,38.726,6.097,4.837,24.409,23.399
2025-11-11T11:27:50.336+01:00,-0.009484,-0.000716,0.000798,-0.086270,-0.072093,-0.027932,-13.101641,12.232844,20.896297,-32.390727,6.101868,-24.411620,13.097,10.594,12.229,9.997,20.897,20.591,32.38,38.726,6.097,4.837,24.409,23.399
2025-11-11T11:27:51.842+01:00,-0.011587,0.002027,0.009838,-0.057216,-0.061674,-0.024946,-13.108660,12.239418,20.903347,-32.399183,6.106301,-24.418498,13.111,10.608,12.242,10.005,20.91,20.61,32.398,38.772,6.106,4.844,24.424,23.423
2025-11-11T11:27:52.629+01:00,-0.011870,0.003022,0.010471,-0.006373,-0.024340,-0.021357,-13.113862,12.244164,20.908600,-32.404121,6.110166,-24.423589,13.111,10.608,12.242,10.005,20.91,20.61,32.398,38.772,6.106,4.844,24.424,23.423
2025-11-11T11:27:54.161+01:00,-0.005496,-0.005383,0.000576,0.011902,0.013328,-0.024885,-13.117254,12.247206,20.911837,-32.406900,6.113740,-24.427343,13.12,10.615,12.25,10.013,20.919,20.626,32.407,38.807,6.113,4.85,24.432,23.441
2025-11-11T11:27:54.923+01:00,-0.005797,-0.002906,0.008261,0.056721,0.048663,-0.017308,-13.120513,12.250170,20.915365,-32.408042,6.118391,-24.430921,13.12,10.615,12.25,10.013,20.919,20.626,32.407,38.807,6.113,4.85,24.432,23.441
2025-11-11T11:27:56.458+01:00,-0.002037,0.000275,0.005209,0.071577,0.057330,-0.013847,-13.121333,12.250943,20.916487,-32.406444,6.121094,-24.432208,13.124,10.62,12.254,10.018,20.924,20.635,32.406,38.831,6.12,4.855,24.437,23.455
2025-11-11T11:27:57.219+01:00,-0.003030,-0.004980,-0.003633,0.078262,0.078664,-0.011077,-13.121712,12.251078,20.916607,-32.404047,6.123973,-24.432972,13.124,10.62,12.254,10.018,20.924,20.635,32.406,38.831,6.12,4.855,24.437,23.455
2025-11-11T11:27:58.707+01:00,-0.007624,0.003816,-0.004306,0.113809,0.099731,-0.004862,-13.121432,12.250495,20.915771,-32.399557,6.126693,-24.432778,13.123,10.621,12.253,10.019,20.923,20.641,32.398,38.846,6.127,4.862,24.438,23.465
2025-11-11T11:27:59.448+01:00,-0.006099,-0.000947,-0.012645,0.133047,0.138785,-0.001289,-13.120691,12.249394,20.914071,-32.393940,6.130287,-24.432197,13.123,10.621,12.253,10.019,20.923,20.641,32.398,38.846,6.127,4.862,24.438,23.465
2025-11-11T11:28:00.880+01:00,-0.008879,-0.003358,-0.016716,0.166838,0.183228,0.001568,-13.120520,12.248645,20.912551,-32.387564,6.135747,-24.432086,13.123,10.623,12.251,10.025,20.92,20.643,32.388,38.854,6.136,4.868,24.438,23.472
2025-11-11T11:28:01.612+01:00,-0.014903,0.003914,-0.013373,0.229270,0.229182,0.005255,-13.120573,12.247950,20.911090,-32.379027,6.142669,-24.431947,13.123,10.623,12.251,10.025,20.92,20.643,32.388,38.854,6.136,4.868,24.438,23.472
2025-11-11T11:28:03.122+01:00,-0.013323,0.005731,-0.012098,0.270016,0.265946,0.010804,-13.119466,12.246211,20.908620,-32.368050,6.149740,-24.430724,13.121,10.624,12.248,10.024,20.916,20.645,32.368,38.854,6.149,4.88,24.436,23.481
2025-11-11T11:28:03.887+01:00,-0.002858,0.007185,-0.011079,0.250213,0.271757,0.016443,-13.118662,12.245367,20.907077,-32.358547,6.157783,-24.430206,13.121,10.624,12.248,10.024,20.916,20.645,32.368,38.854,6.149,4.88,24.436,23.481
2025-11-11T11:28:05.478+01:00,-0.006287,0.008348,-0.004863,0.213370,0.233205,0.018354,-13.119958,12.246501,20.907789,-32.352232,6.166469,-24.431465,13.123,10.625,12.249,10.03,20.915,20.65,32.352,38.856,6.166,4.894,24.436,23.491
2025-11-11T11:28:06.220+01:00,-0.003629,0.006678,-0.006490,0.210096,0.220764,0.019884,-13.118867,12.245342,20.906151,-32.343801,6.172502,-24.430411,13.123,10.625,12.249,10.03,20.915,20.65,32.352,38.856,6.166,4.894,24.436,23.491
2025-11-11T11:28:07.773+01:00,0.001097,0.002743,-0.006592,0.178677,0.206811,0.019907,-13.118468,12.245046,20.905457,-32.337338,6.178967,-24.430231,13.121,10.625,12.248,10.028,20.913,20.654,32.337,38.861,6.179,4.904,24.435,23.498
2025-11-11T11:28:08.513+01:00,0.000877,0.004794,0.001326,0.195342,0.198249,0.023725,-13.116422,12.243161,20.903550,-32.328736,6.183570,-24.428337,13.121,10.625,12.248,10.028,20.913,20.654,32.337,38.861,6.179,4.904,24.435,23.498
2025-11-11T11:28:10.063+01:00,0.005902,-0.003965,0.001061,0.177273,0.189999,0.020380,-13.113820,12.240795,20.901352,-32.320439,6.187588,-24.426191,13.116,10.623,12.243,10.03,20.908,20.655,32.321,38.863,6.187,4.911,24.432,23.504
2025-11-11T11:28:10.805+01:00,-0.001879,-0.001772,0.007449,0.225819,0.217599,0.025504,-13.111512,12.238380,20.899387,-32.310448,6.192478,-24.423942,13.116,10.623,12.243,10.03,20.908,20.655,32.321,38.863,6.187,4.911,24.432,23.504
2025-11-11T11:28:12.357+01:00,0.007697,0.006383,0.015159,0.185855,0.191080,0.036203,-13.109923,12.237411,20.899119,-32.303031,6.197691,-24.422602,13.113,10.621,12.24,10.028,20.906,20.659,32.303,38.864,6.197,4.918,24.428,23.509
2025-11-11T11:28:13.101+01:00,0.002158,0.002506,0.018727,0.136884,0.126664,0.032963,-13.108887,12.236646,20.899311,-32.297568,6.201078,-24.421434,13.113,10.621,12.24,10.028,20.906,20.659,32.303,38.864,6.197,4.918,24.428,23.509
2025-11-11T11:28:14.650+01:00,-0.004874,0.004605,0.017582,0.150107,0.120931,0.031570,-13.107399,12.235097,20.898601,-32.290868,6.203497,-24.419474,13.109,10.621,12.238,10.016,20.906,20.664,32.291,38.871,6.203,4.924,24.425,23.516
2025-11-11T11:28:15.410+01:00,0.011901,-0.000316,0.016665,0.099086,0.109945,0.035856,-13.105674,12.234106,20.898559,-32.286455,6.206110,-24.417981,13.109,10.621,12.238,10.016,20.906,20.664,32.291,38.871,6.203,4.924,24.425,23.516
2025-11-11T11:28:16.943+01:00,0.008121,0.001147,0.015932,0.005669,0.018356,0.032685,-13.105922,12.234944,20.900242,-32.286971,6.207434,-24.418053,13.109,10.621,12.238,10.022,20.907,20.671,32.287,38.888,6.207,4.928,24.423,23.523
2025-11-11T11:28:17.702+01:00,0.009097,-0.000482,0.004946,-0.070265,-0.057515,0.027548,-13.104390,12.233996,20.899576,-32.288314,6.204470,-24.416256,13.109,10.621,12.238,10.022,20.907,20.671,32.287,38.888,6.207,4.928,24.423,23.523
2025-11-11T11:28:19.236+01:00,0.008677,-0.000386,-0.002643,-0.182212,-0.164212,0.020638,-13.103267,12.233431,20.898852,-32.293825,6.198272,-24.414647,13.106,10.62,12.236,10.018,20.906,20.675,32.293,38.918,6.197,4.92,24.419,23.529
2025-11-11T11:28:19.958+01:00,0.005542,0.004891,-0.002115,-0.253370,-0.255970,0.017911,-13.101584,12.232274,20.897412,-32.301101,6.188303,-24.412122,13.106,10.62,12.236,10.018,20.906,20.675,32.293,38.918,6.197,4.92,24.419,23.529
2025-11-11T11:28:21.447+01:00,0.003033,0.002513,-0.009492,-0.318296,-0.204776,0.011729,-13.113777,12.244827,20.909328,-32.323985,6.193532,-24.423431,13.117,10.631,12.247,10.022,20.917,20.692,32.323,38.973,6.193,4.917,24.428,23.547
2025-11-11T11:28:22.207+01:00,-0.004173,0.000610,-0.008993,-0.346437,-0.268821,0.007983,-13.123878,12.254864,20.918753,-32.345411,6.194251,-24.432213,13.117,10.631,12.247,10.022,20.917,20.692,32.323,38.973,6.193,4.917,24.428,23.547
2025-11-11T11:28:23.702+01:00,-0.011139,0.003088,-0.007195,-0.341549,-0.309657,0.006386,-13.130919,12.261522,20.924811,-32.363338,6.190291,-24.437548,13.133,10.645,12.264,10.038,20.932,20.712,32.363,39.043,6.19,4.915,24.442,23.57
2025-11-11T11:28:24.462+01:00,-0.007511,0.002471,-0.012356,-0.332239,-0.309325,-0.000091,-13.135286,12.265642,20.928078,-32.378460,6.183864,-24.440526,13.133,10.645,12.264,10.038,20.932,20.712,32.363,39.043,6.19,4.915,24.442,23.57
2025-11-11T11:28:25.908+01:00,-0.006009,-0.003223,-0.012485,-0.315592,-0.298660,-0.006673,-13.138451,12.268500,20.930211,-32.391903,6.176694,-24.442562,13.142,10.653,12.271,10.046,20.937,20.722,32.391,39.101,6.176,4.904,24.448,23.582
2025-11-11T11:28:26.654+01:00,-0.007407,-0.002579,-0.007388,-0.223673,-0.227128,-0.009338,-13.140289,12.269957,20.931222,-32.400897,6.170567,-24.443499,13.142,10.653,12.271,10.046,20.937,20.722,32.391,39.101,6.176,4.904,24.448,23.582
2025-11-11T11:28:28.125+01:00,-0.000726,-0.002063,-0.009910,-0.172339,-0.177703,-0.012671,-13.139634,12.269252,20.929965,-32.406013,6.163946,-24.442500,13.142,10.655,12.271,10.049,20.937,20.728,32.405,39.141,6.164,4.894,24.448,23.591
2025-11-11T11:28:28.846+01:00,0.002020,-0.009450,-0.007928,-0.119471,-0.122562,-0.020736,-13.138626,12.268165,20.928623,-32.409148,6.158956,-24.441638,13.142,10.655,12.271,10.049,20.937,20.728,32.405,39.141,6.164,4.894,24.448,23.591
2025-11-11T11:28:30.392+01:00,0.001616,-0.000960,0.000258,-0.066777,-0.082250,-0.017989,-13.138044,12.267686,20.928157,-32.410957,6.155767,-24.441270,13.14,10.656,12.271,10.051,20.936,20.732,32.411,39.171,6.155,4.888,24.446,23.6
2025-11-11T11:28:31.132+01:00,0.006493,-0.008568,-0.002394,-0.065221,-0.068400,-0.020991,-13.136717,12.266543,20.927072,-32.412210,6.152514,-24.440513,13.14,10.656,12.271,10.051,20.936,20.732,32.411,39.171,6.155,4.888,24.446,23.6
2025-11-11T11:28:32.667+01:00,0.006594,-0.010855,-0.001915,-0.054777,-0.057320,-0.021993,-13.135357,12.265322,20.925989,-32.413093,6.149602,-24.439790,13.137,10.655,12.268,10.051,20.933,20.736,32.413,39.197,6.15,4.884,24.445,23.607
2025-11-11T11:28:33.395+01:00,0.003875,-0.003484,0.002468,-0.033222,-0.053656,-0.021594,-13.133896,12.264029,20.924910,-32.413065,6.146617,-24.438862,13.137,10.655,12.268,10.051,20.933,20.736,32.413,39.197,6.15,4.884,24.445,23.607
2025-11-11T11:28:34.959+01:00,0.005700,-0.001387,0.004574,-0.018777,-0.053525,-0.019876,-13.130608,12.261053,20.922226,-32.410870,6.141941,-24.436197,13.133,10.652,12.264,10.048,20.929,20.737,32.411,39.218,6.142,4.878,24.441,23.613
2025-11-11T11:28:35.701+01:00,0.000560,0.002890,0.008859,-0.004422,-0.052020,-0.019900,-13.128316,12.258913,20.920509,-32.408959,6.138083,-24.434294,13.133,10.652,12.264,10.048,20.929,20.737,32.411,39.218,6.142,4.878,24.441,23.613
2025-11-11T11:28:37.253+01:00,-0.000952,0.004912,0.009688,0.008263,-0.043016,-0.017320,-13.126066,12.256782,20.918803,-32.406594,6.134495,-24.432335,13.128,10.65,12.259,10.051,20.926,20.74,32.406,39.235,6.133,4.872,24.438,23.618
2025-11-11T11:28:37.980+01:00,-0.002162,0.001330,0.006350,0.005210,-0.034413,-0.020456,-13.124899,12.255581,20.917932,-32.405315,6.132175,-24.431469,13.128,10.65,12.259,10.051,20.926,20.74,32.406,39.235,6.133,4.872,24.438,23.618
2025-11-11T11:28:39.546+01:00,-0.003129,0.002464,0.010280,0.013368,-0.032730,-0.020365,-13.124062,12.254695,20.917564,-32.404062,6.130214,-24.430903,13.126,10.65,12.257,10.053,20.925,20.745,32.405,39.255,6.13,4.869,24.436,23.627
2025-11-11T11:28:40.272+01:00,-0.002503,0.000571,0.004224,0.006694,-0.019584,-0.022892,-13.124367,12.254921,20.918036,-32.404144,6.129799,-24.431566,13.126,10.65,12.257,10.053,20.925,20.745,32.405,39.255,6.13,4.869,24.436,23.627
2025-11-11T11:28:41.774+01:00,-0.006003,-0.002143,0.005979,0.018556,-0.006467,-0.019714,-13.125576,12.255818,20.919321,-32.404540,6.130544,-24.432931,13.128,10.653,12.259,10.054,20.927,20.752,32.403,39.274,6.13,4.869,24.438,23.638
2025-11-11T11:28:42.520+01:00,-0.008802,0.000886,0.008783,0.033244,0.002626,-0.015771,-13.127315,12.257166,20.921143,-32.404827,6.131987,-24.434634,13.128,10.653,12.259,10.054,20.927,20.752,32.403,39.274,6.13,4.869,24.438,23.638
2025-11-11T11:28:44.013+01:00,-0.009642,0.005908,0.005627,0.044996,0.009901,-0.012617,-13.128217,12.257727,20.921900,-32.403828,6.132783,-24.435402,13.131,10.656,12.261,10.056,20.929,20.76,32.403,39.295,6.132,4.872,24.44,23.648
2025-11-11T11:28:44.773+01:00,-0.005113,-0.000473,0.000501,0.041196,0.027521,-0.014093,-13.129124,12.258369,20.922619,-32.403124,6.134348,-24.436458,13.131,10.656,12.261,10.056,20.929,20.76,32.403,39.295,6.132,4.872,24.44,23.648
2025-11-11T11:28:46.277+01:00,-0.006691,0.004821,0.001801,0.056557,0.040417,-0.012675,-13.130655,12.259668,20.923950,-32.402436,6.136894,-24.438063,13.133,10.66,12.263,10.057,20.931,20.768,32.403,39.314,6.137,4.875,24.443,23.66
2025-11-11T11:28:47.001+01:00,0.001247,-0.003943,-0.003759,0.058446,0.061133,-0.014140,-13.130634,12.259618,20.923851,-32.400484,6.138954,-24.438600,13.133,10.66,12.263,10.057,20.931,20.768,32.403,39.314,6.137,4.875,24.443,23.66
2025-11-11T11:28:48.526+01:00,0.002398,-0.004554,-0.005607,0.075557,0.084307,-0.013912,-13.130496,12.259488,20.923596,-32.397868,6.141723,-24.439133,13.133,10.661,12.262,10.058,20.931,20.772,32.398,39.329,6.141,4.88,24.444,23.669
2025-11-11T11:28:49.273+01:00,-0.000682,0.002957,-0.004486,0.089245,0.085845,-0.008529,-13.130039,12.259046,20.922910,-32.394315,6.144115,-24.439096,13.133,10.661,12.262,10.058,20.931,20.772,32.398,39.329,6.141,4.88,24.444,23.669
2025-11-11T11:28:50.780+01:00,-0.000545,0.002365,-0.004989,0.108196,0.096276,-0.001624,-13.127766,12.256779,20.920379,-32.388335,6.145072,-24.437153,13.131,10.661,12.259,10.056,20.927,20.775,32.388,39.339,6.144,4.882,24.442,23.675
2025-11-11T11:28:51.541+01:00,-0.001836,-0.000708,-0.003991,0.128557,0.124221,0.001301,-13.126386,12.255275,20.918727,-32.382480,6.147780,-24.436051,13.131,10.661,12.259,10.056,20.927,20.775,32.388,39.339,6.144,4.882,24.442,23.675
2025-11-11T11:28:53.075+01:00,-0.001469,0.003434,-0.001793,0.158046,0.147977,0.011641,-13.124009,12.252891,20.916221,-32.374672,6.150315,-24.433835,13.126,10.658,12.255,10.054,20.924,20.776,32.374,39.343,6.15,4.887,24.439,23.684
2025-11-11T11:28:53.835+01:00,-0.005175,0.001347,-0.006634,0.147436,0.153781,0.011913,-13.123469,12.252092,20.915064,-32.368807,6.154625,-24.433230,13.126,10.658,12.255,10.054,20.924,20.776,32.374,39.343,6.15,4.887,24.439,23.684
2025-11-11T11:28:55.367+01:00,-0.009340,-0.000322,-0.005307,0.158549,0.167625,0.013530,-13.124292,12.252405,20.915112,-32.363703,6.160535,-24.433774,13.127,10.66,12.255,10.051,20.922,20.78,32.364,39.349,6.16,4.895,24.439,23.691
2025-11-11T11:28:56.128+01:00,-0.004872,0.001142,-0.001646,0.150439,0.149900,0.020024,-13.123173,12.251054,20.913659,-32.357204,6.164167,-24.432436,13.127,10.66,12.255,10.051,20.922,20.78,32.364,39.349,6.16,4.895,24.439,23.691
2025-11-11T11:28:57.605+01:00,0.005302,-0.001686,-0.005317,0.108551,0.130520,0.022619,-13.121151,12.249269,20.911654,-32.351705,6.166714,-24.430576,13.123,10.658,12.252,10.049,20.919,20.782,32.351,39.354,6.166,4.901,24.436,23.696
2025-11-11T11:28:58.366+01:00,0.005642,-0.003949,0.000947,0.058041,0.080816,0.020695,-13.120596,12.248957,20.911490,-32.349409,6.169117,-24.430112,13.123,10.658,12.252,10.049,20.919,20.782,32.351,39.354,6.166,4.901,24.436,23.696
2025-11-11T11:28:59.872+01:00,0.012313,-0.001759,0.003357,0.046433,0.033253,0.021756,-13.114547,12.243551,20.906329,-32.342471,6.164876,-24.424401,13.117,10.654,12.247,10.044,20.913,20.782,32.342,39.362,6.164,4.899,24.43,23.698
2025-11-11T11:29:00.596+01:00,0.013851,-0.005407,0.005286,-0.002254,0.000402,0.016005,-13.110762,12.240438,20.903646,-32.339493,6.161879,-24.421052,13.117,10.654,12.247,10.044,20.913,20.782,32.342,39.362,6.164,4.899,24.43,23.698
2025-11-11T11:29:02.147+01:00,0.011081,-0.006926,0.005629,-0.041203,-0.025878,0.012804,-13.109648,12.239834,20.903509,-32.340332,6.160509,-24.420203,13.112,10.651,12.242,10.04,20.911,20.784,32.34,39.377,6.16,4.896,24.426,23.702
2025-11-11T11:29:02.889+01:00,0.012864,-0.009541,-0.003297,-0.055362,-0.033903,0.010243,-13.107011,12.237722,20.901448,-32.340210,6.157408,-24.417936,13.112,10.651,12.242,10.04,20.911,20.784,32.34,39.377,6.16,4.896,24.426,23.702
2025-11-11T11:29:04.440+01:00,0.014292,-0.009033,-0.004038,-0.060090,-0.029722,0.006795,-13.105235,12.236557,20.900293,-32.341169,6.155368,-24.416677,13.108,10.649,12.239,10.037,20.908,20.786,32.341,39.398,6.154,4.892,24.421,23.705
2025-11-11T11:29:05.182+01:00,0.010033,-0.003226,-0.003230,-0.067672,-0.044778,0.009436,-13.104101,12.235954,20.899596,-32.342844,6.153260,-24.415749,13.108,10.649,12.239,10.037,20.908,20.786,32.341,39.398,6.154,4.892,24.421,23.705
2025-11-11T11:29:06.734+01:00,0.006627,-0.003981,-0.006584,-0.080338,-0.058222,0.006149,-13.103343,12.235523,20.898894,-32.345148,6.150890,-24.415042,13.106,10.649,12.238,10.035,20.906,20.789,32.345,39.422,6.151,4.89,24.42,23.712
2025-11-11T11:29:07.475+01:00,-0.001299,-0.003185,-0.000067,-0.077470,-0.075378,0.003519,-13.103817,12.235945,20.899353,-32.348250,6.148811,-24.415197,13.106,10.649,12.238,10.035,20.906,20.789,32.345,39.422,6.151,4.89,24.42,23.712
2025-11-11T11:29:09.026+01:00,-0.007639,0.000052,0.006546,-0.073776,-0.083902,0.004215,-13.106011,12.237849,20.901557,-32.352658,6.147871,-24.416726,13.109,10.653,12.24,10.045,20.909,20.797,32.352,39.45,6.148,4.887,24.421,23.721
2025-11-11T11:29:09.785+01:00,-0.006111,-0.001358,0.001237,-0.093221,-0.094722,-0.001828,-13.108198,12.239769,20.903533,-32.357754,6.146584,-24.418390,13.109,10.653,12.24,10.045,20.909,20.797,32.352,39.45,6.148,4.887,24.421,23.721
2025-11-11T11:29:11.320+01:00,-0.010089,-0.002487,0.003590,-0.074577,-0.084977,-0.004062,-13.110829,12.241898,20.905865,-32.362471,6.145887,-24.420382,13.113,10.656,12.245,10.05,20.913,20.806,32.362,39.481,6.146,4.886,24.426,23.732
2025-11-11T11:29:12.079+01:00,-0.009471,-0.000589,0.001472,-0.075461,-0.082382,-0.005850,-13.113656,12.244278,20.908299,-32.367422,6.145481,-24.422624,13.113,10.656,12.245,10.05,20.913,20.806,32.362,39.481,6.146,4.886,24.426,23.732
2025-11-11T11:29:13.613+01:00,-0.004977,-0.004471,-0.005423,-0.089169,-0.077706,-0.007280,-13.116028,12.246329,20.910131,-32.372558,6.144948,-24.424650,13.119,10.663,12.249,10.058,20.917,20.815,32.372,39.514,6.144,4.885,24.43,23.744
2025-11-11T11:29:14.372+01:00,-0.010582,0.000423,-0.001738,-0.067335,-0.075364,-0.007224,-13.118580,12.248371,20.912031,-32.376884,6.144425,-24.426592,13.119,10.663,12.249,10.058,20.917,20.815,32.372,39.514,6.144,4.885,24.43,23.744
2025-11-11T11:29:15.907+01:00,-0.008465,0.002938,-0.002791,-0.048668,-0.068092,-0.004379,-13.118882,12.248313,20.911728,-32.378462,6.142021,-24.426364,13.121,10.666,12.251,10.056,20.919,20.822,32.377,39.54,6.141,4.883,24.432,23.754
2025-11-11T11:29:16.664+01:00,-0.010772,-0.002849,-0.007432,-0.038935,-0.042673,-0.006103,-13.120381,12.249181,20.912219,-32.380729,6.141482,-24.427288,13.121,10.666,12.251,10.056,20.919,20.822,32.377,39.54,6.141,4.883,24.432,23.754
2025-11-11T11:29:18.199+01:00,-0.013818,0.005521,-0.004546,0.001652,-0.014539,-0.002283,-13.121926,12.250114,20.912745,-32.381534,6.141797,-24.428110,13.124,10.67,12.253,10.061,20.92,20.828,32.381,39.563,6.142,4.883,24.433,23.763
2025-11-11T11:29:18.957+01:00,-0.012454,0.000416,-0.005037,0.011922,0.013369,-0.003226,-13.124786,12.252310,20.914624,-32.383324,6.144376,-24.430387,13.124,10.67,12.253,10.061,20.92,20.828,32.381,39.563,6.142,4.883,24.433,23.763
2025-11-11T11:29:20.447+01:00,-0.016563,0.004333,-0.002629,0.027938,0.029095,-0.002581,-13.129385,12.256117,20.918147,-32.386087,6.149008,-24.434214,13.132,10.677,12.259,10.064,20.925,20.838,32.386,39.585,6.149,4.889,24.439,23.777
2025-11-11T11:29:21.245+01:00,-0.014651,0.011267,-0.011304,0.024950,0.035076,0.000535,-13.133217,12.259367,20.920490,-32.388223,6.153110,-24.437270,13.132,10.677,12.259,10.064,20.925,20.838,32.386,39.585,6.149,4.889,24.439,23.777
2025-11-11T11:29:22.785+01:00,-0.016921,0.013013,-0.010443,0.029160,0.037261,0.004428,-13.137417,12.262904,20.923110,-32.390459,6.157534,-24.440495,13.14,10.684,12.266,10.073,20.931,20.849,32.39,39.611,6.157,4.896,24.446,23.791
2025-11-11T11:29:24.356+01:00,-0.012136,0.018211,-0.012354,0.018128,0.028409,0.011343,-13.140224,12.265404,20.924464,-32.391904,6.160498,-24.442380,13.14,10.684,12.266,10.073,20.931,20.849,32.39,39.611,6.157,4.896,24.446,23.791
2025-11-11T11:29:25.851+01:00,-0.013709,0.019768,-0.004683,0.019702,0.025327,0.013074,-13.144469,12.269316,20.927586,-32.394659,6.164743,-24.445581,13.147,10.692,12.273,10.082,20.935,20.86,32.394,39.64,6.164,4.903,24.45,23.806
2025-11-11T11:29:26.650+01:00,-0.008367,0.015815,-0.003747,0.020962,0.028062,0.014459,-13.147276,12.271982,20.929605,-32.396206,6.167920,-24.447597,13.147,10.692,12.273,10.082,20.935,20.86,32.394,39.64,6.164,4.903,24.45,23.806
2025-11-11T11:29:28.190+01:00,-0.006694,0.012652,0.003603,0.018170,0.029049,0.010167,-13.151700,12.276310,20.933753,-32.399556,6.172854,-24.451420,13.153,10.699,12.279,10.089,20.941,20.871,32.399,39.665,6.172,4.909,24.456,23.821
2025-11-11T11:29:28.931+01:00,-0.000155,0.010121,0.001482,0.023736,0.029839,0.010734,-13.153138,12.277927,20.935152,-32.400082,6.175182,-24.452592,13.153,10.699,12.279,10.089,20.941,20.871,32.399,39.665,6.172,4.909,24.456,23.821
2025-11-11T11:29:31.221+01:00,0.007676,0.004097,-0.001414,0.014989,0.033072,0.007187,-13.153217,12.278454,20.935463,-32.399930,6.176642,-24.452881,13.156,10.701,12.281,10.093,20.943,20.878,32.399,39.684,6.176,4.913,24.458,23.832
2025-11-11T11:29:31.897+01:00,0.010141,0.005878,0.000269,0.034391,0.039657,0.008350,-13.151317,12.277186,20.934039,-32.397313,6.176536,-24.451350,13.156,10.701,12.281,10.093,20.943,20.878,32.399,39.684,6.176,4.913,24.458,23.832
2025-11-11T11:29:33.311+01:00,0.012113,0.006102,0.005415,0.051113,0.044926,0.006680,-13.148572,12.275197,20.932179,-32.393427,6.175917,-24.449158,13.151,10.699,12.278,10.091,20.939,20.882,32.393,39.699,6.176,4.912,24.454,23.835
2025-11-11T11:29:34.028+01:00,0.013690,0.000882,0.006932,0.056690,0.056941,0.000144,-13.146469,12.273831,20.931158,-32.390063,6.176439,-24.447875,13.151,10.699,12.278,10.091,20.939,20.882,32.393,39.699,6.176,4.912,24.454,23.835
2025-11-11T11:29:35.563+01:00,0.014952,-0.007095,0.009545,0.058552,0.067953,-0.003885,-13.145264,12.273272,20.931270,-32.387587,6.178294,-24.447682,13.148,10.697,12.277,10.089,20.939,20.886,32.388,39.711,6.178,4.915,24.453,23.842
2025-11-11T11:29:36.319+01:00,0.013362,-0.005676,0.014236,0.078242,0.075362,-0.001708,-13.143743,12.272369,20.931272,-32.384103,6.180051,-24.447109,13.148,10.697,12.277,10.089,20.939,20.886,32.388,39.711,6.178,4.915,24.453,23.842
2025-11-11T11:29:37.856+01:00,0.012089,-0.012341,0.012789,0.073193,0.083890,-0.003966,-13.143559,12.272595,20.932476,-32.382030,6.183336,-24.447870,13.145,10.697,12.275,10.093,20.939,20.892,32.382,39.722,6.183,4.919,24.453,23.849
2025-11-11T11:29:38.614+01:00,0.011071,-0.011272,0.015431,0.088755,0.088112,-0.003173,-13.142731,12.272158,20.933155,-32.378782,6.186108,-24.447964,13.145,10.697,12.275,10.093,20.939,20.892,32.382,39.722,6.183,4.919,24.453,23.849
2025-11-11T11:29:40.885+01:00,0.010257,-0.011618,0.008345,0.098604,0.094089,-0.003938,-13.140185,12.269928,20.931676,-32.373440,6.187308,-24.446327,13.142,10.695,12.273,10.089,20.939,20.896,32.373,39.727,6.187,4.923,24.45,23.857
2025-11-11T11:29:41.686+01:00,0.004206,-0.009294,0.008076,0.107683,0.093671,-0.005751,-13.138318,12.268109,20.930546,-32.368178,6.188883,-24.445106,13.142,10.695,12.273,10.089,20.939,20.896,32.373,39.727,6.187,4.923,24.45,23.857
2025-11-11T11:29:43.179+01:00,0.004765,-0.011435,-0.000139,0.071746,0.072337,-0.004601,-13.136354,12.266158,20.928883,-32.364015,6.189618,-24.443697,13.139,10.694,12.269,10.092,20.936,20.9,32.364,39.74,6.189,4.925,24.449,23.862
2025-11-11T11:29:43.939+01:00,-0.002788,-0.005148,-0.000111,0.034997,0.022470,-0.001080,-13.135256,12.264821,20.927659,-32.361580,6.189188,-24.442551,13.139,10.694,12.269,10.092,20.936,20.9,32.364,39.74,6.189,4.925,24.449,23.862
2025-11-11T11:29:45.472+01:00,-0.004831,-0.000119,-0.000089,-0.008802,-0.026624,0.000536,-13.134600,12.263935,20.926757,-32.360970,6.187456,-24.441562,13.137,10.693,12.266,10.091,20.934,20.902,32.361,39.754,6.187,4.923,24.446,23.867
2025-11-11T11:29:46.272+01:00,-0.010465,-0.005295,-0.005271,-0.025442,-0.035699,-0.003572,-13.135306,12.263980,20.926595,-32.361944,6.186445,-24.441673,13.137,10.693,12.266,10.091,20.934,20.902,32.361,39.754,6.187,4.923,24.446,23.867
2025-11-11T11:29:47.766+01:00,-0.012372,-0.001636,-0.001617,-0.021753,-0.039159,-0.001457,-13.136509,12.264508,20.927025,-32.363205,6.185734,-24.442136,13.139,10.696,12.267,10.097,20.934,20.907,32.363,39.775,6.185,4.921,24.447,23.875
2025-11-11T11:29:48.567+01:00,-0.009897,-0.002709,-0.006494,-0.062003,-0.062728,-0.003766,-13.138450,12.265861,20.928035,-32.366647,6.185027,-24.443399,13.139,10.696,12.267,10.097,20.934,20.907,32.363,39.775,6.185,4.921,24.447,23.875
2025-11-11T11:29:50.059+01:00,-0.009318,-0.006167,-0.006595,-0.093002,-0.080382,-0.005613,-13.141897,12.268677,20.930569,-32.372648,6.185221,-24.446165,13.144,10.702,12.271,10.096,20.937,20.915,32.372,39.805,6.185,4.922,24.451,23.886
2025-11-11T11:29:50.819+01:00,0.001746,-0.004934,-0.003876,-0.113802,-0.090506,-0.005890,-13.144524,12.271289,20.933047,-32.379133,6.184797,-24.448655,13.144,10.702,12.271,10.096,20.937,20.915,32.372,39.805,6.185,4.922,24.451,23.886
2025-11-11T11:29:52.314+01:00,0.007997,-0.007947,-0.003101,-0.159241,-0.123605,-0.007312,-13.147271,12.274296,20.936031,-32.387602,6.183672,-24.451514,13.15,10.708,12.277,10.104,20.943,20.926,32.387,39.84,6.184,4.921,24.456,23.898
2025-11-11T11:29:53.073+01:00,0.010397,-0.003758,-0.002481,-0.173393,-0.143484,-0.003250,-13.148858,12.276372,20.938026,-32.395535,6.180877,-24.453213,13.15,10.708,12.277,10.104,20.943,20.926,32.387,39.84,6.184,4.921,24.456,23.898
2025-11-11T11:29:54.563+01:00,0.012318,-0.010806,-0.007184,-0.210915,-0.179187,-0.007800,-13.149169,12.277110,20.938579,-32.403551,6.175706,-24.453728,13.152,10.71,12.281,10.114,20.946,20.933,32.403,39.875,6.175,4.915,24.459,23.908
2025-11-11T11:29:56.101+01:00,0.003254,-0.003445,-0.003148,-0.171332,-0.164350,-0.006240,-13.149905,12.277967,20.939287,-32.410238,6.171059,-24.454249,13.152,10.71,12.281,10.114,20.946,20.933,32.403,39.875,6.175,4.915,24.459,23.908
2025-11-11T11:29:57.593+01:00,0.004003,-0.004156,-0.005118,-0.172465,-0.164280,-0.008992,-13.150326,12.278525,20.939609,-32.416679,6.166137,-24.454551,13.153,10.712,12.282,10.116,20.947,20.94,32.416,39.917,6.165,4.908,24.46,23.919
2025-11-11T11:29:58.233+01:00,0.005803,-0.007325,0.001106,-0.169372,-0.156424,-0.013793,-13.152180,12.280562,20.941826,-32.424548,6.163026,-24.456522,13.153,10.712,12.282,10.116,20.947,20.94,32.416,39.917,6.165,4.908,24.46,23.919
2025-11-11T11:29:59.722+01:00,0.000642,-0.004460,0.007484,-0.140698,-0.150139,-0.013635,-13.154023,12.282396,20.944114,-32.431228,6.159919,-24.458275,13.157,10.717,12.285,10.125,20.951,20.949,32.431,39.951,6.159,4.903,24.463,23.929
2025-11-11T11:30:00.484+01:00,0.000514,-0.007568,0.001988,-0.112558,-0.118711,-0.020108,-13.155307,12.283563,20.945532,-32.436374,6.157272,-24.459680,13.157,10.717,12.285,10.125,20.951,20.949,32.431,39.951,6.159,4.903,24.463,23.929
2025-11-11T11:30:01.979+01:00,0.007011,-0.008654,0.000190,-0.065047,-0.069969,-0.022686,-13.154506,12.282941,20.945130,-32.438170,6.154505,-24.459535,13.157,10.718,12.285,10.123,20.952,20.954,32.438,39.977,6.154,4.899,24.464,23.938
2025-11-11T11:30:02.737+01:00,0.004209,-0.006923,0.005352,-0.038837,-0.045375,-0.022149,-13.155246,12.283769,20.946423,-32.440499,6.153973,-24.460870,13.157,10.718,12.285,10.123,20.952,20.954,32.438,39.977,6.154,4.899,24.464,23.938
2025-11-11T11:30:04.244+01:00,0.008567,-0.005539,0.004282,-0.041670,-0.040300,-0.021719,-13.155683,12.284550,20.947601,-32.442841,6.153511,-24.462124,13.157,10.72,12.287,10.126,20.955,20.962,32.442,40.001,6.153,4.899,24.467,23.948
2025-11-11T11:30:04.987+01:00,0.004254,-0.005831,0.010025,-0.037336,-0.044040,-0.021375,-13.157389,12.286392,20.950150,-32.446117,6.154006,-24.464442,13.157,10.72,12.287,10.126,20.955,20.962,32.442,40.001,6.153,4.899,24.467,23.948
2025-11-11T11:30:06.477+01:00,-0.003197,-0.000665,0.010620,-0.025869,-0.049632,-0.018500,-13.159270,12.288134,20.952499,-32.448828,6.154136,-24.466493,13.162,10.724,12.291,10.127,20.96,20.97,32.449,40.026,6.154,4.899,24.471,23.959
2025-11-11T11:30:07.255+01:00,-0.001158,-0.005732,0.004496,-0.050895,-0.054106,-0.020000,-13.161758,12.290461,20.955224,-32.453035,6.154763,-24.469240,13.162,10.724,12.291,10.127,20.96,20.97,32.449,40.026,6.154,4.899,24.471,23.959
2025-11-11T11:30:08.731+01:00,-0.006126,-0.005985,0.000997,-0.053916,-0.056485,-0.017400,-13.164743,12.293009,20.957971,-32.457565,6.155531,-24.472157,13.167,10.73,12.295,10.128,20.965,20.981,32.458,40.055,6.155,4.9,24.477,23.971
2025-11-11T11:30:09.386+01:00,-0.008901,0.001812,-0.000602,-0.026133,-0.041188,-0.013920,-13.166889,12.294723,20.959624,-32.460189,6.155835,-24.474062,13.167,10.73,12.295,10.128,20.965,20.981,32.458,40.055,6.155,4.9,24.477,23.971
2025-11-11T11:30:10.882+01:00,-0.007121,0.002849,-0.005682,-0.011706,-0.013350,-0.012536,-13.169082,12.296579,20.961134,-32.462419,6.157158,-24.476125,13.171,10.734,12.299,10.135,20.969,20.988,32.462,40.076,6.157,4.902,24.481,23.982
2025-11-11T11:30:11.623+01:00,-0.009697,0.006279,-0.004546,0.028635,0.014320,-0.010029,-13.170521,12.297609,20.961800,-32.462416,6.158537,-24.477338,13.171,10.734,12.299,10.135,20.969,20.988,32.462,40.076,6.157,4.902,24.481,23.982
2025-11-11T11:30:13.156+01:00,-0.005157,0.007624,0.004164,0.051708,0.029856,-0.006623,-13.171322,12.298292,20.962574,-32.461270,6.160076,-24.478154,13.174,10.738,12.301,10.13,20.97,20.994,32.461,40.092,6.16,4.905,24.483,23.991
2025-11-11T11:30:13.916+01:00,-0.001526,0.003499,0.005931,0.068966,0.055285,-0.007898,-13.172185,12.299141,20.963720,-32.459763,6.162719,-24.479321,13.174,10.738,12.301,10.13,20.97,20.994,32.461,40.092,6.16,4.905,24.483,23.991
2025-11-11T11:30:15.446+01:00,-0.003821,0.004199,0.007345,0.107573,0.086228,-0.004919,-13.172614,12.299448,20.964390,-32.456399,6.165871,-24.479976,13.175,10.74,12.302,10.134,20.972,21.001,32.457,40.103,6.164,4.91,24.485,24.0
2025-11-11T11:30:16.210+01:00,0.000943,0.001959,0.004476,0.097859,0.096582,-0.007935,-13.173754,12.300659,20.965882,-32.454246,6.170303,-24.481652,13.175,10.74,12.302,10.134,20.972,21.001,32.457,40.103,6.164,4.91,24.485,24.0
2025-11-11T11:30:17.713+01:00,-0.000645,0.002967,0.007581,0.104487,0.093066,-0.003748,-13.174428,12.301357,20.966998,-32.451339,6.174112,-24.482707,13.176,10.741,12.304,10.137,20.974,21.008,32.451,40.113,6.174,4.916,24.487,24.011
2025-11-11T11:30:18.435+01:00,-0.000516,0.000974,0.003464,0.088789,0.075853,-0.000398,-13.173816,12.300722,20.966599,-32.447679,6.176071,-24.482359,13.176,10.741,12.304,10.137,20.974,21.008,32.451,40.113,6.174,4.916,24.487,24.011
2025-11-11T11:30:20.799+01:00,0.006187,-0.001821,-0.003828,0.063232,0.068482,-0.000319,-13.172083,12.299238,20.965034,-32.444066,6.176948,-24.481179,13.174,10.741,12.302,10.136,20.972,21.012,32.443,40.129,6.176,4.919,24.487,24.018
2025-11-11T11:30:21.545+01:00,0.003550,-0.002857,-0.005663,0.076785,0.083586,0.001145,-13.170510,12.297750,20.963377,-32.440013,6.178344,-24.480035,13.174,10.741,12.302,10.136,20.972,21.012,32.443,40.129,6.176,4.919,24.487,24.018
2025-11-11T11:30:23.090+01:00,0.000240,-0.002285,-0.004530,0.090228,0.097069,0.000916,-13.170008,12.297175,20.962674,-32.436400,6.181092,-24.479834,13.172,10.741,12.3,10.137,20.97,21.014,32.436,40.135,6.181,4.922,24.485,24.023
2025-11-11T11:30:23.840+01:00,0.005392,-0.007028,-0.010224,0.086583,0.101255,0.003333,-13.167320,12.294564,20.959739,-32.430976,6.182031,-24.477666,13.172,10.741,12.3,10.137,20.97,21.014,32.436,40.135,6.181,4.922,24.485,24.023
2025-11-11T11:30:25.385+01:00,0.002913,-0.004223,-0.005579,0.109866,0.109804,0.004066,-13.164440,12.291703,20.956737,-32.424489,6.182981,-24.475216,13.166,10.736,12.294,10.133,20.964,21.013,32.424,40.137,6.183,4.924,24.481,24.025
2025-11-11T11:30:26.134+01:00,0.006331,0.000622,-0.007063,0.112893,0.120643,0.008453,-13.161279,12.288848,20.953559,-32.417785,6.184166,-24.472586,13.166,10.736,12.294,10.133,20.964,21.013,32.424,40.137,6.183,4.924,24.481,24.025
2025-11-11T11:30:27.679+01:00,0.006465,0.000498,-0.008251,0.094314,0.117514,0.008162,-13.159802,12.287688,20.952008,-32.413366,6.186901,-24.471620,13.163,10.734,12.29,10.13,20.959,21.012,32.413,40.139,6.187,4.928,24.477,24.028
2025-11-11T11:30:28.427+01:00,0.011772,0.002998,-0.010601,0.093851,0.117612,0.011730,-13.156347,12.284884,20.948636,-32.407271,6.187934,-24.468877,13.163,10.734,12.29,10.13,20.959,21.012,32.413,40.139,6.187,4.928,24.477,24.028
2025-11-11T11:30:29.889+01:00,0.012017,0.000998,-0.011080,0.089481,0.117689,0.013384,-13.152942,12.282107,20.945301,-32.401382,6.189026,-24.466162,13.155,10.73,12.285,10.126,20.953,21.01,32.401,40.137,6.189,4.929,24.471,24.03
2025-11-11T11:30:30.693+01:00,0.005614,-0.000601,-0.003664,0.097785,0.113751,0.015907,-13.150791,12.280248,20.943288,-32.396179,6.190964,-24.464343,13.155,10.73,12.285,10.126,20.953,21.01,32.401,40.137,6.189,4.929,24.471,24.03
2025-11-11T11:30:32.181+01:00,0.004491,0.000919,-0.001532,0.095228,0.100201,0.020526,-13.147783,12.277519,20.940473,-32.390182,6.191564,-24.461492,13.15,10.726,12.28,10.122,20.948,21.009,32.39,40.139,6.191,4.931,24.466,24.032
2025-11-11T11:30:32.989+01:00,-0.001607,0.000735,0.002775,0.073582,0.076161,0.020421,-13.147066,12.276781,20.939858,-32.386894,6.193357,-24.460553,13.15,10.726,12.28,10.122,20.948,21.009,32.39,40.139,6.191,4.931,24.466,24.032
2025-11-11T11:30:35.294+01:00,-0.005286,0.004588,0.007420,0.054866,0.042529,0.022936,-13.146689,12.276295,20.939638,-32.384427,6.194219,-24.459634,13.149,10.727,12.279,10.12,20.947,21.014,32.384,40.153,6.194,4.935,24.464,24.038
2025-11-11T11:30:36.036+01:00,-0.009429,0.006271,0.011136,0.018893,-0.003977,0.023549,-13.147277,12.276606,20.940362,-32.383932,6.194309,-24.459313,13.149,10.727,12.279,10.12,20.947,21.014,32.384,40.153,6.194,4.935,24.464,24.038
2025-11-11T11:30:37.541+01:00,-0.006143,0.003616,0.004909,-0.025486,-0.039982,0.021439,-13.146989,12.276137,20.940031,-32.384204,6.192445,-24.458197,13.149,10.727,12.279,10.119,20.947,21.018,32.384,40.169,6.192,4.933,24.462,24.043
2025-11-11T11:30:38.267+01:00,-0.010114,0.004293,0.010527,-0.037389,-0.059585,0.019751,-13.148243,12.277034,20.941342,-32.386237,6.191280,-24.458400,13.149,10.727,12.279,10.119,20.947,21.018,32.384,40.169,6.192,4.933,24.462,24.043
2025-11-11T11:30:39.800+01:00,-0.013291,0.008635,0.008422,-0.041711,-0.075268,0.018401,-13.149042,12.277390,20.941897,-32.387810,6.188973,-24.457960,13.151,10.731,12.28,10.119,20.949,21.024,32.387,40.188,6.188,4.931,24.463,24.049
2025-11-11T11:30:40.522+01:00,-0.008033,0.000308,0.002737,-0.070169,-0.079815,0.013321,-13.150115,12.278090,20.942689,-32.390835,6.186967,-24.458108,13.151,10.731,12.28,10.119,20.949,21.024,32.387,40.188,6.188,4.931,24.463,24.049
2025-11-11T11:30:41.980+01:00,-0.006427,0.004246,0.002190,-0.063935,-0.084852,0.013257,-13.149585,12.277347,20.941932,-32.392163,6.183284,-24.456729,13.152,10.731,12.281,10.124,20.949,21.028,32.392,40.207,6.183,4.927,24.462,24.053
2025-11-11T11:30:42.712+01:00,0.000059,0.001997,-0.006048,-0.076148,-0.083681,0.010605,-13.147378,12.275187,20.939380,-32.392540,6.178220,-24.454027,13.152,10.731,12.281,10.124,20.949,21.028,32.392,40.207,6.183,4.927,24.462,24.053
2025-11-11T11:30:44.239+01:00,-0.001353,-0.001003,-0.004839,-0.077918,-0.081345,0.004484,-13.146555,12.274273,20.938203,-32.394286,6.174544,-24.452766,13.15,10.73,12.277,10.124,20.945,21.028,32.394,40.225,6.174,4.92,24.457,24.056
2025-11-11T11:30:44.982+01:00,0.004118,-0.002202,-0.010471,-0.083335,-0.076876,0.003587,-13.144357,12.272226,20.935627,-32.395111,6.169889,-24.450421,13.15,10.73,12.277,10.124,20.945,21.028,32.394,40.225,6.174,4.92,24.457,24.056
2025-11-11T11:30:46.449+01:00,0.004694,-0.000362,-0.012377,-0.091668,-0.073301,0.000270,-13.143489,12.271575,20.934306,-32.397543,6.166685,-24.449493,13.145,10.729,12.274,10.122,20.941,21.028,32.397,40.243,6.166,4.913,24.454,24.059
2025-11-11T11:30:47.207+01:00,0.002355,0.006311,-0.009901,-0.079934,-0.077041,0.001616,-13.142195,12.270527,20.932558,-32.399069,6.162850,-24.447997,13.145,10.729,12.274,10.122,20.941,21.028,32.397,40.243,6.166,4.913,24.454,24.059
2025-11-11T11:30:48.657+01:00,0.003284,0.003649,-0.014521,-0.090147,-0.077433,-0.001307,-13.140957,12.269513,20.930652,-32.401013,6.159072,-24.446645,13.143,10.727,12.272,10.122,20.938,21.029,32.4,40.263,6.159,4.908,24.452,24.062
2025-11-11T11:30:49.421+01:00,-0.005173,0.002919,-0.009017,-0.081318,-0.077746,-0.005046,-13.142116,12.270453,20.930978,-32.404633,6.157278,-24.447347,13.143,10.727,12.272,10.122,20.938,21.029,32.4,40.263,6.159,4.908,24.452,24.062
2025-11-11T11:30:50.908+01:00,-0.010738,0.003735,-0.002013,-0.070254,-0.079197,-0.004037,-13.144573,12.272436,20.932685,-32.408919,6.156488,-24.449061,13.147,10.733,12.275,10.124,20.94,21.034,32.409,40.286,6.156,4.906,24.454,24.071
2025-11-11T11:30:51.668+01:00,-0.012590,-0.001012,-0.001611,-0.079803,-0.077757,-0.007229,-13.148898,12.276082,20.936173,-32.415259,6.157488,-24.452598,13.147,10.733,12.275,10.124,20.94,21.034,32.409,40.286,6.156,4.906,24.454,24.071
2025-11-11T11:30:53.140+01:00,-0.014072,-0.002210,0.000111,-0.065243,-0.070006,-0.009783,-13.153189,12.279583,20.939634,-32.421005,6.158650,-24.456109,13.156,10.74,12.282,10.131,20.947,21.046,32.421,40.315,6.158,4.908,24.46,24.082
2025-11-11T11:30:53.905+01:00,-0.004658,-0.003168,0.001489,-0.045594,-0.041605,-0.013027,-13.156441,12.282507,20.942658,-32.425532,6.160193,-24.459213,13.156,10.74,12.282,10.131,20.947,21.046,32.421,40.315,6.158,4.908,24.46,24.082
2025-11-11T11:30:55.414+01:00,-0.005126,-0.001134,0.005191,-0.028675,-0.025484,-0.011821,-13.160463,12.286229,20.946639,-32.430240,6.163029,-24.463090,13.163,10.747,12.289,10.139,20.954,21.056,32.431,40.342,6.162,4.912,24.468,24.096
2025-11-11T11:30:56.954+01:00,-0.000101,0.000493,0.008153,-0.028140,-0.024387,-0.010857,-13.163928,12.289701,20.950517,-32.434649,6.165612,-24.466664,13.163,10.747,12.289,10.139,20.954,21.056,32.431,40.342,6.162,4.912,24.468,24.096
2025-11-11T11:30:58.381+01:00,-0.002681,0.005594,0.006522,-0.023912,-0.032710,-0.010086,-13.166621,12.292368,20.953389,-32.438032,6.167027,-24.469299,13.169,10.753,12.295,10.143,20.96,21.068,32.437,40.37,6.167,4.916,24.474,24.11
2025-11-11T11:30:59.164+01:00,0.001855,0.004475,0.000018,-0.037530,-0.032768,-0.008069,-13.168292,12.294209,20.955121,-32.441050,6.167602,-24.471078,13.169,10.753,12.295,10.143,20.96,21.068,32.437,40.37,6.167,4.916,24.474,24.11
2025-11-11T11:31:00.675+01:00,-0.002516,0.004980,-0.002586,-0.047024,-0.031414,-0.010455,-13.172193,12.298059,20.958696,-32.446350,6.170191,-24.474889,13.174,10.758,12.301,10.148,20.966,21.077,32.446,40.396,6.17,4.918,24.48,24.121
2025-11-11T11:31:01.435+01:00,0.001987,0.002584,-0.007269,-0.046819,-0.031731,-0.009764,-13.173636,12.299616,20.959785,-32.449419,6.170532,-24.476458,13.174,10.758,12.301,10.148,20.966,21.077,32.446,40.396,6.17,4.918,24.48,24.121
2025-11-11T11:31:02.885+01:00,0.005590,0.000667,-0.008415,-0.038855,-0.021385,-0.009211,-13.173920,12.300156,20.959848,-32.451247,6.170242,-24.477077,13.176,10.761,12.303,10.15,20.967,21.082,32.451,40.417,6.17,4.918,24.481,24.129
2025-11-11T11:31:03.626+01:00,0.001872,0.000534,-0.004132,-0.019284,-0.002708,-0.008769,-13.175754,12.302065,20.961502,-32.453780,6.171946,-24.479112,13.176,10.761,12.303,10.15,20.967,21.082,32.451,40.417,6.17,4.918,24.481,24.129
2025-11-11T11:31:05.100+01:00,0.002898,0.000427,0.000695,0.015973,0.017434,-0.005615,-13.175991,12.302438,20.961890,-32.453627,6.172833,-24.479635,13.178,10.763,12.305,10.154,20.969,21.088,32.453,40.435,6.172,4.921,24.485,24.138
2025-11-11T11:31:06.676+01:00,0.000918,-0.002258,0.003156,0.053378,0.061147,-0.005892,-13.177602,12.304030,20.963696,-32.453460,6.176460,-24.481567,13.178,10.763,12.305,10.154,20.969,21.088,32.453,40.435,6.172,4.921,24.485,24.138
2025-11-11T11:31:08.191+01:00,0.003334,-0.000407,0.002524,0.101702,0.104117,-0.002114,-13.177376,12.303940,20.963771,-32.449942,6.179848,-24.481846,13.179,10.766,12.307,10.156,20.971,21.095,32.449,40.451,6.18,4.927,24.486,24.147
2025-11-11T11:31:08.950+01:00,0.004068,-0.000325,0.008620,0.133762,0.146294,-0.001691,-13.179205,12.305970,20.966313,-32.447392,6.186781,-24.484341,13.179,10.766,12.307,10.156,20.971,21.095,32.449,40.451,6.18,4.927,24.486,24.147
2025-11-11T11:31:10.445+01:00,0.001854,0.001140,0.013496,0.167410,0.173435,-0.001353,-13.181693,12.308586,20.969680,-32.444265,6.195193,-24.487472,13.183,10.77,12.311,10.161,20.977,21.105,32.444,40.459,6.195,4.939,24.492,24.16
2025-11-11T11:31:11.207+01:00,0.010683,-0.003088,0.008197,0.175928,0.199148,0.001518,-13.182229,12.309611,20.971303,-32.439337,6.202918,-24.489106,13.183,10.77,12.311,10.161,20.977,21.105,32.444,40.459,6.195,4.939,24.492,24.16
2025-11-11T11:31:12.695+01:00,0.015147,-0.003871,0.010557,0.169542,0.205319,0.002614,-13.183453,12.311559,20.974011,-32.435539,6.211752,-24.491652,13.185,10.773,12.314,10.168,20.981,21.113,32.435,40.462,6.211,4.953,24.497,24.17
2025-11-11T11:31:13.465+01:00,0.017317,-0.001696,0.015046,0.165834,0.180055,0.007291,-13.182206,12.311228,20.974645,-32.429599,6.217458,-24.491725,13.185,10.773,12.314,10.168,20.981,21.113,32.435,40.462,6.211,4.953,24.497,24.17
2025-11-11T11:31:14.944+01:00,0.020454,-0.003957,0.014637,0.144467,0.158444,0.005833,-13.180053,12.310114,20.974536,-32.423657,6.221705,-24.491033,13.182,10.771,12.313,10.167,20.982,21.118,32.423,40.464,6.222,4.961,24.496,24.176
2025-11-11T11:31:15.669+01:00,0.016363,0.003434,0.014309,0.132574,0.128155,0.011266,-13.176907,12.307975,20.973213,-32.416966,6.223789,-24.488966,13.182,10.771,12.313,10.167,20.982,21.118,32.423,40.464,6.222,4.961,24.496,24.176
2025-11-11T11:31:17.174+01:00,0.011690,0.004147,0.020647,0.119259,0.101124,0.014213,-13.174511,12.306391,20.972752,-32.411281,6.225531,-24.487302,13.177,10.767,12.309,10.165,20.98,21.12,32.411,40.462,6.225,4.964,24.492,24.178
2025-11-11T11:31:17.931+01:00,0.006752,0.000718,0.015118,0.084807,0.075699,0.013971,-13.173341,12.305701,20.972951,-32.407692,6.227370,-24.486520,13.177,10.767,12.309,10.165,20.98,21.12,32.411,40.462,6.225,4.964,24.492,24.178
2025-11-11T11:31:19.401+01:00,0.000202,-0.002026,0.013494,0.052046,0.040959,0.013776,-13.173326,12.305769,20.973853,-32.406016,6.228865,-24.486455,13.176,10.767,12.309,10.166,20.981,21.125,32.405,40.468,6.229,4.967,24.491,24.182
2025-11-11T11:31:20.146+01:00,-0.002438,-0.001621,0.005595,0.004837,-0.002632,0.012421,-13.173286,12.305661,20.974132,-32.405730,6.228714,-24.486097,13.176,10.767,12.309,10.166,20.981,21.125,32.405,40.468,6.229,4.967,24.491,24.182
2025-11-11T11:31:21.641+01:00,-0.007151,-0.002696,0.001876,-0.026331,-0.033506,0.009937,-13.174072,12.306099,20.974760,-32.407060,6.228096,-24.486267,13.177,10.769,12.309,10.166,20.982,21.13,32.407,40.485,6.228,4.967,24.491,24.188
2025-11-11T11:31:22.402+01:00,-0.008321,-0.000757,-0.003699,-0.049865,-0.063605,0.010550,-13.173505,12.305141,20.973634,-32.407773,6.225036,-24.484905,13.177,10.769,12.309,10.166,20.982,21.13,32.407,40.485,6.228,4.967,24.491,24.188
2025-11-11T11:31:23.933+01:00,-0.006657,-0.005806,-0.013559,-0.100292,-0.094284,0.008440,-13.172955,12.304149,20.972042,-32.410234,6.220966,-24.483547,13.175,10.769,12.307,10.162,20.979,21.13,32.41,40.505,6.221,4.962,24.488,24.192
2025-11-11T11:31:24.694+01:00,-0.011925,-0.004645,-0.014847,-0.113033,-0.121427,0.009352,-13.171869,12.302354,20.969517,-32.412357,6.215163,-24.481281,13.175,10.769,12.307,10.162,20.979,21.13,32.41,40.505,6.221,4.962,24.488,24.192
2025-11-11T11:31:26.156+01:00,-0.012140,0.000284,-0.019678,-0.120627,-0.137742,0.010081,-13.169184,12.299032,20.965084,-32.413145,6.207184,-24.477328,13.172,10.767,12.301,10.155,20.972,21.127,32.412,40.523,6.207,4.95,24.481,24.192
2025-11-11T11:31:26.903+01:00,-0.008312,-0.007573,-0.020942,-0.126701,-0.131193,0.005465,-13.166509,12.295733,20.960775,-32.414316,6.199599,-24.473676,13.172,10.767,12.301,10.155,20.972,21.127,32.412,40.523,6.207,4.95,24.481,24.192
2025-11-11T11:31:28.393+01:00,-0.008050,-0.000858,-0.015354,-0.102761,-0.118155,0.004372,-13.164046,12.292812,20.957000,-32.414931,6.192717,-24.470327,13.166,10.763,12.295,10.153,20.964,21.122,32.414,40.54,6.192,4.94,24.476,24.191
2025-11-11T11:31:29.156+01:00,-0.003840,-0.005886,-0.021483,-0.132009,-0.131324,0.000898,-13.161154,12.289547,20.952654,-32.416267,6.185131,-24.466765,13.166,10.763,12.295,10.153,20.964,21.122,32.414,40.54,6.192,4.94,24.476,24.191
2025-11-11T11:31:30.661+01:00,-0.007072,-0.006109,-0.015786,-0.142407,-0.140459,-0.003282,-13.160760,12.288625,20.950941,-32.420283,6.179586,-24.465598,13.163,10.761,12.291,10.156,20.958,21.12,32.421,40.56,6.179,4.929,24.47,24.193
2025-11-11T11:31:31.421+01:00,-0.003057,-0.004887,-0.019229,-0.165126,-0.156967,-0.006625,-13.159810,12.287365,20.948676,-32.424692,6.173118,-24.464086,13.163,10.761,12.291,10.156,20.958,21.12,32.421,40.56,6.179,4.929,24.47,24.193
2025-11-11T11:31:32.955+01:00,-0.007646,-0.003910,-0.020583,-0.170101,-0.163574,-0.011900,-13.160101,12.287115,20.947306,-32.430255,6.167429,-24.463658,13.163,10.762,12.29,10.148,20.955,21.12,32.43,40.588,6.167,4.919,24.468,24.196
2025-11-11T11:31:33.713+01:00,-0.003517,-0.005728,-0.023067,-0.182080,-0.166259,-0.014720,-13.160012,12.286647,20.945618,-32.436028,6.161458,-24.463099,13.163,10.762,12.29,10.148,20.955,21.12,32.43,40.588,6.167,4.919,24.468,24.196
2025-11-11T11:31:35.202+01:00,-0.008013,-0.005982,-0.015853,-0.170664,-0.160607,-0.015776,-13.161840,12.287873,20.945998,-32.443113,6.157393,-24.464284,13.165,10.765,12.291,10.15,20.953,21.122,32.443,40.618,6.156,4.911,24.469,24.201
2025-11-11T11:31:35.968+01:00,-0.007811,-0.000786,-0.014083,-0.153531,-0.149486,-0.014021,-13.163434,12.288983,20.946236,-32.449407,6.153485,-24.465245,13.165,10.765,12.291,10.15,20.953,21.122,32.443,40.618,6.156,4.911,24.469,24.201
2025-11-11T11:31:37.494+01:00,-0.006249,-0.000629,-0.008666,-0.138625,-0.131389,-0.013817,-13.166008,12.291172,20.947845,-32.456260,6.151252,-24.467323,13.169,10.77,12.293,10.155,20.955,21.128,32.455,40.649,6.151,4.907,24.472,24.21
2025-11-11T11:31:38.244+01:00,-0.008999,0.004697,-0.001733,-0.076700,-0.084111,-0.012453,-13.168952,12.293708,20.950062,-32.461295,6.150864,-24.469764,13.169,10.77,12.293,10.155,20.955,21.128,32.455,40.649,6.151,4.907,24.472,24.21
2025-11-11T11:31:39.713+01:00,-0.004599,0.002358,0.002614,-0.042960,-0.047689,-0.015163,-13.171790,12.296320,20.952668,-32.465319,6.151822,-24.472498,13.173,10.774,12.299,10.155,20.96,21.136,32.465,40.673,6.152,4.907,24.477,24.221
2025-11-11T11:31:40.474+01:00,-0.005079,0.000486,0.007291,-0.008168,-0.009351,-0.017330,-13.176002,12.300245,20.956898,-32.469523,6.155406,-24.476746,13.173,10.774,12.299,10.155,20.96,21.136,32.465,40.673,6.152,4.907,24.477,24.221
2025-11-11T11:31:41.965+01:00,-0.004063,0.002989,0.012433,0.026266,0.014919,-0.019064,-13.179925,12.303995,20.961194,-32.472362,6.159600,-24.480890,13.183,10.782,12.307,10.163,20.969,21.149,32.472,40.696,6.16,4.914,24.486,24.234
2025-11-11T11:31:42.723+01:00,-0.004651,0.000991,0.017746,0.048612,0.035535,-0.016651,-13.184468,12.308306,20.966397,-32.475042,6.165095,-24.485654,13.183,10.782,12.307,10.163,20.969,21.149,32.472,40.696,6.16,4.914,24.486,24.234
2025-11-11T11:31:44.212+01:00,-0.005121,0.002193,0.020797,0.069090,0.049428,-0.015921,-13.188920,12.312532,20.971667,-32.476930,6.170964,-24.490344,13.191,10.79,12.315,10.172,20.979,21.162,32.476,40.716,6.17,4.924,24.495,24.25
2025-11-11T11:31:44.961+01:00,0.001104,-0.000846,0.018038,0.064472,0.063143,-0.017937,-13.193409,12.317047,20.977184,-32.479278,6.177620,-24.495456,13.191,10.79,12.315,10.172,20.979,21.162,32.476,40.716,6.17,4.924,24.495,24.25
2025-11-11T11:31:46.470+01:00,0.002283,-0.000677,0.018430,0.065978,0.071514,-0.016949,-13.198466,12.322199,20.983369,-32.482184,6.185179,-24.501198,13.2,10.799,12.325,10.181,20.991,21.178,32.482,40.737,6.185,4.935,24.506,24.266
2025-11-11T11:31:47.232+01:00,0.008426,-0.001941,0.016144,0.071182,0.080811,-0.016160,-13.201791,12.325910,20.988057,-32.483486,6.191651,-24.505545,13.2,10.799,12.325,10.181,20.991,21.178,32.482,40.737,6.185,4.935,24.506,24.266
2025-11-11T11:31:48.762+01:00,0.011941,-0.009353,0.015515,0.067546,0.088249,-0.015528,-13.204787,12.329319,20.992589,-32.484740,6.198219,-24.509758,13.207,10.805,12.332,10.185,21.0,21.191,32.484,40.754,6.197,4.946,24.514,24.28
2025-11-11T11:31:49.524+01:00,0.020153,-0.008882,0.013812,0.077637,0.099399,-0.013822,-13.205223,12.330613,20.994950,-32.483538,6.203047,-24.511856,13.207,10.805,12.332,10.185,21.0,21.191,32.484,40.754,6.197,4.946,24.514,24.28
2025-11-11T11:31:50.976+01:00,0.023922,-0.016306,0.009650,0.072709,0.107119,-0.013658,-13.204729,12.331011,20.996371,-32.481751,6.207370,-24.513238,13.207,10.806,12.334,10.187,21.003,21.198,32.481,40.765,6.207,4.953,24.518,24.289
2025-11-11T11:31:51.717+01:00,0.021738,-0.013045,0.015520,0.114567,0.122496,-0.009526,-13.202438,12.329594,20.996240,-32.476741,6.210387,-24.512739,13.207,10.806,12.334,10.187,21.003,21.198,32.481,40.765,6.207,4.953,24.518,24.289
2025-11-11T11:31:53.223+01:00,0.023990,-0.019636,0.007216,0.125854,0.143996,-0.009021,-13.198426,12.326409,20.994059,-32.469722,6.212481,-24.510677,13.201,10.802,12.329,10.188,21.001,21.2,32.469,40.763,6.211,4.958,24.516,24.292
2025-11-11T11:31:53.947+01:00,0.016592,-0.017109,0.008373,0.166283,0.170397,-0.005817,-13.194544,12.323030,20.991690,-32.461131,6.215244,-24.508406,13.201,10.802,12.329,10.188,21.001,21.2,32.469,40.763,6.211,4.958,24.516,24.292
2025-11-11T11:31:55.515+01:00,0.010674,-0.007087,0.005298,0.196026,0.184918,0.003147,-13.189675,12.318566,20.987840,-32.450269,6.217216,-24.504704,13.191,10.795,12.322,10.182,20.995,21.198,32.45,40.752,6.217,4.961,24.51,24.291
2025-11-11T11:31:57.058+01:00,0.005939,-0.005670,0.001639,0.170021,0.170334,0.010317,-13.186358,12.315444,20.985079,-32.441558,6.219968,-24.502092,13.191,10.795,12.322,10.182,20.995,21.198,32.45,40.752,6.217,4.961,24.51,24.291
2025-11-11T11:31:58.551+01:00,0.002151,-0.001936,-0.005289,0.137417,0.137667,0.014854,-13.182731,12.311884,20.981396,-32.433422,6.221098,-24.498761,13.185,10.791,12.314,10.179,20.989,21.196,32.433,40.747,6.221,4.965,24.504,24.293
2025-11-11T11:31:59.312+01:00,-0.004879,0.001052,-0.006831,0.084934,0.087734,0.019683,-13.181098,12.310024,20.979213,-32.428658,6.222173,-24.496790,13.185,10.791,12.314,10.179,20.989,21.196,32.433,40.747,6.221,4.965,24.504,24.293
2025-11-11T11:32:00.802+01:00,-0.013103,0.004841,-0.005465,0.041747,0.032187,0.022346,-13.180767,12.309132,20.977939,-32.426246,6.222289,-24.495481,13.183,10.791,12.311,10.179,20.985,21.196,32.426,40.751,6.222,4.967,24.5,24.295
2025-11-11T11:32:01.577+01:00,-0.013083,0.007873,-0.010972,-0.013803,-0.020250,0.020477,-13.180427,12.308275,20.976311,-32.425661,6.220609,-24.494007,13.183,10.791,12.311,10.179,20.985,21.196,32.426,40.751,6.222,4.967,24.5,24.295
2025-11-11T11:32:03.089+01:00,-0.019666,0.010298,-0.011378,-0.064842,-0.068600,0.020382,-13.182585,12.309632,20.976776,-32.428938,6.219446,-24.494528,13.185,10.793,12.312,10.18,20.984,21.198,32.429,40.768,6.219,4.965,24.499,24.299
2025-11-11T11:32:03.828+01:00,-0.017133,0.010839,-0.014302,-0.103074,-0.104680,0.020305,-13.184050,12.310422,20.976483,-32.432940,6.216461,-24.494346,13.185,10.793,12.312,10.18,20.984,21.198,32.429,40.768,6.219,4.965,24.499,24.299
2025-11-11T11:32:05.381+01:00,-0.013706,0.006071,-0.016642,-0.137659,-0.128344,0.016244,-13.185606,12.311370,20.976320,-32.438364,6.212906,-24.494423,13.188,10.796,12.314,10.183,20.984,21.201,32.437,40.793,6.213,4.959,24.499,24.305
2025-11-11T11:32:06.940+01:00,-0.016165,0.010057,-0.013313,-0.127127,-0.136875,0.016995,-13.186415,12.311523,20.975429,-32.442622,6.208199,-24.493591,13.188,10.796,12.314,10.183,20.984,21.201,32.437,40.793,6.213,4.959,24.499,24.305
2025-11-11T11:32:08.437+01:00,-0.015532,0.009445,-0.008051,-0.099102,-0.117300,0.014996,-13.187078,12.311547,20.974703,-32.445833,6.204060,-24.492750,13.189,10.798,12.314,10.182,20.982,21.204,32.446,40.818,6.205,4.953,24.498,24.311
2025-11-11T11:32:09.196+01:00,-0.008426,0.008956,-0.010441,-0.088481,-0.107040,0.014597,-13.185282,12.309451,20.971754,-32.446590,6.198161,-24.489841,13.189,10.798,12.314,10.182,20.982,21.204,32.446,40.818,6.205,4.953,24.498,24.311
2025-11-11T11:32:10.684+01:00,-0.002740,0.007165,-0.012352,-0.082585,-0.090832,0.011678,-13.182889,12.307005,20.968409,-32.446820,6.192478,-24.486718,13.185,10.795,12.31,10.183,20.976,21.2,32.447,40.833,6.192,4.944,24.491,24.31
2025-11-11T11:32:11.427+01:00,-0.004792,0.012332,-0.004682,-0.066068,-0.075266,0.011942,-13.182765,12.306859,20.967654,-32.448665,6.189497,-24.485802,13.185,10.795,12.31,10.183,20.976,21.2,32.447,40.833,6.192,4.944,24.491,24.31
2025-11-11T11:32:12.933+01:00,0.001366,0.011266,-0.002346,-0.054254,-0.053613,0.005554,-13.183024,12.307396,20.967759,-32.450800,6.187933,-24.485775,13.185,10.796,12.311,10.184,20.975,21.204,32.45,40.85,6.187,4.94,24.491,24.313
2025-11-11T11:32:13.658+01:00,0.001093,0.010413,0.002124,-0.032804,-0.032290,0.003043,-13.184244,12.308875,20.969071,-32.453171,6.188040,-24.486819,13.185,10.796,12.311,10.184,20.975,21.204,32.45,40.85,6.187,4.94,24.491,24.313
2025-11-11T11:32:15.191+01:00,0.002274,0.013530,0.010899,0.002557,-0.010032,0.002434,-13.185436,12.310481,20.970930,-32.454434,6.188984,-24.488012,13.188,10.799,12.313,10.187,20.978,21.21,32.454,40.868,6.188,4.941,24.493,24.321
2025-11-11T11:32:15.952+01:00,0.001819,0.008224,0.010119,-0.003154,-0.005426,-0.000653,-13.187718,12.313042,20.973825,-32.456936,6.191123,-24.490339,13.188,10.799,12.313,10.187,20.978,21.21,32.454,40.868,6.188,4.941,24.493,24.321
2025-11-11T11:32:17.446+01:00,-0.002544,0.007979,0.014695,0.013277,0.000859,0.000878,-13.190627,12.316013,20.977373,-32.459311,6.193907,-24.493078,13.193,10.804,12.32,10.185,20.984,21.22,32.459,40.885,6.193,4.946,24.498,24.331
2025-11-11T11:32:18.246+01:00,-0.000636,0.008983,0.014356,0.026421,0.008488,0.002102,-13.192258,12.317824,20.979742,-32.460077,6.195776,-24.494641,13.193,10.804,12.32,10.185,20.984,21.22,32.459,40.885,6.193,4.946,24.498,24.331
2025-11-11T11:32:19.671+01:00,0.004692,0.001987,0.007485,0.015937,0.019990,-0.002318,-13.193621,12.319473,20.981757,-32.461146,6.197975,-24.496301,13.196,10.807,12.322,10.19,20.989,21.228,32.461,40.9,6.197,4.949,24.501,24.34
2025-11-11T11:32:20.399+01:00,0.003753,0.001589,0.007388,0.037750,0.029192,-0.000454,-13.193381,12.319460,20.982119,-32.459854,6.198867,-24.496322,13.196,10.807,12.322,10.19,20.989,21.228,32.461,40.9,6.197,4.949,24.501,24.34
2025-11-11T11:32:21.910+01:00,0.000403,0.005271,0.005910,0.055200,0.035154,-0.000364,-13.192523,12.318723,20.981597,-32.457192,6.199187,-24.495575,13.195,10.807,12.322,10.192,20.989,21.231,32.457,40.908,6.199,4.951,24.5,24.345
2025-11-11T11:32:22.671+01:00,0.005522,-0.002383,0.002128,0.051960,0.053123,-0.002891,-13.191691,12.318106,20.981181,-32.454869,6.200364,-24.495203,13.195,10.807,12.322,10.192,20.989,21.231,32.457,40.908,6.199,4.951,24.5,24.345
2025-11-11T11:32:24.164+01:00,0.004418,-0.004506,0.001703,0.059968,0.066098,-0.000913,-13.191279,12.317809,20.981106,-32.452619,6.202337,-24.495189,13.194,10.808,12.32,10.19,20.988,21.234,32.453,40.914,6.202,4.952,24.499,24.35
2025-11-11T11:32:24.925+01:00,0.012734,-0.010205,-0.002638,0.045374,0.066079,-0.003330,-13.189322,12.316268,20.979707,-32.449713,6.203182,-24.494104,13.194,10.808,12.32,10.19,20.988,21.234,32.453,40.914,6.202,4.952,24.499,24.35
2025-11-11T11:32:27.190+01:00,0.014187,-0.010764,0.001890,0.053299,0.075263,-0.006664,-13.188186,12.315631,20.979479,-32.447443,6.205263,-24.494030,13.191,10.806,12.318,10.189,20.987,21.236,32.447,40.925,6.205,4.955,24.499,24.356
2025-11-11T11:32:28.755+01:00,0.015350,-0.007211,0.006712,0.089840,0.097010,-0.002731,-13.185620,12.313728,20.978192,-32.442625,6.206789,-24.492623,13.191,10.806,12.318,10.189,20.987,21.236,32.447,40.925,6.205,4.955,24.499,24.356
2025-11-11T11:32:30.280+01:00,0.017480,-0.003169,0.011969,0.111272,0.105208,-0.000785,-13.181966,12.310964,20.976262,-32.436175,6.207669,-24.490267,13.184,10.803,12.313,10.188,20.984,21.238,32.435,40.929,6.207,4.958,24.495,24.358
2025-11-11T11:32:31.043+01:00,0.020584,-0.003935,0.004376,0.085017,0.098567,0.001972,-13.178122,12.308158,20.973909,-32.430543,6.208249,-24.487782,13.184,10.803,12.313,10.188,20.984,21.238,32.435,40.929,6.207,4.958,24.495,24.358
2025-11-11T11:32:32.574+01:00,0.015067,-0.000548,0.004900,0.066614,0.081453,0.004178,-13.176167,12.307044,20.973180,-32.427134,6.209860,-24.486804,13.179,10.798,12.309,10.183,20.981,21.238,32.427,40.929,6.21,4.96,24.492,24.36
2025-11-11T11:32:33.335+01:00,0.016054,0.000961,-0.000080,0.066491,0.078363,0.007342,-13.172387,12.304188,20.970409,-32.421967,6.209598,-24.483981,13.179,10.798,12.309,10.183,20.981,21.238,32.427,40.929,6.21,4.96,24.492,24.36
2025-11-11T11:32:34.867+01:00,0.012843,0.002169,-0.000064,0.055793,0.077090,0.008474,-13.170630,12.303226,20.969493,-32.418995,6.211134,-24.482976,13.173,10.794,12.306,10.18,20.977,21.238,32.419,40.932,6.211,4.96,24.487,24.361
2025-11-11T11:32:35.629+01:00,0.007674,0.010935,-0.001451,0.053834,0.060272,0.014579,-13.168361,12.301683,20.967704,-32.415340,6.211360,-24.481026,13.173,10.794,12.306,10.18,20.977,21.238,32.419,40.932,6.211,4.96,24.487,24.361
2025-11-11T11:32:37.161+01:00,0.003539,0.013948,0.001439,0.037867,0.036418,0.018263,-13.166846,12.300765,20.966603,-32.412786,6.211352,-24.479480,13.169,10.792,12.303,10.18,20.974,21.238,32.413,40.937,6.211,4.962,24.485,24.363
2025-11-11T11:32:37.922+01:00,0.000232,0.012559,0.002551,0.032894,0.033134,0.017211,-13.166627,12.300951,20.966682,-32.411515,6.212364,-24.479068,13.169,10.792,12.303,10.18,20.974,21.238,32.413,40.937,6.211,4.962,24.485,24.363
2025-11-11T11:32:39.454+01:00,-0.003815,0.015247,0.003441,0.034115,0.019907,0.020368,-13.165879,12.300460,20.966055,-32.409492,6.212227,-24.477827,13.168,10.793,12.303,10.183,20.973,21.24,32.409,40.943,6.212,4.962,24.482,24.366
2025-11-11T11:32:40.216+01:00,-0.008252,0.013598,-0.001247,-0.000308,-0.002474,0.014895,-13.167336,12.301893,20.967113,-32.410544,6.213273,-24.478565,13.168,10.793,12.303,10.183,20.973,21.24,32.409,40.943,6.212,4.962,24.482,24.366
2025-11-11T11:32:41.749+01:00,-0.013201,0.010878,0.003002,-0.012046,-0.016379,0.015916,-13.170482,12.304716,20.969822,-32.413428,6.215298,-24.480681,13.173,10.797,12.307,10.185,20.977,21.248,32.413,40.96,6.215,4.965,24.486,24.374
2025-11-11T11:32:42.508+01:00,-0.011961,0.010102,-0.002798,-0.041037,-0.043303,0.014133,-13.172679,12.306613,20.971301,-32.416387,6.215498,-24.481839,13.173,10.797,12.307,10.185,20.977,21.248,32.413,40.96,6.215,4.965,24.486,24.374
2025-11-11T11:32:44.043+01:00,-0.010969,0.005482,-0.006239,-0.070830,-0.066043,0.009906,-13.174927,12.308499,20.972680,-32.420437,6.215002,-24.483099,13.177,10.801,12.311,10.192,20.98,21.254,32.42,40.981,6.215,4.964,24.488,24.381
2025-11-11T11:32:44.804+01:00,-0.013975,0.008386,-0.002391,-0.086864,-0.093434,0.011925,-13.177591,12.310715,20.974505,-32.425330,6.213850,-24.484500,13.177,10.801,12.311,10.192,20.98,21.254,32.42,40.981,6.215,4.964,24.488,24.381
2025-11-11T11:32:46.338+01:00,-0.009780,0.001508,-0.011113,-0.120691,-0.112747,0.010940,-13.178884,12.311600,20.974680,-32.430178,6.210821,-24.484671,13.181,10.805,12.313,10.195,20.982,21.259,32.429,41.006,6.211,4.961,24.489,24.388
2025-11-11T11:32:47.136+01:00,-0.014424,0.002607,-0.004890,-0.109753,-0.120398,0.010152,-13.180544,12.312639,20.975297,-32.434850,6.207686,-24.484982,13.181,10.805,12.313,10.195,20.982,21.259,32.429,41.006,6.211,4.961,24.489,24.388
2025-11-11T11:32:48.631+01:00,-0.015539,0.007285,-0.005312,-0.104802,-0.125118,0.010722,-13.181577,12.313083,20.975189,-32.438677,6.203722,-24.484580,13.184,10.808,12.315,10.197,20.982,21.263,32.438,41.029,6.203,4.956,24.49,24.393
2025-11-11T11:32:49.392+01:00,-0.011031,0.000628,-0.009450,-0.124442,-0.123695,0.007177,-13.182994,12.313982,20.975461,-32.443716,6.200361,-24.484831,13.184,10.808,12.315,10.197,20.982,21.263,32.438,41.029,6.203,4.956,24.49,24.393
2025-11-11T11:32:50.881+01:00,-0.012825,0.004503,-0.003560,-0.115353,-0.125156,0.005742,-13.185184,12.315654,20.976733,-32.449153,6.197668,-24.485801,13.187,10.813,12.318,10.199,20.984,21.268,32.449,41.053,6.197,4.952,24.491,24.398
2025-11-11T11:32:51.640+01:00,-0.001060,-0.001598,-0.006848,-0.113283,-0.105325,-0.000607,-13.185735,12.316148,20.976825,-32.453455,6.194564,-24.485908,13.187,10.813,12.318,10.199,20.984,21.268,32.449,41.053,6.197,4.952,24.491,24.398
2025-11-11T11:32:53.112+01:00,-0.000848,-0.003878,-0.001478,-0.086626,-0.073660,-0.004485,-13.187870,12.318199,20.978825,-32.458447,6.194125,-24.487791,13.19,10.816,12.322,10.2,20.986,21.272,32.459,41.077,6.194,4.949,24.492,24.406
2025-11-11T11:32:53.853+01:00,0.005922,0.000897,0.004017,-0.043101,-0.039328,-0.003588,-13.188281,12.318995,20.979799,-32.460652,6.193497,-24.488411,13.19,10.816,12.322,10.2,20.986,21.272,32.459,41.077,6.194,4.949,24.492,24.406
2025-11-11T11:32:55.384+01:00,0.011337,0.000718,0.007214,-0.014881,-0.013062,-0.002871,-13.187427,12.318814,20.980001,-32.460948,6.192783,-24.488128,13.189,10.816,12.322,10.203,20.987,21.276,32.461,41.091,6.193,4.949,24.493,24.411
2025-11-11T11:32:56.147+01:00,0.010470,-0.000826,0.007171,-0.004105,-0.002650,-0.004896,-13.186700,12.318687,20.980299,-32.460976,6.192504,-24.488012,13.189,10.816,12.322,10.203,20.987,21.276,32.461,41.091,6.193,4.949,24.493,24.411
2025-11-11T11:32:57.678+01:00,0.008376,-0.000661,0.008337,0.005916,-0.002120,-0.002517,-13.185369,12.317857,20.979951,-32.459986,6.191555,-24.487157,13.188,10.814,12.322,10.204,20.987,21.28,32.459,41.103,6.191,4.948,24.492,24.415
2025-11-11T11:32:58.440+01:00,0.005301,-0.001928,0.004070,-0.005867,-0.003096,-0.007214,-13.185625,12.318419,20.980791,-32.460787,6.191967,-24.487804,13.188,10.814,12.322,10.204,20.987,21.28,32.459,41.103,6.191,4.948,24.492,24.415
2025-11-11T11:32:59.933+01:00,-0.002359,-0.001543,0.004656,-0.004694,-0.010277,-0.007171,-13.187037,12.319747,20.982397,-32.462318,6.192912,-24.489198,13.189,10.816,12.322,10.204,20.989,21.286,32.462,41.117,6.193,4.949,24.494,24.422
2025-11-11T11:33:00.695+01:00,-0.001888,-0.001234,0.002325,-0.019555,-0.018821,-0.007137,-13.188755,12.321406,20.984203,-32.464660,6.193879,-24.490882,13.189,10.816,12.322,10.204,20.989,21.286,32.462,41.117,6.193,4.949,24.494,24.422
2025-11-11T11:33:02.201+01:00,-0.002910,-0.007587,-0.002140,-0.038044,-0.022857,-0.010909,-13.191486,12.323874,20.986712,-32.468541,6.195625,-24.493568,13.194,10.822,12.327,10.208,20.994,21.294,32.468,41.138,6.195,4.951,24.499,24.432
2025-11-11T11:33:02.943+01:00,-0.006328,-0.003470,-0.000312,-0.031835,-0.030086,-0.008728,-13.194023,12.326056,20.988932,-32.471866,6.196787,-24.495831,13.194,10.822,12.327,10.208,20.994,21.294,32.468,41.138,6.195,4.951,24.499,24.432
2025-11-11T11:33:04.448+01:00,-0.001062,-0.005376,-0.008050,-0.050468,-0.033269,-0.009582,-13.195509,12.327395,20.989948,-32.474994,6.197005,-24.497289,13.198,10.826,12.33,10.213,20.997,21.3,32.474,41.158,6.196,4.953,24.502,24.44
2025-11-11T11:33:05.182+01:00,-0.006050,-0.002901,-0.002440,-0.029774,-0.024015,-0.007666,-13.198001,12.329544,20.992006,-32.478199,6.198315,-24.499503,13.198,10.826,12.33,10.213,20.997,21.3,32.474,41.158,6.196,4.953,24.502,24.44
2025-11-11T11:33:06.689+01:00,-0.006240,0.005479,-0.001952,-0.005420,-0.010012,-0.002133,-13.199510,12.330877,20.993093,-32.479606,6.199117,-24.500654,13.202,10.83,12.334,10.216,21.0,21.306,32.48,41.176,6.199,4.954,24.505,24.448
2025-11-11T11:33:07.475+01:00,-0.003592,0.000384,-0.012162,-0.005736,0.006391,-0.003106,-13.199937,12.331117,20.992650,-32.480017,6.199450,-24.500885,13.202,10.83,12.334,10.216,21.0,21.306,32.48,41.176,6.199,4.954,24.505,24.448
2025-11-11T11:33:08.982+01:00,-0.008074,0.008107,-0.011129,0.023011,0.020912,0.000115,-13.200236,12.331158,20.991882,-32.479117,6.199935,-24.500738,13.202,10.831,12.334,10.217,20.999,21.308,32.478,41.187,6.2,4.955,24.505,24.453
2025-11-11T11:33:09.745+01:00,-0.002459,0.002485,-0.016703,0.018409,0.031130,0.001492,-13.199159,12.329974,20.989712,-32.477242,6.199631,-24.499481,13.202,10.831,12.334,10.217,20.999,21.308,32.478,41.187,6.2,4.955,24.505,24.453
2025-11-11T11:33:11.276+01:00,-0.005967,0.000588,-0.014763,0.022527,0.040704,0.001194,-13.199893,12.330383,20.989262,-32.476837,6.201272,-24.499881,13.203,10.832,12.333,10.217,20.996,21.309,32.476,41.196,6.202,4.957,24.505,24.456
2025-11-11T11:33:12.857+01:00,-0.003374,0.003071,-0.018410,0.031222,0.045763,0.002355,-13.198803,12.329138,20.986900,-32.474441,6.201396,-24.498573,13.203,10.832,12.333,10.217,20.996,21.309,32.476,41.196,6.202,4.957,24.505,24.456
2025-11-11T11:33:14.388+01:00,-0.006699,-0.001543,-0.016128,0.040777,0.048411,-0.002116,-13.198107,12.328007,20.984854,-32.471944,6.201862,-24.497602,13.201,10.832,12.331,10.22,20.992,21.308,32.472,41.206,6.201,4.958,24.502,24.461
2025-11-11T11:33:15.969+01:00,-0.003959,-0.005235,-0.014303,0.043222,0.049328,-0.003093,-13.196605,12.326131,20.982238,-32.468696,6.201717,-24.496000,13.201,10.832,12.331,10.22,20.992,21.308,32.472,41.206,6.201,4.958,24.502,24.461
2025-11-11T11:33:17.504+01:00,-0.003167,-0.004188,-0.006242,0.069978,0.059063,-0.002474,-13.194317,12.323547,20.979325,-32.463838,6.201230,-24.493711,13.196,10.829,12.326,10.219,20.986,21.307,32.464,41.211,6.201,4.957,24.499,24.463
2025-11-11T11:33:18.263+01:00,0.002666,-0.011150,-0.006394,0.046782,0.056450,-0.008579,-13.192957,12.322046,20.977655,-32.460939,6.201867,-24.492758,13.196,10.829,12.326,10.219,20.986,21.307,32.464,41.211,6.201,4.957,24.499,24.463
2025-11-11T11:33:19.770+01:00,0.000733,-0.014120,-0.006515,0.024226,0.042560,-0.013464,-13.193371,12.322154,20.977643,-32.460449,6.203693,-24.493529,13.196,10.829,12.325,10.22,20.985,21.308,32.46,41.218,6.203,4.96,24.499,24.468
2025-11-11T11:33:20.531+01:00,0.001986,-0.009896,-0.001212,0.020781,0.022248,-0.012171,-13.192712,12.321361,20.976924,-32.459118,6.203893,-24.493246,13.196,10.829,12.325,10.22,20.985,21.308,32.46,41.218,6.203,4.96,24.499,24.468
2025-11-11T11:33:22.064+01:00,0.005589,-0.009317,-0.002370,-0.004376,0.004598,-0.012337,-13.191981,12.320698,20.976265,-32.458739,6.203599,-24.493020,13.194,10.829,12.324,10.221,20.984,21.31,32.458,41.226,6.203,4.96,24.498,24.472
2025-11-11T11:33:22.823+01:00,0.007071,-0.007454,0.002104,0.012300,-0.002921,-0.011269,-13.188773,12.317687,20.973469,-32.455473,6.200732,-24.490407,13.194,10.829,12.324,10.221,20.984,21.31,32.458,41.226,6.203,4.96,24.498,24.472
2025-11-11T11:33:24.312+01:00,0.009657,-0.009963,0.004284,0.004640,0.000263,-0.014215,-13.186693,12.315896,20.972078,-32.453712,6.199226,-24.489125,13.189,10.825,12.319,10.213,20.979,21.308,32.453,41.229,6.199,4.956,24.493,24.472
2025-11-11T11:33:25.090+01:00,0.006326,-0.009370,0.012627,0.016912,0.006810,-0.015372,-13.186554,12.315917,20.972940,-32.453336,6.199755,-24.489692,13.189,10.825,12.319,10.213,20.979,21.308,32.453,41.229,6.199,4.956,24.493,24.472
2025-11-11T11:33:26.559+01:00,0.002460,-0.007496,0.017901,0.031929,0.018648,-0.014898,-13.188160,12.317540,20.975648,-32.454009,6.202251,-24.491845,13.191,10.827,12.321,10.218,20.982,21.314,32.453,41.239,6.202,4.959,24.497,24.479
2025-11-11T11:33:27.282+01:00,0.005968,-0.007397,0.016921,0.042543,0.028119,-0.013318,-13.188373,12.317953,20.977124,-32.453129,6.203858,-24.492794,13.191,10.827,12.321,10.218,20.982,21.314,32.453,41.239,6.202,4.959,24.497,24.479
2025-11-11T11:33:28.775+01:00,0.008775,-0.013718,0.014937,0.043235,0.047495,-0.014655,-13.189305,12.319093,20.979378,-32.453049,6.206937,-24.494675,13.192,10.829,12.322,10.221,20.986,21.32,32.453,41.25,6.207,4.963,24.5,24.487
2025-11-11T11:33:29.538+01:00,0.007020,-0.008374,0.017150,0.059588,0.052396,-0.009124,-13.189694,12.319725,20.981141,-32.451823,6.209579,-24.495849,13.192,10.829,12.322,10.221,20.986,21.32,32.453,41.25,6.207,4.963,24.5,24.487
2025-11-11T11:33:31.036+01:00,0.008216,-0.009299,0.008520,0.039870,0.045917,-0.008699,-13.189642,12.319936,20.982045,-32.450839,6.211568,-24.496581,13.191,10.83,12.323,10.22,20.989,21.326,32.45,41.258,6.211,4.967,24.502,24.494
2025-11-11T11:33:31.823+01:00,0.001373,-0.010039,0.006816,0.052896,0.060333,-0.006959,-13.190943,12.321123,20.983841,-32.450399,6.215028,-24.498316,13.191,10.83,12.323,10.22,20.989,21.326,32.45,41.258,6.211,4.967,24.502,24.494
2025-11-11T11:33:33.266+01:00,-0.005502,-0.004032,0.004053,0.077717,0.071867,-0.004167,-13.192029,12.321848,20.984883,-32.448558,6.218312,-24.499456,13.195,10.833,12.324,10.223,20.992,21.332,32.448,41.266,6.217,4.972,24.505,24.501
2025-11-11T11:33:34.812+01:00,-0.004402,-0.003225,-0.003358,0.060774,0.069293,-0.000734,-13.192973,12.322483,20.985415,-32.447150,6.221362,-24.500389,13.195,10.833,12.324,10.223,20.992,21.332,32.448,41.266,6.217,4.972,24.505,24.501
2025-11-11T11:33:36.333+01:00,-0.014121,0.001420,-0.001286,0.069619,0.058035,0.004613,-13.194429,12.323220,20.986021,-32.445479,6.224077,-24.501198,13.197,10.836,12.327,10.224,20.993,21.337,32.445,41.275,6.224,4.978,24.506,24.508
2025-11-11T11:33:37.076+01:00,-0.016497,0.002536,-0.005029,0.046495,0.042428,0.005090,-13.196911,12.324863,20.987287,-32.445442,6.227127,-24.502815,13.197,10.836,12.327,10.224,20.993,21.337,32.445,41.275,6.224,4.978,24.506,24.508
2025-11-11T11:33:38.582+01:00,-0.020998,0.007229,-0.002623,0.038596,0.027342,0.006672,-13.200537,12.327521,20.989572,-32.446589,6.230594,-24.505263,13.203,10.841,12.33,10.232,20.997,21.343,32.445,41.287,6.23,4.983,24.509,24.517
2025-11-11T11:33:39.329+01:00,-0.014198,0.005783,-0.009899,0.017677,0.019274,0.007938,-13.202405,12.328710,20.990035,-32.446983,6.232323,-24.506208,13.203,10.841,12.33,10.232,20.997,21.343,32.445,41.287,6.23,4.983,24.509,24.517
2025-11-11T11:33:40.819+01:00,-0.012758,0.002026,-0.007919,-0.021259,-0.014781,0.004950,-13.205058,12.330685,20.991460,-32.449546,6.233763,-24.507970,13.207,10.846,12.334,10.233,20.999,21.349,32.449,41.3,6.234,4.986,24.513,24.525
2025-11-11T11:33:41.582+01:00,-0.010207,0.003021,-0.002335,-0.032807,-0.047225,0.006560,-13.205688,12.330802,20.991298,-32.450675,6.232276,-24.507746,13.207,10.846,12.334,10.233,20.999,21.349,32.449,41.3,6.234,4.986,24.513,24.525
2025-11-11T11:33:43.075+01:00,-0.004165,0.002417,0.000732,-0.036845,-0.058780,0.006648,-13.204406,12.329314,20.989724,-32.450378,6.228824,-24.505906,13.207,10.846,12.332,10.234,20.997,21.349,32.449,41.312,6.228,4.982,24.511,24.527
2025-11-11T11:33:43.837+01:00,0.000668,-0.002067,0.004586,-0.042676,-0.058824,0.001319,-13.203406,12.328274,20.988927,-32.450825,6.225895,-24.504715,13.207,10.846,12.332,10.234,20.997,21.349,32.449,41.312,6.228,4.982,24.511,24.527
2025-11-11T11:33:45.342+01:00,0.001934,-0.000253,0.007668,-0.030141,-0.057659,0.001055,-13.201406,12.326346,20.987377,-32.449955,6.222100,-24.502622,13.204,10.844,12.329,10.231,20.995,21.35,32.45,41.322,6.222,4.977,24.507,24.527
2025-11-11T11:33:46.085+01:00,0.006747,-0.009403,0.003535,-0.049113,-0.053927,-0.005756,-13.199921,12.324977,20.986388,-32.450453,6.219130,-24.501422,13.204,10.844,12.329,10.231,20.995,21.35,32.45,41.322,6.222,4.977,24.507,24.527
2025-11-11T11:33:47.618+01:00,0.006798,-0.008922,0.002828,-0.043290,-0.045742,-0.008605,-13.198784,12.323963,20.985716,-32.451104,6.216774,-24.500651,13.201,10.842,12.327,10.226,20.993,21.351,32.451,41.333,6.216,4.973,24.506,24.53
2025-11-11T11:33:48.378+01:00,0.014638,-0.011138,-0.001738,-0.042432,-0.041793,-0.010884,-13.194965,12.320617,20.982547,-32.449474,6.212255,-24.497671,13.201,10.842,12.327,10.226,20.993,21.351,32.451,41.333,6.216,4.973,24.506,24.53
2025-11-11T11:33:49.912+01:00,0.018311,-0.010310,-0.002790,-0.040546,-0.034835,-0.010107,-13.190536,12.316872,20.978919,-32.447366,6.207538,-24.494275,13.192,10.837,12.32,10.215,20.986,21.347,32.446,41.338,6.207,4.965,24.499,24.527
2025-11-11T11:33:50.671+01:00,0.014648,-0.004248,0.002968,-0.023237,-0.027868,-0.010686,-13.187362,12.314353,20.976692,-32.445793,6.204164,-24.492013,13.192,10.837,12.32,10.215,20.986,21.347,32.446,41.338,6.207,4.965,24.499,24.527
2025-11-11T11:33:52.205+01:00,0.016919,-0.004798,0.002374,-0.021189,-0.017094,-0.011149,-13.184490,12.312246,20.974871,-32.444563,6.201556,-24.490207,13.187,10.833,12.315,10.215,20.982,21.345,32.445,41.345,6.201,4.961,24.495,24.528
2025-11-11T11:33:52.967+01:00,0.012135,-0.001239,0.007099,-0.006351,-0.009675,-0.011519,-13.183145,12.311520,20.974604,-32.444147,6.200514,-24.489740,13.187,10.833,12.315,10.215,20.982,21.345,32.445,41.345,6.201,4.961,24.495,24.528
2025-11-11T11:33:54.500+01:00,0.008308,0.000409,0.012280,0.001519,-0.010340,-0.009215,-13.182723,12.311578,20.975354,-32.444222,6.200213,-24.489977,13.185,10.832,12.314,10.214,20.982,21.349,32.443,41.354,6.2,4.96,24.495,24.532
2025-11-11T11:33:55.260+01:00,0.005246,-0.001073,0.005824,-0.035585,-0.031872,-0.012572,-13.184101,12.313234,20.977381,-32.447147,6.200783,-24.491830,13.185,10.832,12.314,10.214,20.982,21.349,32.443,41.354,6.2,4.96,24.495,24.532
2025-11-11T11:33:56.708+01:00,0.000197,-0.003458,0.009859,-0.062668,-0.058298,-0.014058,-13.187798,12.316917,20.981681,-32.453046,6.202540,-24.495707,13.189,10.837,12.32,10.219,20.989,21.358,32.453,41.377,6.202,4.962,24.501,24.541
2025-11-11T11:33:57.435+01:00,-0.002442,-0.004167,0.015687,-0.068534,-0.075438,-0.011246,-13.191827,12.320800,20.986508,-32.459373,6.203966,-24.499704,13.189,10.837,12.32,10.219,20.989,21.358,32.453,41.377,6.202,4.962,24.501,24.541
2025-11-11T11:33:58.938+01:00,0.005846,-0.008533,0.008550,-0.095427,-0.086551,-0.012997,-13.194106,12.323250,20.989641,-32.465249,6.203650,-24.502359,13.197,10.843,12.326,10.224,20.997,21.369,32.465,41.402,6.203,4.963,24.507,24.552
2025-11-11T11:33:59.724+01:00,0.000677,-0.005427,0.010840,-0.090742,-0.090240,-0.010398,-13.197251,12.326374,20.993497,-32.471580,6.203837,-24.505564,13.197,10.843,12.326,10.224,20.997,21.369,32.465,41.402,6.203,4.963,24.507,24.552
2025-11-11T11:34:01.231+01:00,-0.000858,0.000859,0.008672,-0.081794,-0.094592,-0.009718,-13.199185,12.328330,20.995935,-32.476340,6.202610,-24.507458,13.202,10.847,12.331,10.228,21.003,21.379,32.475,41.426,6.203,4.963,24.513,24.562
2025-11-11T11:34:02.017+01:00,-0.004687,-0.001913,0.005537,-0.087835,-0.090074,-0.012974,-13.202887,12.331780,20.999757,-32.482825,6.203067,-24.510980,13.202,10.847,12.331,10.228,21.003,21.379,32.475,41.426,6.203,4.963,24.513,24.562
2025-11-11T11:34:03.524+01:00,-0.007749,0.003670,0.001830,-0.067668,-0.082659,-0.010380,-13.205272,12.333853,21.001876,-32.487164,6.202307,-24.512995,13.208,10.853,12.337,10.234,21.009,21.387,32.487,41.449,6.202,4.963,24.518,24.571
2025-11-11T11:34:04.310+01:00,-0.004800,-0.001064,-0.006336,-0.058134,-0.052927,-0.012304,-13.207402,12.335686,21.003434,-32.491011,6.202361,-24.514990,13.208,10.853,12.337,10.234,21.009,21.387,32.487,41.449,6.202,4.963,24.518,24.571
2025-11-11T11:34:05.818+01:00,-0.006440,0.000549,-0.005069,-0.026907,-0.029142,-0.011243,-13.209193,12.337126,21.004632,-32.493393,6.202804,-24.516620,13.212,10.857,12.34,10.237,21.012,21.393,32.493,41.467,6.203,4.963,24.521,24.579
2025-11-11T11:34:06.605+01:00,-0.002552,-0.004761,-0.010655,-0.029326,-0.011513,-0.011594,-13.210850,12.338497,21.005582,-32.495869,6.203834,-24.518341,13.212,10.857,12.34,10.237,21.012,21.393,32.493,41.467,6.203,4.963,24.521,24.579
2025-11-11T11:34:08.137+01:00,-0.004641,-0.003809,-0.012524,-0.014261,0.007789,-0.013275,-13.213309,12.340569,21.007109,-32.498509,6.206184,-24.520833,13.216,10.861,12.344,10.242,21.014,21.399,32.498,41.484,6.206,4.965,24.525,24.587
2025-11-11T11:34:08.898+01:00,0.001487,0.000953,-0.016619,0.013591,0.033831,-0.009220,-13.212998,12.340272,21.005955,-32.497761,6.206943,-24.520859,13.216,10.861,12.344,10.242,21.014,21.399,32.498,41.484,6.206,4.965,24.525,24.587
2025-11-11T11:34:10.429+01:00,-0.000210,-0.000638,-0.017295,0.033273,0.058465,-0.009976,-13.213393,12.340552,21.005372,-32.496945,6.209138,-24.521583,13.216,10.862,12.344,10.242,21.013,21.4,32.496,41.492,6.209,4.968,24.526,24.592
2025-11-11T11:34:11.190+01:00,0.003832,-0.000510,-0.020436,0.054218,0.076972,-0.005381,-13.211262,12.338507,21.002288,-32.493102,6.209649,-24.519953,13.216,10.862,12.344,10.242,21.013,21.4,32.496,41.492,6.209,4.968,24.526,24.592
2025-11-11T11:34:12.723+01:00,0.007065,0.002192,-0.020349,0.055175,0.083978,-0.002905,-13.209015,12.336580,20.999266,-32.489266,6.210444,-24.518338,13.211,10.859,12.34,10.241,21.007,21.396,32.489,41.493,6.21,4.97,24.523,24.593
2025-11-11T11:34:13.484+01:00,0.005652,0.001753,-0.017679,0.061140,0.077782,0.001676,-13.205704,12.333519,20.995237,-32.484114,6.209955,-24.515503,13.211,10.859,12.34,10.241,21.007,21.396,32.489,41.493,6.21,4.97,24.523,24.593
2025-11-11T11:34:15.016+01:00,0.007122,-0.001197,-0.014143,0.048912,0.072826,-0.000059,-13.203532,12.331629,20.992626,-32.480583,6.210526,-24.513912,13.206,10.856,12.334,10.238,21.0,21.391,32.48,41.492,6.21,4.97,24.518,24.593
2025-11-11T11:34:15.777+01:00,0.003097,0.005642,-0.008715,0.056129,0.066061,0.005153,-13.201842,12.330184,20.990577,-32.477107,6.211200,-24.512492,13.206,10.856,12.334,10.238,21.0,21.391,32.48,41.492,6.21,4.97,24.518,24.593
2025-11-11T11:34:17.309+01:00,0.001078,0.005914,-0.006972,0.054104,0.062048,0.006722,-13.200654,12.329151,20.989012,-32.474095,6.212144,-24.511431,13.204,10.854,12.332,10.237,20.996,21.391,32.474,41.494,6.212,4.972,24.516,24.596
2025-11-11T11:34:18.070+01:00,-0.003138,0.004731,0.002223,0.053883,0.049639,0.007978,-13.200714,12.329155,20.988983,-32.472150,6.213761,-24.511373,13.204,10.854,12.332,10.237,20.996,21.391,32.474,41.494,6.212,4.972,24.516,24.596
2025-11-11T11:34:19.602+01:00,-0.006510,0.006385,0.010978,0.049706,0.035711,0.008982,-13.202352,12.330629,20.990845,-32.471786,6.216362,-24.512685,13.205,10.855,12.334,10.24,20.998,21.395,32.472,41.502,6.215,4.975,24.518,24.6
2025-11-11T11:34:20.362+01:00,-0.003808,0.006508,0.010182,0.025365,0.021969,0.005786,-13.204864,12.333120,20.993692,-32.473227,6.219491,-24.515013,13.205,10.855,12.334,10.24,20.998,21.395,32.472,41.502,6.215,4.975,24.518,24.6
2025-11-11T11:34:21.894+01:00,-0.005646,0.006606,0.015946,0.024292,0.006975,0.007229,-13.207274,12.335435,20.996665,-32.474551,6.221972,-24.517103,13.21,10.861,12.339,10.244,21.004,21.403,32.474,41.515,6.223,4.98,24.521,24.609
2025-11-11T11:34:22.653+01:00,-0.001917,0.003885,0.011357,0.006234,-0.002220,0.004383,-13.209014,12.337200,20.998921,-32.475976,6.223637,-24.518724,13.21,10.861,12.339,10.244,21.004,21.403,32.474,41.515,6.223,4.98,24.521,24.609
2025-11-11T11:34:24.225+01:00,0.001066,-0.000892,0.011685,-0.006813,-0.006976,0.003506,-13.210814,12.339084,21.001428,-32.478045,6.225346,-24.520562,13.213,10.864,12.342,10.247,21.008,21.411,32.478,41.53,6.225,4.983,24.525,24.617
2025-11-11T11:34:24.987+01:00,0.004853,-0.003314,0.009348,-0.013250,-0.012181,0.002805,-13.211202,12.339694,21.002611,-32.479121,6.225660,-24.521183,13.213,10.864,12.342,10.247,21.008,21.411,32.478,41.53,6.225,4.983,24.525,24.617
2025-11-11T11:34:26.518+01:00,0.005282,-0.007851,0.002279,-0.029000,-0.014945,-0.000356,-13.211595,12.340213,21.003426,-32.480716,6.225862,-24.521863,13.214,10.866,12.343,10.247,21.01,21.415,32.48,41.544,6.225,4.983,24.527,24.622
2025-11-11T11:34:27.242+01:00,-0.000974,-0.004881,0.004423,-0.023200,-0.027756,0.003715,-13.211711,12.340198,21.003739,-32.481560,6.225072,-24.521844,13.214,10.866,12.343,10.247,21.01,21.415,32.48,41.544,6.225,4.983,24.527,24.622
2025-11-11T11:34:28.810+01:00,0.003221,-0.006505,-0.001662,-0.043560,-0.035405,0.001572,-13.211190,12.339713,21.003302,-32.482643,6.223559,-24.521399,13.213,10.866,12.343,10.246,21.01,21.417,32.482,41.557,6.223,4.982,24.527,24.626
2025-11-11T11:34:29.572+01:00,-0.004023,-0.002604,0.002671,-0.038848,-0.046724,0.003858,-13.211631,12.339907,21.003668,-32.484196,6.222282,-24.521480,13.213,10.866,12.343,10.246,21.01,21.417,32.482,41.557,6.223,4.982,24.527,24.626
2025-11-11T11:34:31.104+01:00,-0.008419,0.003117,0.002137,-0.038879,-0.058379,0.005686,-13.212046,12.339964,21.003730,-32.485518,6.220370,-24.521236,13.215,10.867,12.343,10.247,21.011,21.421,32.484,41.57,6.22,4.979,24.525,24.629
2025-11-11T11:34:31.827+01:00,-0.006735,-0.001506,-0.008891,-0.065303,-0.066303,0.000549,-13.212217,12.339722,21.002998,-32.487517,6.217937,-24.520862,13.215,10.867,12.343,10.247,21.011,21.421,32.484,41.57,6.22,4.979,24.525,24.629
2025-11-11T11:34:33.396+01:00,-0.011988,0.002795,-0.007113,-0.049642,-0.064843,0.000439,-13.212678,12.339585,21.002357,-32.489033,6.215591,-24.520523,13.216,10.869,12.342,10.246,21.01,21.423,32.488,41.584,6.215,4.976,24.525,24.633
2025-11-11T11:34:34.156+01:00,-0.008190,-0.001764,-0.016290,-0.048914,-0.044074,-0.002249,-13.212540,12.338907,21.000784,-32.490065,6.213441,-24.519845,13.216,10.869,12.342,10.246,21.01,21.423,32.488,41.584,6.215,4.976,24.525,24.633
2025-11-11T11:34:35.688+01:00,-0.009152,-0.004011,-0.013032,-0.039131,-0.026059,-0.004399,-13.214237,12.339970,21.001174,-32.492538,6.213664,-24.521042,13.216,10.871,12.342,10.246,21.008,21.424,32.492,41.598,6.213,4.974,24.526,24.637
2025-11-11T11:34:36.449+01:00,-0.008722,0.000791,-0.014426,-0.019505,-0.019447,-0.003519,-13.214178,12.339382,20.999725,-32.492643,6.212378,-24.520506,13.216,10.871,12.342,10.246,21.008,21.424,32.492,41.598,6.213,4.974,24.526,24.637
2025-11-11T11:34:37.944+01:00,-0.004377,-0.003367,-0.015541,-0.002404,0.002842,-0.002815,-13.212874,12.337674,20.997198,-32.491140,6.210802,-24.518997,13.215,10.87,12.34,10.244,21.005,21.422,32.49,41.606,6.211,4.973,24.523,24.639
2025-11-11T11:34:38.705+01:00,-0.008702,-0.001294,-0.009832,0.041477,0.032474,-0.000852,-13.211881,12.336101,20.995055,-32.488269,6.210348,-24.517645,13.215,10.87,12.34,10.244,21.005,21.422,32.49,41.606,6.211,4.973,24.523,24.639
2025-11-11T11:34:40.236+01:00,-0.008362,0.000365,-0.013066,0.056782,0.052179,-0.000682,-13.210710,12.334383,20.992559,-32.484689,6.210371,-24.516165,13.213,10.869,12.336,10.243,21.0,21.419,32.484,41.607,6.21,4.972,24.521,24.64
2025-11-11T11:34:40.998+01:00,-0.011889,0.000292,-0.006453,0.094025,0.083743,0.002055,-13.210680,12.333630,20.991373,-32.480798,6.212450,-24.515693,13.213,10.869,12.336,10.243,21.0,21.419,32.484,41.607,6.21,4.972,24.521,24.64
2025-11-11T11:34:42.504+01:00,-0.013511,0.002834,0.002638,0.117220,0.099795,0.005644,-13.211846,12.334069,20.991808,-32.477249,6.216228,-24.516329,13.214,10.871,12.337,10.244,20.999,21.421,32.477,41.607,6.216,4.977,24.521,24.644
2025-11-11T11:34:43.291+01:00,-0.009409,0.002267,-0.001890,0.122576,0.116636,0.005915,-13.212371,12.334042,20.991561,-32.473023,6.220122,-24.516546,13.214,10.871,12.337,10.244,20.999,21.421,32.477,41.607,6.216,4.977,24.521,24.644
2025-11-11T11:34:44.796+01:00,-0.011527,0.001814,0.002488,0.145261,0.140508,0.004732,-13.214445,12.335452,20.992998,-32.469468,6.226261,-24.518298,13.216,10.873,12.338,10.244,21.0,21.425,32.469,41.606,6.226,4.985,24.523,24.65
2025-11-11T11:34:45.584+01:00,-0.005222,0.001451,0.000591,0.156809,0.164807,0.006386,-13.215814,12.336466,20.993969,-32.465122,6.232787,-24.519681,13.216,10.873,12.338,10.244,21.0,21.425,32.469,41.606,6.226,4.985,24.523,24.65
2025-11-11T11:34:47.089+01:00,0.003623,-0.004039,0.004472,0.158247,0.184245,0.006508,-13.217344,12.338000,20.995818,-32.461331,6.240556,-24.521732,13.22,10.877,12.341,10.249,21.003,21.43,32.461,41.604,6.24,4.996,24.526,24.657
2025-11-11T11:34:47.842+01:00,0.009498,-0.001831,0.002178,0.185598,0.199796,0.009207,-13.215205,12.336209,20.994201,-32.453303,6.245501,-24.520427,13.22,10.877,12.341,10.249,21.003,21.43,32.461,41.604,6.24,4.996,24.526,24.657
2025-11-11T11:34:49.320+01:00,0.014198,0.001135,0.004342,0.195678,0.207037,0.015165,-13.211604,12.333281,20.991512,-32.443747,6.249483,-24.517814,13.214,10.873,12.336,10.246,20.999,21.429,32.443,41.59,6.249,5.004,24.523,24.657
2025-11-11T11:34:50.085+01:00,0.011359,0.003508,0.015274,0.139542,0.142030,0.016132,-13.210306,12.332625,20.991608,-32.438295,6.253516,-24.517188,13.214,10.873,12.336,10.246,20.999,21.429,32.443,41.59,6.249,5.004,24.523,24.657
2025-11-11T11:34:51.540+01:00,0.015687,0.005406,0.010819,0.085434,0.082224,0.019506,-13.206475,12.329705,20.989159,-32.432389,6.253244,-24.514012,13.208,10.869,12.332,10.243,20.996,21.429,32.432,41.584,6.253,5.008,24.519,24.657
2025-11-11T11:34:52.301+01:00,0.017750,-0.000875,0.007255,0.013147,0.025179,0.017005,-13.203256,12.327388,20.987249,-32.429608,6.251770,-24.511430,13.208,10.869,12.332,10.243,20.996,21.429,32.432,41.584,6.253,5.008,24.519,24.657
2025-11-11T11:34:53.807+01:00,0.012800,0.000700,0.012404,-0.027482,-0.019257,0.017604,-13.202213,12.327059,20.987544,-32.430140,6.250762,-24.510643,13.204,10.866,12.33,10.242,20.995,21.429,32.429,41.587,6.25,5.005,24.515,24.658
2025-11-11T11:34:54.592+01:00,0.018040,-0.006040,0.009923,-0.069186,-0.049605,0.015483,-13.200477,12.326179,20.987318,-32.431664,6.248303,-24.509391,13.204,10.866,12.33,10.242,20.995,21.429,32.429,41.587,6.25,5.005,24.515,24.658
2025-11-11T11:34:56.098+01:00,0.011832,-0.007432,0.011939,-0.092149,-0.075084,0.012386,-13.200724,12.326945,20.988857,-32.435640,6.246666,-24.509799,13.204,10.866,12.33,10.243,20.996,21.433,32.435,41.603,6.246,5.002,24.514,24.661
2025-11-11T11:34:56.849+01:00,0.010865,-0.003346,0.012151,-0.089519,-0.087667,0.015109,-13.199518,12.326305,20.988920,-32.438095,6.243128,-24.508634,13.204,10.866,12.33,10.243,20.996,21.433,32.435,41.603,6.246,5.002,24.514,24.661
2025-11-11T11:34:58.329+01:00,0.007292,-0.004076,0.011121,-0.091215,-0.091134,0.010687,-13.199122,12.326270,20.989547,-32.441240,6.240096,-24.508175,13.202,10.864,12.329,10.245,20.996,21.435,32.441,41.619,6.24,4.997,24.513,24.662
2025-11-11T11:34:59.053+01:00,0.008434,-0.000661,0.011497,-0.074372,-0.079507,0.011150,-13.197997,12.325644,20.989551,-32.443189,6.236781,-24.507078,13.202,10.864,12.329,10.245,20.996,21.435,32.441,41.619,6.24,4.997,24.513,24.662
2025-11-11T11:35:00.585+01:00,0.010747,0.000871,0.010597,-0.059498,-0.070206,0.011520,-13.195382,12.323679,20.988150,-32.443282,6.232419,-24.504639,13.198,10.863,12.326,10.245,20.995,21.436,32.443,41.63,6.232,4.991,24.509,24.662
2025-11-11T11:35:01.344+01:00,0.001998,0.000697,0.012478,-0.064598,-0.075765,0.007816,-13.195721,12.324219,20.989345,-32.446039,6.230383,-24.504761,13.198,10.863,12.326,10.245,20.995,21.436,32.443,41.63,6.232,4.991,24.509,24.662
2025-11-11T11:35:02.878+01:00,0.001598,-0.000843,0.005982,-0.072679,-0.079012,0.006253,-13.195496,12.324120,20.989589,-32.448458,6.227624,-24.504301,13.198,10.863,12.327,10.244,20.997,21.44,32.447,41.646,6.227,4.988,24.509,24.665
2025-11-11T11:35:03.638+01:00,-0.006521,0.003326,0.004786,-0.069943,-0.086809,0.005002,-13.196364,12.324770,20.990407,-32.451456,6.225289,-24.504510,13.198,10.863,12.327,10.244,20.997,21.44,32.447,41.646,6.227,4.988,24.509,24.665
2025-11-11T11:35:05.208+01:00,-0.005217,0.004061,-0.000171,-0.071754,-0.087847,0.004002,-13.196152,12.324403,20.989932,-32.453490,6.221889,-24.503710,13.199,10.864,12.327,10.244,20.997,21.442,32.453,41.659,6.222,4.983,24.509,24.668
2025-11-11T11:35:05.932+01:00,-0.011974,0.005849,-0.001537,-0.087603,-0.105678,0.001801,-13.197671,12.325442,20.990723,-32.457415,6.219264,-24.504264,13.199,10.864,12.327,10.244,20.997,21.442,32.453,41.659,6.222,4.983,24.509,24.668
2025-11-11T11:35:07.479+01:00,-0.017379,0.008679,0.002770,-0.100283,-0.127942,-0.001159,-13.200900,12.327980,20.993162,-32.463213,6.217350,-24.506253,13.204,10.869,12.331,10.25,21.0,21.447,32.463,41.68,6.217,4.98,24.511,24.675
2025-11-11T11:35:08.225+01:00,-0.009903,0.006943,-0.004384,-0.135426,-0.144354,-0.003527,-13.203287,12.330001,20.994748,-32.469676,6.214366,-24.507740,13.204,10.869,12.331,10.25,21.0,21.447,32.463,41.68,6.217,4.98,24.511,24.675
2025-11-11T11:35:09.773+01:00,-0.013123,0.008154,0.000493,-0.133341,-0.153483,-0.004222,-13.206319,12.332536,20.997072,-32.476571,6.211592,-24.509712,13.208,10.874,12.335,10.255,21.004,21.454,32.476,41.706,6.211,4.976,24.514,24.682
2025-11-11T11:35:10.516+01:00,-0.009098,0.006524,0.000394,-0.140873,-0.146387,-0.004777,-13.210053,12.335945,21.000309,-32.484590,6.209929,-24.512603,13.208,10.874,12.335,10.255,21.004,21.454,32.476,41.706,6.211,4.976,24.514,24.682
2025-11-11T11:35:12.070+01:00,-0.004678,0.002619,-0.001084,-0.148098,-0.144709,-0.007822,-13.213387,12.339090,21.003304,-32.492659,6.208129,-24.515378,13.216,10.88,12.342,10.259,21.01,21.463,32.492,41.734,6.207,4.973,24.521,24.692
2025-11-11T11:35:13.629+01:00,0.000257,0.002095,-0.004868,-0.168279,-0.151167,-0.011458,-13.216674,12.342423,21.006306,-32.501577,6.206284,-24.518395,13.216,10.88,12.342,10.259,21.01,21.463,32.492,41.734,6.207,4.973,24.521,24.692
2025-11-11T11:35:15.175+01:00,0.000206,0.006876,-0.003894,-0.150423,-0.153734,-0.011766,-13.218025,12.343918,21.007416,-32.508007,6.202463,-24.519501,13.221,10.885,12.346,10.266,21.015,21.47,32.508,41.767,6.202,4.968,24.524,24.701
2025-11-11T11:35:16.741+01:00,0.001565,0.004101,-0.000515,-0.122938,-0.117787,-0.017213,-13.220770,12.346823,21.010198,-32.514963,6.201302,-24.522294,13.221,10.885,12.346,10.266,21.015,21.47,32.508,41.767,6.202,4.968,24.524,24.701
2025-11-11T11:35:18.291+01:00,0.007852,0.003281,-0.003012,-0.062951,-0.094230,-0.016370,-13.216472,12.342970,21.006137,-32.513288,6.194288,-24.518487,13.219,10.884,12.346,10.266,21.014,21.472,32.513,41.783,6.193,4.963,24.523,24.704
2025-11-11T11:35:19.033+01:00,0.004881,0.005225,-0.001010,-0.008360,-0.042584,-0.017096,-13.212900,12.339732,21.002765,-32.510359,6.189581,-24.515431,13.219,10.884,12.346,10.266,21.014,21.472,32.513,41.783,6.193,4.963,24.523,24.704
2025-11-11T11:35:20.584+01:00,0.002505,0.005580,0.001792,0.051112,0.009333,-0.012277,-13.208885,12.335939,20.998986,-32.504870,6.186070,-24.511883,13.211,10.879,12.338,10.259,21.006,21.466,32.505,41.782,6.186,4.956,24.517,24.701
2025-11-11T11:35:21.326+01:00,-0.003196,0.003064,0.000034,0.107889,0.078266,-0.015022,-13.207152,12.334058,20.997086,-32.499379,6.186826,-24.510560,13.211,10.879,12.338,10.259,21.006,21.466,32.505,41.782,6.186,4.956,24.517,24.701
2025-11-11T11:35:22.877+01:00,-0.006557,0.005051,0.001427,0.167711,0.141413,-0.010617,-13.206457,12.333080,20.996125,-32.492691,6.190566,-24.510190,13.209,10.878,12.336,10.257,21.003,21.466,32.492,41.775,6.191,4.96,24.515,24.703
2025-11-11T11:35:23.619+01:00,-0.009245,0.001441,0.001142,0.211569,0.202330,-0.011094,-13.208084,12.334193,20.997327,-32.486625,6.198515,-24.512166,13.209,10.878,12.336,10.257,21.003,21.466,32.492,41.775,6.191,4.96,24.515,24.703
2025-11-11T11:35:25.171+01:00,-0.003396,0.001153,0.006113,0.249255,0.241864,-0.003675,-13.208592,12.334500,20.998021,-32.478495,6.206971,-24.513301,13.211,10.881,12.337,10.26,21.005,21.47,32.479,41.765,6.206,4.973,24.518,24.71
2025-11-11T11:35:26.731+01:00,-0.004117,0.002322,0.007491,0.196804,0.198692,-0.002940,-13.211082,12.336793,21.000736,-32.474062,6.215901,-24.516222,13.211,10.881,12.337,10.26,21.005,21.47,32.479,41.765,6.206,4.973,24.518,24.71
2025-11-11T11:35:28.281+01:00,0.000706,-0.005942,-0.001807,0.105043,0.128753,-0.002352,-13.212868,12.338443,21.002474,-32.472210,6.221967,-24.518436,13.216,10.885,12.341,10.264,21.01,21.477,32.472,41.768,6.222,4.986,24.523,24.72
2025-11-11T11:35:29.040+01:00,-0.002035,0.000446,0.001154,0.073435,0.080603,0.000718,-13.214453,12.339901,21.004016,-32.471121,6.226125,-24.520123,13.216,10.885,12.341,10.264,21.01,21.477,32.472,41.768,6.222,4.986,24.523,24.72
2025-11-11T11:35:30.590+01:00,0.004972,-0.002243,-0.008277,0.029948,0.047482,-0.000825,-13.213692,12.339295,21.003056,-32.469489,6.227141,-24.519732,13.216,10.885,12.342,10.264,21.011,21.48,32.469,41.773,6.226,4.99,24.524,24.725
2025-11-11T11:35:32.135+01:00,0.001378,0.000806,-0.002621,0.023958,0.026186,0.001940,-13.213211,12.338870,21.002491,-32.468194,6.227596,-24.519348,13.216,10.885,12.342,10.264,21.011,21.48,32.469,41.773,6.226,4.99,24.524,24.725
2025-11-11T11:35:33.667+01:00,0.003702,-0.001956,-0.004697,0.002167,0.018349,-0.001048,-13.213481,12.339257,21.002688,-32.468468,6.228633,-24.519856,13.216,10.886,12.342,10.268,21.01,21.483,32.468,41.782,6.228,4.991,24.524,24.729
2025-11-11T11:35:34.427+01:00,0.006962,-0.002964,-0.008958,0.001733,0.019879,0.000561,-13.211997,12.338029,21.001066,-32.467167,6.228128,-24.518748,13.216,10.886,12.342,10.268,21.01,21.483,32.468,41.782,6.228,4.991,24.524,24.729
2025-11-11T11:35:35.879+01:00,0.008169,-0.004972,-0.008566,-0.015613,0.013303,0.000449,-13.211494,12.337811,21.000513,-32.467476,6.228430,-24.518658,13.214,10.885,12.34,10.267,21.008,21.483,32.466,41.787,6.228,4.991,24.523,24.732
2025-11-11T11:35:36.598+01:00,0.003935,0.001223,-0.004253,-0.019091,-0.006358,0.002959,-13.211323,12.337858,21.000300,-32.468063,6.228239,-24.518599,13.214,10.885,12.34,10.267,21.008,21.483,32.466,41.787,6.228,4.991,24.523,24.732
2025-11-11T11:35:38.090+01:00,0.005748,0.000978,-0.004802,-0.029673,-0.018286,0.002367,-13.210477,12.337320,20.999477,-32.468437,6.227070,-24.517939,13.213,10.884,12.341,10.266,21.007,21.484,32.468,41.797,6.226,4.99,24.522,24.735
2025-11-11T11:35:38.851+01:00,0.000599,0.004783,-0.002442,-0.022338,-0.023829,0.003294,-13.210088,12.337063,20.998959,-32.468788,6.225936,-24.517451,13.213,10.884,12.341,10.266,21.007,21.484,32.468,41.797,6.226,4.99,24.522,24.735
2025-11-11T11:35:40.383+01:00,0.000479,0.003826,0.000646,-0.016470,-0.016463,0.002635,-13.210472,12.337563,20.999386,-32.469711,6.225824,-24.517771,13.213,10.886,12.34,10.264,21.007,21.487,32.469,41.805,6.226,4.989,24.523,24.738
2025-11-11T11:35:41.146+01:00,0.000383,0.001661,-0.002083,-0.019776,-0.007970,0.000708,-13.211756,12.338903,21.000553,-32.471609,6.226853,-24.519027,13.213,10.886,12.34,10.264,21.007,21.487,32.469,41.805,6.226,4.989,24.523,24.738
2025-11-11T11:35:42.637+01:00,-0.001093,0.002729,0.004934,-0.009221,-0.003776,0.001967,-13.214004,12.341178,21.003006,-32.474068,6.228947,-24.521182,13.216,10.889,12.344,10.268,21.01,21.493,32.474,41.818,6.229,4.992,24.525,24.744
2025-11-11T11:35:43.437+01:00,0.001725,0.003583,-0.000053,-0.020577,-0.005621,0.001573,-13.215839,12.343194,21.004920,-32.476619,6.230675,-24.523047,13.216,10.889,12.344,10.268,21.01,21.493,32.474,41.818,6.229,4.992,24.525,24.744
2025-11-11T11:35:44.930+01:00,-0.000020,0.000266,0.001358,-0.017861,-0.000497,0.002659,-13.218346,12.345725,21.007492,-32.479658,6.233155,-24.525490,13.221,10.893,12.349,10.272,21.015,21.499,32.479,41.833,6.233,4.995,24.53,24.752
2025-11-11T11:35:45.648+01:00,0.003984,-0.001187,-0.001514,-0.003689,0.018003,0.003527,-13.219473,12.347044,21.008745,-32.481041,6.235070,-24.526790,13.221,10.893,12.349,10.272,21.015,21.499,32.479,41.833,6.233,4.995,24.53,24.752
2025-11-11T11:35:47.934+01:00,0.010987,-0.008750,-0.003811,-0.001551,0.034002,0.002821,-13.219387,12.347346,21.009046,-32.481481,6.236645,-24.527293,13.222,10.895,12.35,10.274,21.016,21.502,32.481,41.847,6.236,4.998,24.532,24.758
2025-11-11T11:35:49.496+01:00,0.011390,-0.008400,-0.004449,-0.032641,-0.002998,0.004857,-13.218329,12.346720,21.008363,-32.482063,6.236062,-24.526717,13.222,10.895,12.35,10.274,21.016,21.502,32.481,41.847,6.236,4.998,24.532,24.758
2025-11-11T11:35:50.989+01:00,0.005112,-0.006720,0.005641,-0.031313,-0.028599,0.003886,-13.217890,12.346458,21.008532,-32.482991,6.235006,-24.526442,13.22,10.894,12.348,10.276,21.015,21.505,32.482,41.858,6.235,4.997,24.531,24.761
2025-11-11T11:35:51.721+01:00,0.008090,-0.005376,0.008513,-0.036850,-0.032079,0.005709,-13.217482,12.346431,21.009076,-32.484317,6.234022,-24.526313,13.22,10.894,12.348,10.276,21.015,21.505,32.482,41.858,6.235,4.997,24.531,24.761
2025-11-11T11:35:53.211+01:00,0.005072,-0.005701,0.010810,-0.042680,-0.038863,0.001967,-13.218518,12.347692,21.011037,-32.487139,6.234106,-24.527536,13.221,10.895,12.35,10.279,21.018,21.509,32.486,41.871,6.234,4.997,24.532,24.766
2025-11-11T11:35:53.934+01:00,-0.001143,-0.003160,0.015248,-0.022344,-0.038891,0.002974,-13.219664,12.348804,21.013029,-32.489120,6.234024,-24.528559,13.221,10.895,12.35,10.279,21.018,21.509,32.486,41.871,6.234,4.997,24.532,24.766
2025-11-11T11:35:55.468+01:00,0.003086,-0.005128,0.005599,-0.015275,-0.019312,0.002379,-13.219121,12.348370,21.013025,-32.489352,6.233068,-24.528146,13.222,10.896,12.351,10.281,21.02,21.514,32.489,41.882,6.233,4.997,24.532,24.769
2025-11-11T11:35:56.103+01:00,0.001069,-0.005503,0.008479,0.012780,0.019950,-0.000697,-13.221105,12.350355,21.015619,-32.491032,6.235833,-24.530324,13.222,10.896,12.351,10.281,21.02,21.514,32.489,41.882,6.233,4.997,24.532,24.769
2025-11-11T11:35:57.635+01:00,0.002255,-0.001802,0.008183,0.050824,0.046160,0.002042,-13.221150,12.350534,21.016328,-32.489570,6.237628,-24.530659,13.223,10.899,12.353,10.28,21.024,21.519,32.488,41.889,6.238,5.0,24.536,24.775
2025-11-11T11:35:58.395+01:00,0.003204,-0.005442,0.010546,0.057659,0.060528,0.000234,-13.222150,12.351647,21.018198,-32.488860,6.240919,-24.532082,13.223,10.899,12.353,10.28,21.024,21.519,32.488,41.889,6.238,5.0,24.536,24.775
2025-11-11T11:35:59.889+01:00,-0.002637,-0.004353,0.008437,0.073727,0.068022,-0.002413,-13.223438,12.352753,21.019918,-32.487589,6.244464,-24.533569,13.226,10.901,12.356,10.277,21.027,21.524,32.488,41.893,6.244,5.006,24.539,24.782
2025-11-11T11:36:00.650+01:00,-0.000709,-0.008683,0.000150,0.049782,0.058418,-0.003330,-13.224112,12.353224,21.020656,-32.486546,6.247122,-24.534500,13.226,10.901,12.356,10.277,21.027,21.524,32.488,41.893,6.244,5.006,24.539,24.782
2025-11-11T11:36:02.073+01:00,-0.005768,-0.008346,-0.003880,0.050425,0.053334,-0.002664,-13.224553,12.353188,21.020648,-32.484976,6.249110,-24.534904,13.226,10.902,12.356,10.279,21.027,21.527,32.484,41.897,6.249,5.01,24.54,24.787
2025-11-11T11:36:02.818+01:00,-0.008614,-0.001477,-0.003104,0.063940,0.053267,0.003069,-13.224245,12.352397,21.019762,-32.482059,6.250216,-24.534295,13.226,10.902,12.356,10.279,21.027,21.527,32.484,41.897,6.249,5.01,24.54,24.787
2025-11-11T11:36:04.313+01:00,-0.006891,0.000218,-0.010283,0.055152,0.057014,0.003855,-13.223657,12.351426,21.018277,-32.479193,6.251201,-24.533450,13.226,10.903,12.355,10.279,21.026,21.527,32.479,41.898,6.251,5.011,24.538,24.788
2025-11-11T11:36:05.111+01:00,-0.006913,0.005375,-0.009627,0.079522,0.065211,0.008284,-13.221180,12.348668,21.014918,-32.473650,6.250595,-24.530657,13.226,10.903,12.355,10.279,21.026,21.527,32.479,41.898,6.251,5.011,24.538,24.788
2025-11-11T11:36:06.604+01:00,-0.002930,0.005700,-0.012901,0.076817,0.067969,0.009227,-13.217614,12.345024,21.010496,-32.467301,6.249173,-24.526952,13.22,10.898,12.348,10.275,21.018,21.521,32.467,41.89,6.249,5.01,24.532,24.785
2025-11-11T11:36:07.403+01:00,-0.008944,0.011160,-0.010321,0.079854,0.060975,0.009982,-13.215312,12.342452,21.007132,-32.461813,6.248487,-24.524161,13.22,10.898,12.348,10.275,21.018,21.521,32.467,41.89,6.249,5.01,24.532,24.785
2025-11-11T11:36:08.898+01:00,-0.005755,0.012928,-0.009657,0.069083,0.048780,0.011985,-13.212184,12.339263,21.003145,-32.456038,6.246733,-24.520631,13.214,10.894,12.342,10.269,21.01,21.515,32.455,41.884,6.246,5.008,24.525,24.782
2025-11-11T11:36:09.660+01:00,-0.003204,0.007742,-0.009125,0.026467,0.022024,0.008188,-13.212184,12.339263,21.003145,-32.456038,6.246733,-24.520631,13.214,10.894,12.342,10.269,21.01,21.515,32.455,41.884,6.246,5.008,24.525,24.782
2025-11-11T11:36:11.165+01:00,-0.002563,0.010194,-0.004700,0.013373,-0.000781,0.011751,-13.212184,12.339263,21.003145,-32.456038,6.246733,-24.520631,13.214,10.894,12.342,10.271,21.01,21.517,32.455,41.889,6.246,5.009,24.525,24.785
2025-11-11T11:36:11.991+01:00,-0.003451,0.009555,-0.005160,-0.026101,-0.029425,0.006801,-13.212184,12.339263,21.003145,-32.456038,6.246733,-24.520631,13.214,10.894,12.342,10.271,21.01,21.517,32.455,41.889,6.246,5.009,24.525,24.785
2025-11-11T11:36:13.487+01:00,-0.004161,0.010244,0.002472,-0.032681,-0.052340,0.006840,-13.212184,12.339263,21.003145,-32.456038,6.246733,-24.520631,13.215,10.895,12.342,10.272,21.01,21.519,32.455,41.898,6.246,5.009,24.525,24.788
2025-11-11T11:36:14.245+01:00,-0.003329,0.006795,-0.002023,-0.057545,-0.062872,0.004072,-13.212184,12.339263,21.003145,-32.456038,6.246733,-24.520631,13.215,10.895,12.342,10.272,21.01,21.519,32.455,41.898,6.246,5.009,24.525,24.788
2025-11-11T11:36:15.750+01:00,-0.004063,0.009436,0.002382,-0.065636,-0.081697,0.007258,-13.212184,12.339263,21.003145,-32.456038,6.246733,-24.520631,13.215,10.895,12.342,10.27,21.01,21.522,32.455,41.904,6.246,5.008,24.525,24.791
2025-11-11T11:36:16.577+01:00,-0.003250,0.006149,-0.002094,-0.119509,-0.065358,0.001806,-13.212184,12.339263,21.003145,-32.456038,6.246733,-24.520631,13.215,10.895,12.342,10.27,21.01,21.522,32.455,41.904,6.246,5.008,24.525,24.791
2025-11-11T11:36:18.109+01:00,-0.004000,0.003519,0.000924,-0.157207,-0.112686,0.000045,-13.212184,12.339263,21.003145,-32.456038,6.246733,-24.520631,13.214,10.896,12.343,10.274,21.01,21.524,32.455,41.912,6.246,5.009,24.525,24.794
2025-11-11T11:36:18.869+01:00,-0.004600,0.002815,-0.004460,-0.200566,-0.160949,-0.001364,-13.212184,12.339263,21.003145,-32.456038,6.246733,-24.520631,13.214,10.896,12.343,10.274,21.01,21.524,32.455,41.912,6.246,5.009,24.525,24.794
2025-11-11T11:36:20.400+01:00,-0.008880,0.000852,-0.007568,-0.226052,-0.186559,-0.005091,-13.212184,12.339263,21.003145,-32.456038,6.246733,-24.520631,13.215,10.897,12.342,10.277,21.01,21.526,32.455,41.92,6.246,5.009,24.525,24.798
2025-11-11T11:36:21.161+01:00,-0.005704,-0.000718,-0.011255,-0.229442,-0.188647,-0.004073,-13.212184,12.339263,21.003145,-32.456038,6.246733,-24.520631,13.215,10.897,12.342,10.277,21.01,21.526,32.455,41.92,6.246,5.009,24.525,24.798
2025-11-11T11:36:22.694+01:00,-0.005963,-0.001975,-0.006404,-0.218954,-0.186318,-0.005858,-13.212184,12.339263,21.003145,-32.456038,6.246733,-24.520631,13.214,10.897,12.342,10.276,21.01,21.528,32.455,41.927,6.246,5.01,24.524,24.801
2025-11-11T11:36:23.454+01:00,-0.002171,-0.002980,-0.010323,-0.207963,-0.179254,-0.003287,-13.212184,12.339263,21.003145,-32.456038,6.246733,-24.520631,13.214,10.897,12.342,10.276,21.01,21.528,32.455,41.927,6.246,5.01,24.524,24.801
2025-11-11T11:36:24.975+01:00,-0.000336,-0.007584,-0.013458,-0.210970,-0.173603,-0.006629,-13.212184,12.339263,21.003145,-32.456038,6.246733,-24.520631,13.214,10.898,12.342,10.277,21.01,21.53,32.455,41.934,6.246,5.01,24.525,24.804
2025-11-11T11:36:25.717+01:00,-0.006869,-0.003467,-0.008167,-0.181976,-0.163883,-0.001303,-13.212184,12.339263,21.003145,-32.456038,6.246733,-24.520631,13.214,10.898,12.342,10.277,21.01,21.53,32.455,41.934,6.246,5.01,24.525,24.804
2025-11-11T11:36:27.269+01:00,-0.004095,-0.009374,-0.014333,-0.176981,-0.148106,-0.002443,-13.212184,12.339263,21.003145,-32.456038,6.246733,-24.520631,13.214,10.898,12.342,10.277,21.01,21.532,32.455,41.941,6.246,5.01,24.525,24.808
2025-11-11T11:36:28.055+01:00,-0.009876,-0.002299,-0.010067,-0.148185,-0.139485,0.000646,-13.212184,12.339263,21.003145,-32.456038,6.246733,-24.520631,13.214,10.898,12.342,10.277,21.01,21.532,32.455,41.941,6.246,5.01,24.525,24.808
2025-11-11T11:36:29.561+01:00,-0.006501,-0.000439,-0.013253,-0.117148,-0.114188,0.003117,-13.212184,12.339263,21.003145,-32.456038,6.246733,-24.520631,13.214,10.898,12.342,10.277,21.01,21.533,32.455,41.949,6.246,5.01,24.525,24.811
2025-11-11T11:36:30.302+01:00,-0.009201,0.003649,-0.008003,-0.075318,-0.082150,0.007693,-13.212184,12.339263,21.003145,-32.456038,6.246733,-24.520631,13.214,10.898,12.342,10.277,21.01,21.533,32.455,41.949,6.246,5.01,24.525,24.811
2025-11-11T11:36:31.777+01:00,-0.005961,0.005519,-0.011602,-0.031455,-0.044720,0.010155,-13.212184,12.339263,21.003145,-32.456038,6.246733,-24.520631,13.214,10.9,12.342,10.277,21.01,21.536,32.455,41.955,6.246,5.01,24.525,24.814
2025-11-11T11:36:32.518+01:00,0.003031,-0.000785,-0.010682,-0.026564,-0.014776,0.009524,-13.212184,12.339263,21.003145,-32.456038,6.246733,-24.520631,13.214,10.9,12.342,10.277,21.01,21.536,32.455,41.955,6.246,5.01,24.525,24.814
2025-11-11T11:36:34.010+01:00,0.001025,0.007172,-0.007145,-0.019851,-0.017021,0.011619,-13.212184,12.339263,21.003145,-32.456038,6.246733,-24.520631,13.214,10.9,12.342,10.276,21.01,21.537,32.455,41.962,6.246,5.01,24.525,24.816
2025-11-11T11:36:34.769+01:00,0.002220,0.000538,-0.007116,-0.043481,-0.024217,0.009295,-13.212184,12.339263,21.003145,-32.456038,6.246733,-24.520631,13.214,10.9,12.342,10.276,21.01,21.537,32.455,41.962,6.246,5.01,24.525,24.816
2025-11-11T11:36:36.304+01:00,0.003176,-0.000970,-0.004293,-0.084585,-0.053573,0.007436,-13.212184,12.339263,21.003145,-32.456038,6.246733,-24.520631,13.214,10.9,12.342,10.276,21.01,21.539,32.455,41.969,6.246,5.01,24.525,24.819
2025-11-11T11:36:37.063+01:00,0.006541,-0.005976,-0.010034,-0.121468,-0.079659,0.004549,-13.212184,12.339263,21.003145,-32.456038,6.246733,-24.520631,13.214,10.9,12.342,10.276,21.01,21.539,32.455,41.969,6.246,5.01,24.525,24.819
2025-11-11T11:36:38.632+01:00,0.005233,-0.006181,-0.008028,-0.148374,-0.101727,0.001039,-13.212184,12.339263,21.003145,-32.456038,6.246733,-24.520631,13.214,10.901,12.342,10.276,21.01,21.541,32.455,41.976,6.246,5.011,24.525,24.823
2025-11-11T11:36:39.357+01:00,0.000186,-0.002345,-0.014222,-0.125299,-0.089182,0.000831,-13.212184,12.339263,21.003145,-32.456038,6.246733,-24.520631,13.214,10.901,12.342,10.276,21.01,21.541,32.455,41.976,6.246,5.011,24.525,24.823
2025-11-11T11:36:40.889+01:00,-0.002451,-0.004476,-0.012778,-0.118639,-0.079145,-0.000735,-13.212184,12.339263,21.003145,-32.456038,6.246733,-24.520631,13.215,10.902,12.342,10.276,21.01,21.543,32.455,41.983,6.246,5.011,24.525,24.826
2025-11-11T11:36:41.626+01:00,-0.000561,-0.003581,-0.012822,-0.094912,-0.063316,0.000812,-13.212184,12.339263,21.003145,-32.456038,6.246733,-24.520631,13.215,10.902,12.342,10.276,21.01,21.543,32.455,41.983,6.246,5.011,24.525,24.826
2025-11-11T11:36:43.193+01:00,0.000951,-0.002864,-0.012858,-0.070729,-0.037453,0.002050,-13.212184,12.339263,21.003145,-32.456038,6.246733,-24.520631,13.215,10.902,12.342,10.277,21.01,21.545,32.455,41.99,6.246,5.011,24.525,24.829
2025-11-11T11:36:43.918+01:00,-0.001839,0.002908,-0.010286,-0.011983,-0.001162,0.004240,-13.212184,12.339263,21.003145,-32.456038,6.246733,-24.520631,13.215,10.902,12.342,10.277,21.01,21.545,32.455,41.99,6.246,5.011,24.525,24.829
2025-11-11T11:36:45.403+01:00,-0.000071,0.000927,-0.012229,0.018013,0.038470,0.003392,-13.212184,12.339263,21.003145,-32.456038,6.246733,-24.520631,13.215,10.902,12.342,10.278,21.01,21.547,32.455,41.996,6.246,5.011,24.525,24.832
2025-11-11T11:36:46.180+01:00,-0.005257,0.004741,-0.007183,0.053811,0.060976,0.004113,-13.212184,12.339263,21.003145,-32.456038,6.246733,-24.520631,13.215,10.902,12.342,10.278,21.01,21.547,32.455,41.996,6.246,5.011,24.525,24.832
2025-11-11T11:36:47.695+01:00,-0.002806,0.003793,-0.005747,0.081048,0.078981,0.008491,-13.212184,12.339263,21.003145,-32.456038,6.246733,-24.520631,13.214,10.903,12.342,10.28,21.01,21.549,32.455,42.004,6.246,5.011,24.525,24.835
2025-11-11T11:36:49.276+01:00,-0.003644,0.010835,-0.000597,0.091039,0.081585,0.011993,-13.212184,12.339263,21.003145,-32.456038,6.246733,-24.520631,13.214,10.903,12.342,10.28,21.01,21.549,32.455,42.004,6.246,5.011,24.525,24.835
2025-11-11T11:36:50.768+01:00,-0.004316,0.006068,-0.004478,0.059631,0.066668,0.010994,-13.212184,12.339263,21.003145,-32.456038,6.246733,-24.520631,13.215,10.904,12.342,10.278,21.01,21.552,32.455,42.012,6.246,5.012,24.525,24.839
2025-11-11T11:36:51.530+01:00,-0.008652,0.008854,0.000418,0.055505,0.049334,0.013995,-13.212184,12.339263,21.003145,-32.456038,6.246733,-24.520631,13.215,10.904,12.342,10.278,21.01,21.552,32.455,42.012,6.246,5.012,24.525,24.839
2025-11-11T11:36:53.036+01:00,-0.008322,0.011083,-0.008866,0.031204,0.022467,0.016396,-13.212184,12.339263,21.003145,-32.456038,6.246733,-24.520631,13.215,10.904,12.342,10.277,21.01,21.554,32.455,42.019,6.246,5.012,24.525,24.842
2025-11-11T11:36:53.760+01:00,-0.010658,0.010267,-0.004493,-0.002637,-0.010826,0.014517,-13.212184,12.339263,21.003145,-32.456038,6.246733,-24.520631,13.215,10.904,12.342,10.277,21.01,21.554,32.455,42.019,6.246,5.012,24.525,24.842
2025-11-11T11:36:55.328+01:00,-0.013726,0.013413,-0.003594,-0.009910,-0.033661,0.015614,-13.212184,12.339263,21.003145,-32.456038,6.246733,-24.520631,13.214,10.905,12.342,10.282,21.01,21.555,32.455,42.026,6.246,5.012,24.525,24.845
2025-11-11T11:36:56.069+01:00,-0.016181,0.012131,0.002325,-0.014528,-0.032129,0.013891,-13.212184,12.339263,21.003145,-32.456038,6.246733,-24.520631,13.214,10.905,12.342,10.282,21.01,21.555,32.455,42.026,6.246,5.012,24.525,24.845
2025-11-11T11:36:57.606+01:00,-0.019545,0.018905,0.001860,-0.005022,-0.033503,0.016313,-13.212184,12.339263,21.003145,-32.456038,6.246733,-24.520631,13.215,10.906,12.342,10.284,21.01,21.558,32.455,42.033,6.246,5.012,24.525,24.847
2025-11-11T11:36:58.363+01:00,-0.018236,0.012524,0.005488,-0.000018,-0.019002,0.014450,-13.212184,12.339263,21.003145,-32.456038,6.246733,-24.520631,13.215,10.906,12.342,10.284,21.01,21.558,32.455,42.033,6.246,5.012,24.525,24.847
2025-11-11T11:36:59.915+01:00,-0.014589,0.008619,0.004390,-0.006614,-0.010002,0.011560,-13.212184,12.339263,21.003145,-32.456038,6.246733,-24.520631,13.214,10.906,12.342,10.284,21.01,21.559,32.455,42.039,6.246,5.012,24.525,24.851
2025-11-11T11:37:00.656+01:00,-0.009071,0.004295,-0.003088,-0.035491,-0.021202,0.010648,-13.212184,12.339263,21.003145,-32.456038,6.246733,-24.520631,13.214,10.906,12.342,10.284,21.01,21.559,32.455,42.039,6.246,5.012,24.525,24.851
2025-11-11T11:37:02.207+01:00,-0.009857,0.004836,-0.003870,-0.057193,-0.033961,0.009918,-13.212184,12.339263,21.003145,-32.456038,6.246733,-24.520631,13.214,10.907,12.342,10.282,21.01,21.561,32.456,42.045,6.246,5.012,24.525,24.853
2025-11-11T11:37:02.931+01:00,-0.007885,0.002469,-0.009696,-0.071954,-0.045569,0.009335,-13.212184,12.339263,21.003145,-32.456038,6.246733,-24.520631,13.214,10.907,12.342,10.282,21.01,21.561,32.456,42.045,6.246,5.012,24.525,24.853
2025-11-11T11:37:04.421+01:00,-0.002308,0.005975,-0.009157,-0.082564,-0.050855,0.011468,-13.212184,12.339263,21.003145,-32.456038,6.246733,-24.520631,13.214,10.907,12.342,10.282,21.01,21.563,32.455,42.053,6.246,5.012,24.525,24.855
2025-11-11T11:37:05.221+01:00,-0.005847,0.009980,-0.003326,-0.105451,-0.090484,0.013174,-13.212184,12.339263,21.003145,-32.456038,6.246733,-24.520631,13.214,10.907,12.342,10.282,21.01,21.563,32.455,42.053,6.246,5.012,24.525,24.855
2025-11-11T11:37:06.728+01:00,-0.003277,0.009384,-0.002660,-0.145961,-0.127587,0.010539,-13.212184,12.339263,21.003145,-32.456038,6.246733,-24.520631,13.214,10.907,12.342,10.28,21.01,21.565,32.456,42.059,6.246,5.013,24.525,24.858
2025-11-11T11:37:07.514+01:00,-0.007822,0.010107,-0.003528,-0.160169,-0.141470,0.008432,-13.212184,12.339263,21.003145,-32.456038,6.246733,-24.520631,13.214,10.907,12.342,10.28,21.01,21.565,32.456,42.059,6.246,5.013,24.525,24.858
2025-11-11T11:37:09.022+01:00,-0.015457,0.012086,-0.000223,-0.146535,-0.148576,0.010745,-13.212184,12.339263,21.003145,-32.456038,6.246733,-24.520631,13.214,10.908,12.342,10.277,21.01,21.567,32.455,42.064,6.246,5.013,24.525,24.862
2025-11-11T11:37:09.811+01:00,-0.018966,0.008269,-0.002778,-0.142228,-0.134661,0.009996,-13.212184,12.339263,21.003145,-32.456038,6.246733,-24.520631,13.214,10.908,12.342,10.277,21.01,21.567,32.455,42.064,6.246,5.013,24.525,24.862
2025-11-11T11:37:11.279+01:00,-0.019173,0.004015,-0.002223,-0.118982,-0.107729,0.005397,-13.212184,12.339263,21.003145,-32.456038,6.246733,-24.520631,13.214,10.908,12.342,10.276,21.01,21.568,32.455,42.071,6.246,5.013,24.525,24.864
2025-11-11T11:37:12.063+01:00,-0.021938,0.005812,0.000822,-0.068986,-0.074383,0.008318,-13.212184,12.339263,21.003145,-32.456038,6.246733,-24.520631,13.214,10.908,12.342,10.276,21.01,21.568,32.455,42.071,6.246,5.013,24.525,24.864
2025-11-11T11:37:13.572+01:00,-0.017551,-0.000550,-0.008542,-0.055189,-0.043706,0.006654,-13.212184,12.339263,21.003145,-32.456038,6.246733,-24.520631,13.214,10.909,12.343,10.277,21.01,21.57,32.456,42.077,6.246,5.013,24.525,24.867
2025-11-11T11:37:14.355+01:00,-0.021840,0.002160,-0.004234,-0.004751,-0.009965,0.009323,-13.212184,12.339263,21.003145,-32.456038,6.246733,-24.520631,13.214,10.909,12.343,10.277,21.01,21.57,32.456,42.077,6.246,5.013,24.525,24.867
2025-11-11T11:37:15.827+01:00,-0.020072,0.004328,-0.009987,0.031599,0.030028,0.010059,-13.212184,12.339263,21.003145,-32.456038,6.246733,-24.520631,13.215,10.909,12.342,10.278,21.01,21.572,32.455,42.084,6.246,5.013,24.525,24.87
2025-11-11T11:37:16.586+01:00,-0.016058,-0.001738,-0.013190,0.071279,0.085622,0.009447,-13.212184,12.339263,21.003145,-32.456038,6.246733,-24.520631,13.215,10.909,12.342,10.278,21.01,21.572,32.455,42.084,6.246,5.013,24.525,24.87
2025-11-11T11:37:18.077+01:00,-0.016846,-0.001390,-0.010552,0.093824,0.111898,0.008957,-13.212184,12.339263,21.003145,-32.456038,6.246733,-24.520631,13.214,10.91,12.342,10.279,21.01,21.574,32.455,42.089,6.246,5.014,24.525,24.873
2025-11-11T11:37:18.836+01:00,-0.016077,-0.001112,-0.015041,0.079059,0.094718,0.011166,-13.212184,12.339263,21.003145,-32.456038,6.246733,-24.520631,13.214,10.91,12.342,10.279,21.01,21.574,32.455,42.089,6.246,5.014,24.525,24.873
2025-11-11T11:37:20.288+01:00,-0.016862,-0.002290,-0.013433,0.052647,0.077175,0.010333,-13.212184,12.339263,21.003145,-32.456038,6.246733,-24.520631,13.214,10.91,12.342,10.279,21.01,21.575,32.455,42.095,6.246,5.013,24.525,24.875
2025-11-11T11:37:21.048+01:00,-0.018689,0.005968,-0.008147,0.031518,0.043340,0.012266,-13.212184,12.339263,21.003145,-32.456038,6.246733,-24.520631,13.214,10.91,12.342,10.279,21.01,21.575,32.455,42.095,6.246,5.013,24.525,24.875
2025-11-11T11:37:22.541+01:00,-0.017551,0.007375,-0.009117,-0.004986,0.005872,0.011213,-13.212184,12.339263,21.003145,-32.456038,6.246733,-24.520631,13.214,10.911,12.342,10.28,21.01,21.577,32.456,42.1,6.246,5.014,24.525,24.878
2025-11-11T11:37:23.263+01:00,-0.012641,0.005900,-0.009894,-0.035389,-0.011103,0.007570,-13.212184,12.339263,21.003145,-32.456038,6.246733,-24.520631,13.214,10.911,12.342,10.28,21.01,21.577,32.456,42.1,6.246,5.014,24.525,24.878
2025-11-11T11:37:24.792+01:00,-0.012713,0.006120,-0.001315,-0.051911,-0.039082,0.007456,-13.212184,12.339263,21.003145,-32.456038,6.246733,-24.520631,13.215,10.911,12.342,10.279,21.01,21.579,32.455,42.107,6.246,5.014,24.525,24.881
2025-11-11T11:37:25.549+01:00,-0.008770,0.004896,-0.001052,-0.093929,-0.085066,0.005965,-13.212184,12.339263,21.003145,-32.456038,6.246733,-24.520631,13.215,10.911,12.342,10.279,21.01,21.579,32.455,42.107,6.246,5.014,24.525,24.881
2025-11-11T11:37:27.039+01:00,-0.011016,0.001317,-0.002242,-0.132943,-0.119253,0.000772,-13.212184,12.339263,21.003145,-32.456038,6.246733,-24.520631,13.214,10.912,12.342,10.28,21.01,21.581,32.455,42.113,6.246,5.014,24.525,24.883
2025-11-11T11:37:27.803+01:00,-0.011413,0.003653,0.000807,-0.131354,-0.132202,0.003218,-13.212184,12.339263,21.003145,-32.456038,6.246733,-24.520631,13.214,10.912,12.342,10.28,21.01,21.581,32.455,42.113,6.246,5.014,24.525,24.883
2025-11-11T11:37:29.260+01:00,-0.010530,0.004323,-0.003355,-0.127484,-0.130762,0.003974,-13.212184,12.339263,21.003145,-32.456038,6.246733,-24.520631,13.214,10.913,12.342,10.279,21.01,21.583,32.455,42.118,6.246,5.014,24.525,24.887
2025-11-11T11:37:29.978+01:00,-0.011024,0.002058,-0.000084,-0.087587,-0.083609,0.003179,-13.212184,12.339263,21.003145,-32.456038,6.246733,-24.520631,13.214,10.913,12.342,10.279,21.01,21.583,32.455,42.118,6.246,5.014,24.525,24.887
2025-11-11T11:37:31.525+01:00,-0.015419,0.005646,-0.000067,-0.018869,-0.034087,0.003943,-13.212184,12.339263,21.003145,-32.456038,6.246733,-24.520631,13.214,10.913,12.342,10.281,21.01,21.585,32.455,42.124,6.246,5.015,24.525,24.889
2025-11-11T11:37:32.281+01:00,-0.014936,-0.002083,-0.004054,0.046504,0.044930,0.003155,-13.212184,12.339263,21.003145,-32.456038,6.246733,-24.520631,13.214,10.913,12.342,10.281,21.01,21.585,32.455,42.124,6.246,5.015,24.525,24.889
2025-11-11T11:37:33.810+01:00,-0.018548,0.002334,-0.000643,0.122604,0.114744,0.006524,-13.212184,12.339263,21.003145,-32.456038,6.246733,-24.520631,13.214,10.914,12.342,10.281,21.01,21.586,32.455,42.13,6.246,5.015,24.525,24.891
2025-11-11T11:37:34.557+01:00,-0.010839,-0.003333,-0.001914,0.146683,0.158795,0.006619,-13.212184,12.339263,21.003145,-32.456038,6.246733,-24.520631,13.214,10.914,12.342,10.281,21.01,21.586,32.455,42.13,6.246,5.015,24.525,24.891
2025-11-11T11:37:36.027+01:00,-0.003471,-0.001266,-0.002931,0.123946,0.154636,0.006695,-13.212184,12.339263,21.003145,-32.456038,6.246733,-24.520631,13.214,10.914,12.342,10.282,21.01,21.588,32.456,42.135,6.246,5.015,24.525,24.894
2025-11-11T11:37:36.786+01:00,-0.002777,0.002987,0.001655,0.122757,0.136909,0.007956,-13.212184,12.339263,21.003145,-32.456038,6.246733,-24.520631,13.214,10.914,12.342,10.282,21.01,21.588,32.456,42.135,6.246,5.015,24.525,24.894
2025-11-11T11:37:38.277+01:00,0.002979,0.002390,0.003924,0.123206,0.142327,0.007765,-13.212184,12.339263,21.003145,-32.456038,6.246733,-24.520631,13.214,10.914,12.342,10.282,21.01,21.589,32.456,42.141,6.246,5.015,24.525,24.898
2025-11-11T11:37:38.997+01:00,-0.001617,0.005912,0.009739,0.144564,0.145262,0.008812,-13.212184,12.339263,21.003145,-32.456038,6.246733,-24.520631,13.214,10.914,12.342,10.282,21.01,21.589,32.456,42.141,6.246,5.015,24.525,24.898
2025-11-11T11:37:40.449+01:00,-0.003894,0.006129,0.011791,0.151052,0.145009,0.008450,-13.212184,12.339263,21.003145,-32.456038,6.246733,-24.520631,13.215,10.915,12.343,10.284,21.01,21.591,32.455,42.147,6.246,5.015,24.525,24.9
2025-11-11T11:37:41.208+01:00,-0.005715,0.006303,0.013433,0.158841,0.150208,0.008160,-13.212184,12.339263,21.003145,-32.456038,6.246733,-24.520631,13.215,10.915,12.343,10.284,21.01,21.591,32.455,42.147,6.246,5.015,24.525,24.9
2025-11-11T11:37:42.698+01:00,-0.011172,0.006443,0.018546,0.178273,0.160766,0.009128,-13.212184,12.339263,21.003145,-32.456038,6.246733,-24.520631,13.214,10.915,12.343,10.284,21.01,21.593,32.455,42.153,6.246,5.015,24.525,24.903
2025-11-11T11:37:43.439+01:00,-0.010338,0.007754,0.014837,0.184618,0.170613,0.009902,-13.212184,12.339263,21.003145,-32.456038,6.246733,-24.520631,13.214,10.915,12.343,10.284,21.01,21.593,32.455,42.153,6.246,5.015,24.525,24.903
2025-11-11T11:37:44.946+01:00,-0.009670,0.004803,0.010470,0.175295,0.179890,0.007922,-13.212184,12.339263,21.003145,-32.456038,6.246733,-24.520631,13.214,10.916,12.342,10.284,21.01,21.594,32.455,42.159,6.246,5.015,24.525,24.905
2025-11-11T11:37:45.710+01:00,-0.011736,0.009043,0.008376,0.177036,0.174112,0.008937,-13.212184,12.339263,21.003145,-32.456038,6.246733,-24.520631,13.214,10.916,12.342,10.284,21.01,21.594,32.455,42.159,6.246,5.015,24.525,24.905
2025-11-11T11:37:47.165+01:00,-0.002789,0.000634,0.005301,0.127229,0.149890,0.007150,-13.212184,12.339263,21.003145,-32.456038,6.246733,-24.520631,13.214,10.916,12.342,10.284,21.01,21.596,32.455,42.164,6.246,5.015,24.525,24.908
2025-11-11T11:37:47.965+01:00,-0.004831,0.004507,0.013440,0.087383,0.101512,0.009720,-13.212184,12.339263,21.003145,-32.456038,6.246733,-24.520631,13.214,10.916,12.342,10.284,21.01,21.596,32.455,42.164,6.246,5.015,24.525,24.908
2025-11-11T11:37:49.413+01:00,-0.007865,0.007606,0.012152,0.043706,0.041809,0.009176,-13.212184,12.339263,21.003145,-32.456038,6.246733,-24.520631,13.214,10.917,12.342,10.283,21.01,21.597,32.455,42.169,6.246,5.015,24.525,24.91
2025-11-11T11:37:50.134+01:00,-0.001092,0.000885,0.005722,-0.008435,0.007248,0.005941,-13.212184,12.339263,21.003145,-32.456038,6.246733,-24.520631,13.214,10.917,12.342,10.283,21.01,21.597,32.455,42.169,6.246,5.015,24.525,24.91
2025-11-11T11:37:51.587+01:00,-0.003474,0.003308,0.009778,-0.021148,-0.023002,0.006153,-13.212184,12.339263,21.003145,-32.456038,6.246733,-24.520631,13.214,10.917,12.342,10.283,21.01,21.599,32.455,42.175,6.246,5.016,24.525,24.913
2025-11-11T11:37:52.387+01:00,-0.001379,0.001246,0.001222,-0.023518,-0.013202,0.004922,-13.212184,12.339263,21.003145,-32.456038,6.246733,-24.520631,13.214,10.917,12.342,10.283,21.01,21.599,32.455,42.175,6.246,5.016,24.525,24.913
2025-11-11T11:37:53.879+01:00,-0.003703,0.000997,-0.000422,-0.035815,-0.013161,0.001338,-13.212184,12.339263,21.003145,-32.456038,6.246733,-24.520631,13.214,10.918,12.342,10.285,21.01,21.601,32.455,42.182,6.246,5.016,24.525,24.916
2025-11-11T11:37:54.640+01:00,-0.002962,0.003398,-0.000338,-0.051052,-0.032929,0.002470,-13.212184,12.339263,21.003145,-32.456038,6.246733,-24.520631,13.214,10.918,12.342,10.285,21.01,21.601,32.455,42.182,6.246,5.016,24.525,24.916
2025-11-11T11:37:56.100+01:00,-0.000970,0.001318,-0.000270,-0.077641,-0.051343,0.000576,-13.212184,12.339263,21.003145,-32.456038,6.246733,-24.520631,13.215,10.918,12.342,10.287,21.01,21.602,32.455,42.187,6.246,5.016,24.525,24.918
2025-11-11T11:37:56.870+01:00,-0.007376,0.005054,0.003784,-0.071313,-0.067275,0.003061,-13.212184,12.339263,21.003145,-32.456038,6.246733,-24.520631,13.215,10.918,12.342,10.287,21.01,21.602,32.455,42.187,6.246,5.016,24.525,24.918
2025-11-11T11:37:58.384+01:00,-0.011101,0.005444,0.009627,-0.059650,-0.069620,0.003849,-13.212184,12.339263,21.003145,-32.456038,6.246733,-24.520631,13.215,10.919,12.342,10.284,21.01,21.603,32.455,42.193,6.246,5.016,24.525,24.92
2025-11-11T11:37:59.141+01:00,-0.011481,0.004355,0.006302,-0.059520,-0.055696,0.003079,-13.212184,12.339263,21.003145,-32.456038,6.246733,-24.520631,13.215,10.919,12.342,10.284,21.01,21.603,32.455,42.193,6.246,5.016,24.525,24.92
2025-11-11T11:38:00.648+01:00,-0.015784,0.006084,0.010241,-0.034416,-0.037957,0.002463,-13.212184,12.339263,21.003145,-32.456038,6.246733,-24.520631,13.214,10.919,12.342,10.284,21.01,21.605,32.455,42.199,6.246,5.016,24.525,24.923
2025-11-11T11:38:01.433+01:00,-0.014028,0.004867,0.004193,-0.006533,-0.000165,0.000571,-13.212184,12.339263,21.003145,-32.456038,6.246733,-24.520631,13.214,10.919,12.342,10.284,21.01,21.605,32.455,42.199,6.246,5.016,24.525,24.923
2025-11-11T11:38:02.925+01:00,-0.015222,0.001294,0.003354,0.024974,0.032668,0.000456,-13.212184,12.339263,21.003145,-32.456038,6.246733,-24.520631,13.214,10.92,12.342,10.287,21.01,21.607,32.455,42.204,6.246,5.016,24.525,24.925
2025-11-11T11:38:03.703+01:00,-0.012178,0.002435,0.000084,0.035779,0.041934,0.000365,-13.212184,12.339263,21.003145,-32.456038,6.246733,-24.520631,13.214,10.92,12.342,10.287,21.01,21.607,32.455,42.204,6.246,5.016,24.525,24.925
2025-11-11T11:38:05.179+01:00,-0.013742,-0.000652,-0.001333,0.043023,0.064947,-0.001108,-13.212184,12.339263,21.003145,-32.456038,6.246733,-24.520631,13.214,10.92,12.342,10.284,21.01,21.608,32.455,42.21,6.246,5.016,24.525,24.928
2025-11-11T11:38:05.939+01:00,-0.016194,0.002078,0.004133,0.085618,0.091358,0.001714,-13.212184,12.339263,21.003145,-32.456038,6.246733,-24.520631,13.214,10.92,12.342,10.284,21.01,21.608,32.455,42.21,6.246,5.016,24.525,24.928
2025-11-11T11:38:07.444+01:00,-0.010355,0.003063,-0.000693,0.101295,0.113686,0.007971,-13.212184,12.339263,21.003145,-32.456038,6.246733,-24.520631,13.214,10.92,12.342,10.288,21.01,21.61,32.455,42.216,6.246,5.017,24.525,24.931
2025-11-11T11:38:08.170+01:00,-0.012284,0.005050,0.004645,0.066636,0.073949,0.008977,-13.212184,12.339263,21.003145,-32.456038,6.246733,-24.520631,13.214,10.92,12.342,10.288,21.01,21.61,32.455,42.216,6.246,5.017,24.525,24.931
2025-11-11T11:38:09.738+01:00,-0.008427,0.006640,-0.002884,0.013909,0.022359,0.009781,-13.212184,12.339263,21.003145,-32.456038,6.246733,-24.520631,13.215,10.921,12.342,10.285,21.01,21.611,32.455,42.221,6.246,5.017,24.525,24.933
2025-11-11T11:38:10.462+01:00,-0.009342,0.005312,-0.002307,0.015127,0.023087,0.007825,-13.212184,12.339263,21.003145,-32.456038,6.246733,-24.520631,13.215,10.921,12.342,10.285,21.01,21.611,32.455,42.221,6.246,5.017,24.525,24.933
2025-11-11T11:38:11.986+01:00,-0.012673,0.006850,-0.003246,0.031702,0.032870,0.007660,-13.212184,12.339263,21.003145,-32.456038,6.246733,-24.520631,13.215,10.921,12.342,10.287,21.01,21.613,32.455,42.226,6.246,5.017,24.525,24.936
2025-11-11T11:38:12.754+01:00,-0.008739,0.000280,-0.007796,0.031961,0.048696,0.006128,-13.212184,12.339263,21.003145,-32.456038,6.246733,-24.520631,13.215,10.921,12.342,10.287,21.01,21.613,32.455,42.226,6.246,5.017,24.525,24.936
2025-11-11T11:38:14.241+01:00,-0.009591,0.000224,-0.010237,0.047969,0.073157,0.003502,-13.212184,12.339263,21.003145,-32.456038,6.246733,-24.520631,13.214,10.921,12.342,10.288,21.01,21.615,32.456,42.231,6.246,5.017,24.525,24.938
2025-11-11T11:38:15.043+01:00,-0.009073,0.005379,-0.010790,0.080375,0.091325,0.004202,-13.212184,12.339263,21.003145,-32.456038,6.246733,-24.520631,13.214,10.921,12.342,10.288,21.01,21.615,32.456,42.231,6.246,5.017,24.525,24.938
2025-11-11T11:38:16.599+01:00,-0.011258,0.005703,-0.012632,0.093100,0.112460,0.001962,-13.212184,12.339263,21.003145,-32.456038,6.246733,-24.520631,13.214,10.922,12.342,10.289,21.01,21.616,32.455,42.237,6.246,5.017,24.525,24.941
2025-11-11T11:38:17.402+01:00,-0.007607,0.009763,-0.008705,0.112480,0.124168,0.006769,-13.212184,12.339263,21.003145,-32.456038,6.246733,-24.520631,13.214,10.922,12.342,10.289,21.01,21.616,32.455,42.237,6.246,5.017,24.525,24.941
2025-11-11T11:38:18.892+01:00,-0.003485,0.009210,-0.008364,0.097784,0.117735,0.004015,-13.212184,12.339263,21.003145,-32.456038,6.246733,-24.520631,13.214,10.922,12.342,10.289,21.01,21.617,32.455,42.242,6.246,5.017,24.525,24.943
2025-11-11T11:38:19.667+01:00,-0.005388,0.011368,-0.002691,0.095227,0.103388,0.005812,-13.212184,12.339263,21.003145,-32.456038,6.246733,-24.520631,13.214,10.922,12.342,10.289,21.01,21.617,32.455,42.242,6.246,5.017,24.525,24.943
2025-11-11T11:38:21.176+01:00,-0.006911,0.014294,0.001847,0.106382,0.102310,0.007250,-13.212184,12.339263,21.003145,-32.456038,6.246733,-24.520631,13.215,10.923,12.342,10.291,21.01,21.619,32.455,42.247,6.246,5.018,24.525,24.946
2025-11-11T11:38:21.960+01:00,-0.009528,0.011436,0.008077,0.089105,0.079248,0.008400,-13.212184,12.339263,21.003145,-32.456038,6.246733,-24.520631,13.215,10.923,12.342,10.291,21.01,21.619,32.455,42.247,6.246,5.018,24.525,24.946
2025-11-11T11:38:23.467+01:00,-0.007623,0.011748,0.013062,0.056884,0.044998,0.010720,-13.212184,12.339263,21.003145,-32.456038,6.246733,-24.520631,13.214,10.924,12.342,10.293,21.01,21.621,32.455,42.252,6.246,5.018,24.525,24.948
2025-11-11T11:38:24.228+01:00,-0.010098,0.007999,0.011850,0.016707,0.010999,0.005976,-13.212184,12.339263,21.003145,-32.456038,6.246733,-24.520631,13.214,10.924,12.342,10.293,21.01,21.621,32.455,42.252,6.246,5.018,24.525,24.948
2025-11-11T11:38:25.760+01:00,-0.013279,0.003799,0.012080,-0.010234,-0.012201,0.004781,-13.212184,12.339263,21.003145,-32.456038,6.246733,-24.520631,13.215,10.924,12.342,10.292,21.01,21.622,32.456,42.257,6.246,5.018,24.525,24.951
2025-11-11T11:38:26.520+01:00,-0.010623,0.003039,0.008264,-0.052787,-0.047761,0.002425,-13.212184,12.339263,21.003145,-32.456038,6.246733,-24.520631,13.215,10.924,12.342,10.292,21.01,21.622,32.456,42.257,6.246,5.018,24.525,24.951
2025-11-11T11:38:28.034+01:00,-0.013698,0.003831,0.010611,-0.080230,-0.073609,0.000540,-13.212184,12.339263,21.003145,-32.456038,6.246733,-24.520631,13.215,10.925,12.342,10.294,21.01,21.624,32.455,42.261,6.246,5.018,24.525,24.953
2025-11-11T11:38:28.813+01:00,-0.010959,0.004465,0.007089,-0.102184,-0.102287,0.000432,-13.212184,12.339263,21.003145,-32.456038,6.246733,-24.520631,13.215,10.925,12.342,10.294,21.01,21.624,32.455,42.261,6.246,5.018,24.525,24.953
2025-11-11T11:38:30.328+01:00,-0.006167,-0.001628,0.003071,-0.143347,-0.125230,-0.003655,-13.212184,12.339263,21.003145,-32.456038,6.246733,-24.520631,13.214,10.925,12.342,10.295,21.01,21.625,32.455,42.266,6.246,5.018,24.526,24.955
2025-11-11T11:38:31.106+01:00,-0.012734,0.001298,0.006457,-0.142278,-0.143584,-0.004324,-13.212184,12.339263,21.003145,-32.456038,6.246733,-24.520631,13.214,10.925,12.342,10.295,21.01,21.625,32.455,42.266,6.246,5.018,24.526,24.955
2025-11-11T11:38:32.622+01:00,-0.012787,-0.000362,-0.000035,-0.145222,-0.149067,-0.006059,-13.212184,12.339263,21.003145,-32.456038,6.246733,-24.520631,13.214,10.926,12.342,10.297,21.01,21.627,32.455,42.271,6.246,5.018,24.525,24.957
2025-11-11T11:38:33.406+01:00,-0.015429,0.002311,0.006572,-0.112178,-0.127054,-0.003447,-13.212184,12.339263,21.003145,-32.456038,6.246733,-24.520631,13.214,10.926,12.342,10.297,21.01,21.627,32.455,42.271,6.246,5.018,24.525,24.957
2025-11-11T11:38:34.934+01:00,-0.010944,-0.000752,0.001258,-0.096342,-0.104243,-0.004158,-13.212184,12.339263,21.003145,-32.456038,6.246733,-24.520631,13.214,10.926,12.342,10.298,21.01,21.629,32.455,42.275,6.246,5.018,24.525,24.96
2025-11-11T11:38:35.698+01:00,-0.016555,0.000799,0.006206,-0.046874,-0.068994,-0.003326,-13.212184,12.339263,21.003145,-32.456038,6.246733,-24.520631,13.214,10.926,12.342,10.298,21.01,21.629,32.455,42.275,6.246,5.018,24.525,24.96
2025-11-11T11:38:37.207+01:00,-0.017244,0.003239,0.007565,0.007101,-0.019795,-0.001261,-13.212184,12.339263,21.003145,-32.456038,6.246733,-24.520631,13.214,10.926,12.342,10.299,21.01,21.63,32.455,42.281,6.246,5.019,24.524,24.962
2025-11-11T11:38:37.989+01:00,-0.015195,-0.002609,0.004652,0.034481,0.028764,-0.001009,-13.212184,12.339263,21.003145,-32.456038,6.246733,-24.520631,13.214,10.926,12.342,10.299,21.01,21.63,32.455,42.281,6.246,5.019,24.524,24.962
2025-11-11T11:38:39.462+01:00,-0.014756,0.003113,0.007722,0.036785,0.025611,0.000593,-13.212184,12.339263,21.003145,-32.456038,6.246733,-24.520631,13.214,10.927,12.342,10.3,21.01,21.631,32.455,42.286,6.246,5.018,24.524,24.965
2025-11-11T11:38:40.221+01:00,-0.013205,-0.000110,-0.000423,0.041228,0.040089,-0.002126,-13.212184,12.339263,21.003145,-32.456038,6.246733,-24.520631,13.214,10.927,12.342,10.3,21.01,21.631,32.455,42.286,6.246,5.018,24.524,24.965
2025-11-11T11:38:41.665+01:00,-0.010564,-0.002688,0.001062,0.039582,0.058271,-0.001700,-13.212184,12.339263,21.003145,-32.456038,6.246733,-24.520631,13.215,10.927,12.342,10.302,21.01,21.633,32.456,42.292,6.246,5.019,24.525,24.967
2025-11-11T11:38:42.412+01:00,-0.009851,0.004450,0.002249,0.030266,0.038817,0.001240,-13.212184,12.339263,21.003145,-32.456038,6.246733,-24.520631,13.215,10.927,12.342,10.302,21.01,21.633,32.456,42.292,6.246,5.019,24.525,24.967
2025-11-11T11:38:43.957+01:00,-0.010481,0.006160,0.004400,0.007213,0.011453,0.002392,-13.212184,12.339263,21.003145,-32.456038,6.246733,-24.520631,13.215,10.927,12.342,10.302,21.01,21.635,32.455,42.297,6.246,5.019,24.525,24.969
2025-11-11T11:38:44.706+01:00,-0.012385,0.004928,0.007520,-0.024430,-0.015837,-0.000687,-13.212184,12.339263,21.003145,-32.456038,6.246733,-24.520631,13.215,10.927,12.342,10.302,21.01,21.635,32.455,42.297,6.246,5.019,24.525,24.969
2025-11-11T11:38:46.175+01:00,-0.011308,0.006542,0.008616,-0.032744,-0.038870,0.000851,-13.212184,12.339263,21.003145,-32.456038,6.246733,-24.520631,13.214,10.928,12.342,10.303,21.01,21.636,32.455,42.302,6.246,5.02,24.525,24.971
2025-11-11T11:38:46.935+01:00,-0.011646,0.005234,0.010893,-0.023595,-0.025896,-0.001919,-13.212184,12.339263,21.003145,-32.456038,6.246733,-24.520631,13.214,10.928,12.342,10.303,21.01,21.636,32.455,42.302,6.246,5.02,24.525,24.971
2025-11-11T11:38:48.380+01:00,-0.013317,0.005587,0.015314,-0.016276,-0.025917,-0.001536,-13.212184,12.339263,21.003145,-32.456038,6.246733,-24.520631,13.214,10.929,12.342,10.306,21.01,21.637,32.456,42.308,6.246,5.019,24.525,24.974
2025-11-11T11:38:49.127+01:00,-0.006654,0.007070,0.014851,-0.020821,-0.020733,0.001372,-13.212184,12.339263,21.003145,-32.456038,6.246733,-24.520631,13.214,10.929,12.342,10.306,21.01,21.637,32.456,42.308,6.246,5.019,24.525,24.974
2025-11-11T11:38:50.672+01:00,-0.001323,0.001656,0.009281,-0.045457,-0.025787,0.001097,-13.212184,12.339263,21.003145,-32.456038,6.246733,-24.520631,13.215,10.929,12.343,10.308,21.01,21.639,32.455,42.313,6.246,5.02,24.525,24.976
2025-11-11T11:38:51.420+01:00,-0.005058,0.005325,0.014025,-0.027165,-0.023229,0.003478,-13.212184,12.339263,21.003145,-32.456038,6.246733,-24.520631,13.215,10.929,12.343,10.308,21.01,21.639,32.455,42.313,6.246,5.02,24.525,24.976
2025-11-11T11:38:52.929+01:00,-0.002647,0.001660,0.004620,-0.042732,-0.027783,0.002782,-13.212184,12.339263,21.003145,-32.456038,6.246733,-24.520631,13.214,10.929,12.342,10.308,21.01,21.64,32.455,42.318,6.246,5.02,24.525,24.978
2025-11-11T11:38:53.730+01:00,-0.007317,0.002728,0.008896,-0.032786,-0.034027,0.003626,-13.212184,12.339263,21.003145,-32.456038,6.246733,-24.520631,13.214,10.929,12.342,10.308,21.01,21.64,32.455,42.318,6.246,5.02,24.525,24.978
2025-11-11T11:38:55.183+01:00,-0.008454,0.008782,0.011117,-0.018429,-0.032421,0.008101,-13.212184,12.339263,21.003145,-32.456038,6.246733,-24.520631,13.215,10.929,12.342,10.305,21.01,21.642,32.455,42.323,6.246,5.02,24.525,24.98
2025-11-11T11:38:55.943+01:00,-0.006763,0.003026,0.001093,-0.071143,-0.062737,0.005081,-13.212184,12.339263,21.003145,-32.456038,6.246733,-24.520631,13.215,10.929,12.342,10.305,21.01,21.642,32.455,42.323,6.246,5.02,24.525,24.98
2025-11-11T11:38:57.388+01:00,-0.010610,0.002421,0.000875,-0.104114,-0.088190,0.002664,-13.212184,12.339263,21.003145,-32.456038,6.246733,-24.520631,13.215,10.93,12.342,10.309,21.01,21.643,32.455,42.328,6.246,5.02,24.525,24.982
2025-11-11T11:38:58.152+01:00,-0.008488,0.004536,-0.003300,-0.112091,-0.094152,0.004732,-13.212184,12.339263,21.003145,-32.456038,6.246733,-24.520631,13.215,10.93,12.342,10.309,21.01,21.643,32.455,42.328,6.246,5.02,24.525,24.982
2025-11-11T11:38:59.682+01:00,-0.009391,0.003629,-0.005240,-0.121073,-0.093721,0.002385,-13.212184,12.339263,21.003145,-32.456038,6.246733,-24.520631,13.215,10.93,12.342,10.308,21.01,21.645,32.455,42.333,6.246,5.02,24.525,24.984
2025-11-11T11:39:00.446+01:00,-0.010113,0.008103,-0.005592,-0.102059,-0.091977,0.004508,-13.212184,12.339263,21.003145,-32.456038,6.246733,-24.520631,13.215,10.93,12.342,10.308,21.01,21.645,32.455,42.333,6.246,5.02,24.525,24.984
2025-11-11T11:39:01.990+01:00,-0.012090,0.009083,-0.001874,-0.063247,-0.064382,0.007607,-13.212184,12.339263,21.003145,-32.456038,6.246733,-24.520631,13.214,10.931,12.343,10.303,21.01,21.647,32.455,42.338,6.246,5.02,24.525,24.987
2025-11-11T11:39:02.746+01:00,-0.017472,0.011266,0.002501,0.005803,-0.000305,0.008685,-13.212184,12.339263,21.003145,-32.456038,6.246733,-24.520631,13.214,10.931,12.343,10.303,21.01,21.647,32.455,42.338,6.246,5.02,24.525,24.987
2025-11-11T11:39:04.247+01:00,-0.019178,0.011613,-0.001999,0.066242,0.061356,0.012148,-13.212184,12.339263,21.003145,-32.456038,6.246733,-24.520631,13.214,10.931,12.342,10.301,21.01,21.649,32.455,42.342,6.246,5.021,24.525,24.989
2025-11-11T11:39:05.031+01:00,-0.025942,0.011890,-0.001599,0.125194,0.122685,0.013719,-13.212184,12.339263,21.003145,-32.456038,6.246733,-24.520631,13.214,10.931,12.342,10.301,21.01,21.649,32.455,42.342,6.246,5.021,24.525,24.989
2025-11-11T11:39:06.483+01:00,-0.029954,0.018712,0.000121,0.188155,0.172948,0.017575,-13.212184,12.339263,21.003145,-32.456038,6.246733,-24.520631,13.214,10.932,12.342,10.304,21.01,21.65,32.455,42.347,6.246,5.02,24.524,24.992
2025-11-11T11:39:07.242+01:00,-0.029163,0.016370,-0.009104,0.233124,0.231558,0.016660,-13.212184,12.339263,21.003145,-32.456038,6.246733,-24.520631,13.214,10.932,12.342,10.304,21.01,21.65,32.455,42.347,6.246,5.02,24.524,24.992
2025-11-11T11:39:08.705+01:00,-0.029930,0.014496,-0.013883,0.269099,0.285046,0.019928,-13.212184,12.339263,21.003145,-32.456038,6.246733,-24.520631,13.214,10.932,12.342,10.304,21.01,21.651,32.455,42.352,6.246,5.02,24.525,24.994
2025-11-11T11:39:09.452+01:00,-0.027944,0.015597,-0.004506,0.246679,0.256837,0.019942,-13.212184,12.339263,21.003145,-32.456038,6.246733,-24.520631,13.214,10.932,12.342,10.304,21.01,21.651,32.455,42.352,6.246,5.02,24.525,24.994
2025-11-11T11:39:10.960+01:00,-0.019755,0.011077,-0.007605,0.181543,0.208070,0.017354,-13.212184,12.339263,21.003145,-32.456038,6.246733,-24.520631,13.214,10.932,12.342,10.304,21.01,21.653,32.455,42.357,6.246,5.02,24.525,24.995
2025-11-11T11:39:11.745+01:00,-0.023604,0.012862,0.000516,0.142635,0.153256,0.017883,-13.212184,12.339263,21.003145,-32.456038,6.246733,-24.520631,13.214,10.932,12.342,10.304,21.01,21.653,32.455,42.357,6.246,5.02,24.525,24.995
2025-11-11T11:39:13.237+01:00,-0.018883,0.015489,-0.002187,0.091708,0.100205,0.018306,-13.212184,12.339263,21.003145,-32.456038,6.246733,-24.520631,13.214,10.933,12.342,10.306,21.01,21.654,32.455,42.361,6.246,5.02,24.525,24.998
2025-11-11T11:39:14.054+01:00,-0.022907,0.013792,0.000850,0.054966,0.064364,0.013245,-13.212184,12.339263,21.003145,-32.456038,6.246733,-24.520631,13.214,10.933,12.342,10.306,21.01,21.654,32.455,42.361,6.246,5.02,24.525,24.998
2025-11-11T11:39:15.488+01:00,-0.024925,0.018833,0.000680,0.053173,0.048891,0.015796,-13.212184,12.339263,21.003145,-32.456038,6.246733,-24.520631,13.214,10.933,12.342,10.306,21.01,21.655,32.455,42.364,6.246,5.021,24.525,25.0
2025-11-11T11:39:16.209+01:00,-0.022540,0.012467,-0.003456,0.037338,0.043113,0.012637,-13.212184,12.339263,21.003145,-32.456038,6.246733,-24.520631,13.214,10.933,12.342,10.306,21.01,21.655,32.455,42.364,6.246,5.021,24.525,25.0
2025-11-11T11:39:17.738+01:00,-0.020632,0.008573,-0.004165,0.037671,0.051490,0.008710,-13.212184,12.339263,21.003145,-32.456038,6.246733,-24.520631,13.215,10.933,12.342,10.3,21.01,21.657,32.456,42.368,6.246,5.021,24.525,25.002
2025-11-11T11:39:18.482+01:00,-0.013906,0.009459,-0.005932,0.022337,0.047792,0.008368,-13.212184,12.339263,21.003145,-32.456038,6.246733,-24.520631,13.215,10.933,12.342,10.3,21.01,21.657,32.456,42.368,6.246,5.021,24.525,25.002
2025-11-11T11:39:19.911+01:00,-0.013725,0.008967,-0.008745,0.016469,0.047434,0.005294,-13.212184,12.339263,21.003145,-32.456038,6.246733,-24.520631,13.215,10.934,12.342,10.307,21.01,21.658,32.455,42.373,6.246,5.021,24.525,25.004
2025-11-11T11:39:20.635+01:00,-0.017580,0.012374,-0.004396,0.034175,0.053747,0.008235,-13.212184,12.339263,21.003145,-32.456038,6.246733,-24.520631,13.215,10.934,12.342,10.307,21.01,21.658,32.455,42.373,6.246,5.021,24.525,25.004
2025-11-11T11:39:22.179+01:00,-0.019264,0.016499,-0.004917,0.054940,0.066598,0.011788,-13.212184,12.339263,21.003145,-32.456038,6.246733,-24.520631,13.215,10.934,12.342,10.306,21.01,21.659,32.455,42.377,6.246,5.021,24.525,25.006
2025-11-11T11:39:23.722+01:00,-0.022011,0.017199,-0.003934,0.078152,0.088678,0.012031,-13.212184,12.339263,21.003145,-32.456038,6.246733,-24.520631,13.215,10.934,12.342,10.306,21.01,21.659,32.455,42.377,6.246,5.021,24.525,25.006
2025-11-11T11:39:25.153+01:00,-0.020209,0.017759,-0.009747,0.103122,0.118142,0.013624,-13.212184,12.339263,21.003145,-32.456038,6.246733,-24.520631,13.214,10.935,12.343,10.306,21.01,21.661,32.456,42.383,6.246,5.021,24.525,25.008
2025-11-11T11:39:25.914+01:00,-0.017567,0.011607,-0.009198,0.094297,0.122114,0.010900,-13.212184,12.339263,21.003145,-32.456038,6.246733,-24.520631,13.214,10.935,12.343,10.306,21.01,21.661,32.456,42.383,6.246,5.021,24.525,25.008
2025-11-11T11:39:27.402+01:00,-0.014054,0.017086,-0.002158,0.093838,0.106891,0.012720,-13.212184,12.339263,21.003145,-32.456038,6.246733,-24.520631,13.214,10.935,12.342,10.31,21.01,21.663,32.455,42.387,6.246,5.021,24.525,25.011
2025-11-11T11:39:28.145+01:00,-0.008643,0.011069,-0.005726,0.058070,0.084113,0.010176,-13.212184,12.339263,21.003145,-32.456038,6.246733,-24.520631,13.214,10.935,12.342,10.31,21.01,21.663,32.455,42.387,6.246,5.021,24.525,25.011
2025-11-11T11:39:29.695+01:00,-0.010914,0.008855,-0.004581,0.047856,0.079090,0.006741,-13.212184,12.339263,21.003145,-32.456038,6.246733,-24.520631,13.214,10.936,12.342,10.308,21.01,21.664,32.455,42.392,6.246,5.021,24.525,25.014
2025-11-11T11:39:30.438+01:00,-0.010131,0.009684,-0.010265,0.038285,0.069872,0.006792,-13.212184,12.339263,21.003145,-32.456038,6.246733,-24.520631,13.214,10.936,12.342,10.308,21.01,21.664,32.455,42.392,6.246,5.021,24.525,25.014
2025-11-11T11:39:31.989+01:00,-0.012105,0.009147,-0.010812,0.021428,0.065098,0.004034,-13.212184,12.339263,21.003145,-32.456038,6.246733,-24.520631,13.214,10.936,12.342,10.308,21.01,21.665,32.455,42.397,6.246,5.022,24.525,25.016
2025-11-11T11:39:32.730+01:00,-0.014884,0.013918,-0.008650,-0.005258,0.025878,0.007227,-13.212184,12.339263,21.003145,-32.456038,6.246733,-24.520631,13.214,10.936,12.342,10.308,21.01,21.665,32.455,42.397,6.246,5.022,24.525,25.016
2025-11-11T11:39:34.235+01:00,-0.013307,0.013734,-0.009520,-0.055406,-0.016097,0.005782,-13.212184,12.339263,21.003145,-32.456038,6.246733,-24.520631,13.214,10.936,12.342,10.308,21.01,21.666,32.455,42.401,6.246,5.022,24.525,25.018
2025-11-11T11:39:35.022+01:00,-0.017246,0.017587,-0.009016,-0.058725,-0.040478,0.007225,-13.212184,12.339263,21.003145,-32.456038,6.246733,-24.520631,13.214,10.936,12.342,10.308,21.01,21.666,32.455,42.401,6.246,5.022,24.525,25.018
2025-11-11T11:39:36.529+01:00,-0.017797,0.016670,-0.008613,-0.070580,-0.055982,0.007180,-13.212184,12.339263,21.003145,-32.456038,6.246733,-24.520631,13.215,10.937,12.342,10.31,21.01,21.667,32.455,42.405,6.246,5.022,24.525,25.02
2025-11-11T11:39:37.317+01:00,-0.018237,0.014736,-0.000290,-0.057864,-0.044786,0.007144,-13.212184,12.339263,21.003145,-32.456038,6.246733,-24.520631,13.215,10.937,12.342,10.31,21.01,21.667,32.455,42.405,6.246,5.022,24.525,25.02
2025-11-11T11:39:38.822+01:00,-0.018590,0.015789,0.003768,-0.054091,-0.046429,0.008315,-13.212184,12.339263,21.003145,-32.456038,6.246733,-24.520631,13.214,10.937,12.342,10.31,21.01,21.669,32.455,42.409,6.246,5.022,24.525,25.022
2025-11-11T11:39:39.610+01:00,-0.014872,0.015231,0.007014,-0.093073,-0.075143,0.006652,-13.212184,12.339263,21.003145,-32.456038,6.246733,-24.520631,13.214,10.937,12.342,10.31,21.01,21.669,32.455,42.409,6.246,5.022,24.525,25.022
2025-11-11T11:39:41.114+01:00,-0.014498,0.018785,0.009611,-0.094058,-0.090314,0.007922,-13.212184,12.339263,21.003145,-32.456038,6.246733,-24.520631,13.215,10.938,12.342,10.306,21.01,21.67,32.455,42.414,6.246,5.022,24.525,25.024
2025-11-11T11:39:41.919+01:00,-0.012998,0.015028,0.011689,-0.127647,-0.116851,0.003737,-13.212184,12.339263,21.003145,-32.456038,6.246733,-24.520631,13.215,10.938,12.342,10.306,21.01,21.67,32.455,42.414,6.246,5.022,24.525,25.024
2025-11-11T11:39:43.408+01:00,-0.011798,0.014622,0.019951,-0.121717,-0.126281,0.005590,-13.212184,12.339263,21.003145,-32.456038,6.246733,-24.520631,13.215,10.938,12.342,10.307,21.01,21.671,32.455,42.417,6.246,5.022,24.525,25.026
2025-11-11T11:39:44.213+01:00,-0.006839,0.013098,0.015961,-0.105174,-0.107625,0.003072,-13.212184,12.339263,21.003145,-32.456038,6.246733,-24.520631,13.215,10.938,12.342,10.307,21.01,21.671,32.455,42.417,6.246,5.022,24.525,25.026
2025-11-11T11:39:45.701+01:00,-0.008071,0.015678,0.019369,-0.076339,-0.090100,0.006458,-13.212184,12.339263,21.003145,-32.456038,6.246733,-24.520631,13.215,10.938,12.342,10.308,21.01,21.673,32.455,42.421,6.246,5.022,24.525,25.028
2025-11-11T11:39:46.469+01:00,-0.003857,0.012543,0.012895,-0.071671,-0.070680,0.006566,-13.212184,12.339263,21.003145,-32.456038,6.246733,-24.520631,13.215,10.938,12.342,10.308,21.01,21.673,32.455,42.421,6.246,5.022,24.525,25.028
2025-11-11T11:39:47.960+01:00,-0.004485,0.010034,0.018116,-0.071737,-0.057944,0.005253,-13.212184,12.339263,21.003145,-32.456038,6.246733,-24.520631,13.215,10.938,12.342,10.313,21.01,21.675,32.455,42.425,6.246,5.022,24.525,25.03
2025-11-11T11:39:48.721+01:00,-0.002188,0.012027,0.014493,-0.082390,-0.068755,0.006802,-13.212184,12.339263,21.003145,-32.456038,6.246733,-24.520631,13.215,10.938,12.342,10.313,21.01,21.675,32.455,42.425,6.246,5.022,24.525,25.03
2025-11-11T11:39:50.212+01:00,-0.003151,0.007022,0.003794,-0.101312,-0.076004,0.002842,-13.212184,12.339263,21.003145,-32.456038,6.246733,-24.520631,13.215,10.939,12.342,10.311,21.01,21.675,32.455,42.429,6.246,5.023,24.524,25.032
2025-11-11T11:39:50.940+01:00,-0.003921,0.008217,0.003035,-0.067849,-0.045003,0.006273,-13.212184,12.339263,21.003145,-32.456038,6.246733,-24.520631,13.215,10.939,12.342,10.311,21.01,21.675,32.455,42.429,6.246,5.023,24.524,25.032
2025-11-11T11:39:52.462+01:00,0.002064,0.010574,-0.000172,-0.046479,-0.021603,0.007619,-13.212184,12.339263,21.003145,-32.456038,6.246733,-24.520631,13.215,10.939,12.342,10.311,21.01,21.677,32.456,42.433,6.246,5.023,24.525,25.034
2025-11-11T11:39:53.221+01:00,-0.003549,0.012459,0.007663,-0.035784,-0.018682,0.007495,-13.212184,12.339263,21.003145,-32.456038,6.246733,-24.520631,13.215,10.939,12.342,10.311,21.01,21.677,32.456,42.433,6.246,5.023,24.525,25.034
2025-11-11T11:39:54.772+01:00,-0.006839,0.013967,0.011330,-0.011627,-0.008346,0.005996,-13.212184,12.339263,21.003145,-32.456038,6.246733,-24.520631,13.214,10.939,12.342,10.312,21.01,21.678,32.456,42.437,6.247,5.023,24.525,25.036
2025-11-11T11:39:55.517+01:00,-0.006871,0.008574,0.011664,-0.013301,0.005123,0.004797,-13.212184,12.339263,21.003145,-32.456038,6.246733,-24.520631,13.214,10.939,12.342,10.312,21.01,21.678,32.456,42.437,6.247,5.023,24.525,25.036
2025-11-11T11:39:57.049+01:00,-0.001497,0.013459,0.013331,-0.008041,0.008099,0.007837,-13.212184,12.339263,21.003145,-32.456038,6.246733,-24.520631,13.215,10.939,12.342,10.312,21.01,21.679,32.455,42.44,6.246,5.023,24.525,25.038
2025-11-11T11:39:57.807+01:00,0.000202,0.006767,0.012065,-0.045833,-0.022321,0.001070,-13.212184,12.339263,21.003145,-32.456038,6.246733,-24.520631,13.215,10.939,12.342,10.312,21.01,21.679,32.455,42.44,6.246,5.023,24.525,25.038
2025-11-11T11:39:59.259+01:00,-0.005038,0.006814,0.016252,-0.059066,-0.046657,-0.000544,-13.212184,12.339263,21.003145,-32.456038,6.246733,-24.520631,13.215,10.94,12.342,10.314,21.01,21.681,32.455,42.443,6.246,5.023,24.525,25.039
2025-11-11T11:40:00.020+01:00,-0.002631,0.001451,0.011602,-0.085253,-0.054325,-0.003035,-13.212184,12.339263,21.003145,-32.456038,6.246733,-24.520631,13.215,10.94,12.342,10.314,21.01,21.681,32.455,42.443,6.246,5.023,24.525,25.039
2025-11-11T11:40:01.551+01:00,-0.006104,0.001161,0.013281,-0.099602,-0.063060,-0.003828,-13.212184,12.339263,21.003145,-32.456038,6.246733,-24.520631,13.214,10.94,12.343,10.313,21.01,21.682,32.455,42.446,6.246,5.023,24.524,25.041
2025-11-11T11:40:02.315+01:00,-0.008884,0.007529,0.010625,-0.084882,-0.063648,-0.001663,-13.212184,12.339263,21.003145,-32.456038,6.246733,-24.520631,13.214,10.94,12.343,10.313,21.01,21.682,32.455,42.446,6.246,5.023,24.524,25.041
2025-11-11T11:40:03.805+01:00,-0.011107,0.007423,0.008500,-0.090306,-0.060119,-0.003930,-13.212184,12.339263,21.003145,-32.456038,6.246733,-24.520631,13.215,10.94,12.342,10.315,21.01,21.683,32.455,42.45,6.246,5.023,24.525,25.043
2025-11-11T11:40:04.568+01:00,-0.012885,0.012538,0.008200,-0.082844,-0.065095,-0.000544,-13.212184,12.339263,21.003145,-32.456038,6.246733,-24.520631,13.215,10.94,12.342,10.315,21.01,21.683,32.455,42.45,6.246,5.023,24.525,25.043
2025-11-11T11:40:06.072+01:00,-0.011708,0.012631,0.003960,-0.084676,-0.062676,0.000965,-13.212184,12.339263,21.003145,-32.456038,6.246733,-24.520631,13.214,10.941,12.342,10.313,21.01,21.685,32.455,42.454,6.246,5.024,24.525,25.045
2025-11-11T11:40:06.860+01:00,-0.014567,0.011505,0.005768,-0.080940,-0.056741,-0.000628,-13.212184,12.339263,21.003145,-32.456038,6.246733,-24.520631,13.214,10.941,12.342,10.313,21.01,21.685,32.455,42.454,6.246,5.024,24.525,25.045
2025-11-11T11:40:08.320+01:00,-0.016853,0.013204,0.004614,-0.064752,-0.049393,0.000897,-13.212184,12.339263,21.003145,-32.456038,6.246733,-24.520631,13.215,10.941,12.342,10.315,21.01,21.685,32.456,42.458,6.246,5.023,24.525,25.047
2025-11-11T11:40:09.075+01:00,-0.010883,0.010563,0.005092,-0.070202,-0.048714,0.000718,-13.212184,12.339263,21.003145,-32.456038,6.246733,-24.520631,13.215,10.941,12.342,10.315,21.01,21.685,32.456,42.458,6.246,5.023,24.525,25.047
2025-11-11T11:40:11.378+01:00,-0.011306,0.008450,0.013273,-0.086362,-0.062571,0.000574,-13.212184,12.339263,21.003145,-32.456038,6.246733,-24.520631,13.215,10.942,12.342,10.315,21.01,21.687,32.455,42.463,6.246,5.024,24.525,25.05
2025-11-11T11:40:12.103+01:00,-0.006445,0.001560,0.005419,-0.124289,-0.084257,-0.002141,-13.212184,12.339263,21.003145,-32.456038,6.246733,-24.520631,13.215,10.942,12.342,10.315,21.01,21.687,32.455,42.463,6.246,5.024,24.525,25.05
2025-11-11T11:40:13.631+01:00,-0.011756,0.005248,0.008335,-0.133631,-0.098806,-0.004312,-13.212184,12.339263,21.003145,-32.456038,6.246733,-24.520631,13.214,10.942,12.342,10.316,21.01,21.688,32.455,42.468,6.246,5.023,24.525,25.051
2025-11-11T11:40:14.395+01:00,-0.008005,0.005599,0.005268,-0.133105,-0.107844,-0.004850,-13.212184,12.339263,21.003145,-32.456038,6.246733,-24.520631,13.214,10.942,12.342,10.316,21.01,21.688,32.455,42.468,6.246,5.023,24.525,25.051
2025-11-11T11:40:15.925+01:00,-0.006404,0.005879,0.001614,-0.140684,-0.111276,-0.005280,-13.212184,12.339263,21.003145,-32.456038,6.246733,-24.520631,13.214,10.942,12.342,10.316,21.01,21.689,32.455,42.472,6.246,5.023,24.524,25.053
2025-11-11T11:40:16.688+01:00,-0.009123,0.009903,0.005291,-0.126947,-0.114020,-0.004224,-13.212184,12.339263,21.003145,-32.456038,6.246733,-24.520631,13.214,10.942,12.342,10.316,21.01,21.689,32.455,42.472,6.246,5.023,24.524,25.053
2025-11-11T11:40:18.193+01:00,-0.011298,0.009322,0.005633,-0.117358,-0.113616,-0.003379,-13.212184,12.339263,21.003145,-32.456038,6.246733,-24.520631,13.215,10.943,12.342,10.318,21.01,21.691,32.455,42.476,6.246,5.024,24.525,25.055
2025-11-11T11:40:18.979+01:00,-0.011639,0.007458,0.001907,-0.122686,-0.110493,-0.007903,-13.212184,12.339263,21.003145,-32.456038,6.246733,-24.520631,13.215,10.943,12.342,10.318,21.01,21.691,32.455,42.476,6.246,5.024,24.525,25.055
2025-11-11T11:40:20.512+01:00,-0.013311,0.007366,0.005525,-0.088949,-0.088394,-0.006323,-13.212184,12.339263,21.003145,-32.456038,6.246733,-24.520631,13.214,10.943,12.342,10.318,21.01,21.692,32.456,42.479,6.246,5.024,24.525,25.057
2025-11-11T11:40:21.273+01:00,-0.017249,0.004493,0.007020,-0.071159,-0.062916,-0.006458,-13.212184,12.339263,21.003145,-32.456038,6.246733,-24.520631,13.214,10.943,12.342,10.318,21.01,21.692,32.456,42.479,6.246,5.024,24.525,25.057
2025-11-11T11:40:22.805+01:00,-0.021599,0.003594,0.005616,-0.046327,-0.045132,-0.003767,-13.212184,12.339263,21.003145,-32.456038,6.246733,-24.520631,13.215,10.943,12.342,10.314,21.01,21.693,32.455,42.483,6.246,5.024,24.525,25.059
2025-11-11T11:40:23.566+01:00,-0.017279,0.004276,-0.000707,-0.067262,-0.049306,-0.005613,-13.212184,12.339263,21.003145,-32.456038,6.246733,-24.520631,13.215,10.943,12.342,10.314,21.01,21.693,32.455,42.483,6.246,5.024,24.525,25.059
2025-11-11T11:40:25.097+01:00,-0.020423,0.006020,0.004634,-0.077410,-0.064445,-0.003091,-13.212184,12.339263,21.003145,-32.456038,6.246733,-24.520631,13.215,10.944,12.342,10.312,21.01,21.695,32.455,42.487,6.246,5.024,24.525,25.061
2025-11-11T11:40:25.859+01:00,-0.020339,0.010016,-0.000293,-0.097328,-0.081756,-0.002472,-13.212184,12.339263,21.003145,-32.456038,6.246733,-24.520631,13.215,10.944,12.342,10.312,21.01,21.695,32.455,42.487,6.246,5.024,24.525,25.061
2025-11-11T11:40:27.391+01:00,-0.020271,0.006613,-0.009434,-0.117262,-0.087805,-0.004578,-13.212184,12.339263,21.003145,-32.456038,6.246733,-24.520631,13.215,10.944,12.342,10.314,21.01,21.696,32.455,42.49,6.246,5.024,24.525,25.063
2025-11-11T11:40:28.151+01:00,-0.017617,0.009290,-0.008947,-0.107010,-0.086044,0.000338,-13.212184,12.339263,21.003145,-32.456038,6.246733,-24.520631,13.215,10.944,12.342,10.314,21.01,21.696,32.455,42.49,6.246,5.024,24.525,25.063
2025-11-11T11:40:29.682+01:00,-0.015493,0.007432,-0.007158,-0.126208,-0.099035,0.000270,-13.212184,12.339263,21.003145,-32.456038,6.246733,-24.520631,13.214,10.945,12.342,10.315,21.01,21.697,32.455,42.495,6.246,5.024,24.525,25.064
2025-11-11T11:40:30.444+01:00,-0.022995,0.009946,-0.001726,-0.135166,-0.113428,0.000216,-13.212184,12.339263,21.003145,-32.456038,6.246733,-24.520631,13.214,10.945,12.342,10.315,21.01,21.697,32.455,42.495,6.246,5.024,24.525,25.064
2025-11-11T11:40:31.975+01:00,-0.019796,0.010557,-0.009181,-0.135733,-0.118342,0.001573,-13.212184,12.339263,21.003145,-32.456038,6.246733,-24.520631,13.215,10.945,12.342,10.314,21.01,21.698,32.455,42.498,6.246,5.024,24.525,25.066
2025-11-11T11:40:32.738+01:00,-0.023637,0.008445,-0.003345,-0.122986,-0.115674,0.002658,-13.212184,12.339263,21.003145,-32.456038,6.246733,-24.520631,13.215,10.945,12.342,10.314,21.01,21.698,32.455,42.498,6.246,5.024,24.525,25.066
2025-11-11T11:40:34.269+01:00,-0.024109,0.014556,-0.002676,-0.125989,-0.126739,0.006127,-13.212184,12.339263,21.003145,-32.456038,6.246733,-24.520631,13.215,10.945,12.342,10.307,21.01,21.699,32.455,42.501,6.246,5.025,24.525,25.068
2025-11-11T11:40:35.030+01:00,-0.021887,0.010245,-0.007341,-0.126991,-0.106591,0.003501,-13.212184,12.339263,21.003145,-32.456038,6.246733,-24.520631,13.215,10.945,12.342,10.307,21.01,21.699,32.455,42.501,6.246,5.025,24.525,25.068
2025-11-11T11:40:36.600+01:00,-0.021510,0.008196,-0.013673,-0.102993,-0.083873,0.002801,-13.212184,12.339263,21.003145,-32.456038,6.246733,-24.520631,13.214,10.946,12.342,10.311,21.01,21.701,32.455,42.505,6.246,5.025,24.525,25.069
2025-11-11T11:40:37.361+01:00,-0.025008,0.007957,-0.006938,-0.044394,-0.027698,0.002241,-13.212184,12.339263,21.003145,-32.456038,6.246733,-24.520631,13.214,10.946,12.342,10.311,21.01,21.701,32.455,42.505,6.246,5.025,24.525,25.069
2025-11-11T11:40:39.713+01:00,-0.026606,0.012965,-0.008150,-0.002716,0.005441,0.004393,-13.212184,12.339263,21.003145,-32.456038,6.246733,-24.520631,13.214,10.946,12.342,10.311,21.01,21.702,32.455,42.509,6.246,5.025,24.525,25.072
2025-11-11T11:40:40.473+01:00,-0.034485,0.014372,-0.007920,0.068628,0.064753,0.004914,-13.212184,12.339263,21.003145,-32.456038,6.246733,-24.520631,13.214,10.946,12.342,10.311,21.01,21.702,32.455,42.509,6.246,5.025,24.525,25.072
2025-11-11T11:40:41.967+01:00,-0.035388,0.014098,-0.015536,0.121902,0.124002,0.003931,-13.212184,12.339263,21.003145,-32.456038,6.246733,-24.520631,13.215,10.947,12.342,10.311,21.01,21.703,32.455,42.514,6.246,5.025,24.525,25.074
2025-11-11T11:40:42.728+01:00,-0.042710,0.016478,-0.016429,0.177522,0.172802,0.004545,-13.212184,12.339263,21.003145,-32.456038,6.246733,-24.520631,13.215,10.947,12.342,10.311,21.01,21.703,32.455,42.514,6.246,5.025,24.525,25.074
2025-11-11T11:40:44.260+01:00,-0.048568,0.013183,-0.013143,0.222017,0.219642,0.007636,-13.212184,12.339263,21.003145,-32.456038,6.246733,-24.520631,13.215,10.947,12.342,10.314,21.01,21.704,32.455,42.519,6.247,5.025,24.525,25.075
2025-11-11T11:40:45.020+01:00,-0.049455,0.009146,-0.021115,0.255014,0.272913,0.004709,-13.212184,12.339263,21.003145,-32.456038,6.246733,-24.520631,13.215,10.947,12.342,10.314,21.01,21.704,32.455,42.519,6.247,5.025,24.525,25.075
2025-11-11T11:40:46.465+01:00,-0.052764,0.007317,-0.022092,0.298611,0.315531,0.003767,-13.212184,12.339263,21.003145,-32.456038,6.246733,-24.520631,13.215,10.947,12.342,10.315,21.01,21.705,32.455,42.522,6.246,5.025,24.525,25.077
2025-11-11T11:40:47.212+01:00,-0.039611,0.008454,-0.021673,0.290089,0.331224,0.005614,-13.212184,12.339263,21.003145,-32.456038,6.246733,-24.520631,13.215,10.947,12.342,10.315,21.01,21.705,32.455,42.522,6.246,5.025,24.525,25.077
2025-11-11T11:40:48.683+01:00,-0.030289,0.000163,-0.022539,0.241271,0.297780,0.003091,-13.212184,12.339263,21.003145,-32.456038,6.246733,-24.520631,13.214,10.948,12.342,10.316,21.01,21.706,32.456,42.527,6.246,5.025,24.525,25.079
2025-11-11T11:40:49.444+01:00,-0.034831,0.004130,-0.014031,0.239017,0.271024,0.002473,-13.212184,12.339263,21.003145,-32.456038,6.246733,-24.520631,13.214,10.948,12.342,10.316,21.01,21.706,32.456,42.527,6.246,5.025,24.525,25.079
2025-11-11T11:40:50.885+01:00,-0.029265,0.007304,-0.015225,0.221413,0.258819,0.004578,-13.212184,12.339263,21.003145,-32.456038,6.246733,-24.520631,13.215,10.949,12.342,10.316,21.01,21.707,32.455,42.531,6.246,5.025,24.525,25.081
2025-11-11T11:40:51.611+01:00,-0.028612,0.003243,-0.008180,0.181131,0.222855,0.002263,-13.212184,12.339263,21.003145,-32.456038,6.246733,-24.520631,13.215,10.949,12.342,10.316,21.01,21.707,32.455,42.531,6.246,5.025,24.525,25.081
2025-11-11T11:40:53.104+01:00,-0.028089,0.006595,-0.005144,0.168505,0.194084,0.003210,-13.212184,12.339263,21.003145,-32.456038,6.246733,-24.520631,13.214,10.949,12.342,10.319,21.01,21.707,32.455,42.535,6.246,5.026,24.525,25.082
2025-11-11T11:40:53.865+01:00,-0.022472,0.002676,-0.009315,0.146604,0.185467,-0.000032,-13.212184,12.339263,21.003145,-32.456038,6.246733,-24.520631,13.214,10.949,12.342,10.319,21.01,21.707,32.455,42.535,6.246,5.026,24.525,25.082
2025-11-11T11:40:55.308+01:00,-0.023177,0.003541,-0.003452,0.136883,0.173374,-0.000026,-13.212184,12.339263,21.003145,-32.456038,6.246733,-24.520631,13.214,10.95,12.342,10.318,21.01,21.709,32.455,42.539,6.246,5.026,24.525,25.084
2025-11-11T11:40:56.034+01:00,-0.017142,0.004232,-0.009362,0.112106,0.155699,-0.000020,-13.212184,12.339263,21.003145,-32.456038,6.246733,-24.520631,13.214,10.95,12.342,10.318,21.01,21.709,32.455,42.539,6.246,5.026,24.525,25.084
2025-11-11T11:40:57.526+01:00,-0.016313,0.004786,-0.006089,0.102885,0.138959,-0.001416,-13.212184,12.339263,21.003145,-32.456038,6.246733,-24.520631,13.215,10.95,12.342,10.32,21.01,21.71,32.455,42.544,6.246,5.026,24.525,25.086
2025-11-11T11:40:58.287+01:00,-0.020851,0.007829,-0.003471,0.065308,0.094167,-0.002533,-13.212184,12.339263,21.003145,-32.456038,6.246733,-24.520631,13.215,10.95,12.342,10.32,21.01,21.71,32.455,42.544,6.246,5.026,24.525,25.086
2025-11-11T11:40:59.794+01:00,-0.019281,0.010263,-0.000177,0.040446,0.058334,-0.003426,-13.212184,12.339263,21.003145,-32.456038,6.246733,-24.520631,13.215,10.95,12.342,10.319,21.01,21.711,32.455,42.548,6.246,5.026,24.525,25.088
2025-11-11T11:41:00.580+01:00,-0.020624,0.006810,0.003858,0.020557,0.040067,-0.005341,-13.212184,12.339263,21.003145,-32.456038,6.246733,-24.520631,13.215,10.95,12.342,10.319,21.01,21.711,32.455,42.548,6.246,5.026,24.525,25.088
2025-11-11T11:41:02.024+01:00,-0.024300,0.008048,0.008287,0.020446,0.025454,-0.004273,-13.212184,12.339263,21.003145,-32.456038,6.246733,-24.520631,13.214,10.951,12.342,10.319,21.01,21.712,32.456,42.553,6.246,5.026,24.525,25.09
2025-11-11T11:41:02.748+01:00,-0.019440,0.007839,0.005229,-0.038843,-0.009837,-0.004818,-13.212184,12.339263,21.003145,-32.456038,6.246733,-24.520631,13.214,10.951,12.342,10.319,21.01,21.712,32.456,42.553,6.246,5.026,24.525,25.09
2025-11-11T11:41:04.268+01:00,-0.018152,0.002271,0.004183,-0.087475,-0.052470,-0.007855,-13.212184,12.339263,21.003145,-32.456038,6.246733,-24.520631,13.215,10.951,12.342,10.321,21.01,21.713,32.455,42.557,6.246,5.026,24.525,25.091
2025-11-11T11:41:05.011+01:00,-0.018521,0.004417,0.003347,-0.072580,-0.052576,-0.006284,-13.212184,12.339263,21.003145,-32.456038,6.246733,-24.520631,13.215,10.951,12.342,10.321,21.01,21.713,32.455,42.557,6.246,5.026,24.525,25.091
2025-11-11T11:41:06.480+01:00,-0.012217,0.000933,0.000077,-0.077664,-0.042061,-0.007627,-13.212184,12.339263,21.003145,-32.456038,6.246733,-24.520631,13.215,10.952,12.342,10.321,21.01,21.714,32.455,42.561,6.246,5.026,24.525,25.093
2025-11-11T11:41:07.223+01:00,-0.020374,0.004747,0.005262,-0.055531,-0.037648,-0.007502,-13.212184,12.339263,21.003145,-32.456038,6.246733,-24.520631,13.215,10.952,12.342,10.321,21.01,21.714,32.455,42.561,6.246,5.026,24.525,25.093
2025-11-11T11:41:08.693+01:00,-0.014899,0.005197,0.002810,-0.031225,-0.013119,-0.003401,-13.212184,12.339263,21.003145,-32.456038,6.246733,-24.520631,13.214,10.952,12.342,10.321,21.01,21.715,32.455,42.566,6.246,5.026,24.525,25.096
2025-11-11T11:41:09.433+01:00,-0.005319,0.001558,0.007448,-0.074780,-0.035495,-0.001321,-13.212184,12.339263,21.003145,-32.456038,6.246733,-24.520631,13.214,10.952,12.342,10.321,21.01,21.715,32.455,42.566,6.246,5.026,24.525,25.096
2025-11-11T11:41:10.906+01:00,-0.005655,0.006446,0.009958,-0.059824,-0.110996,-0.002457,-13.212184,12.339263,21.003145,-32.456038,6.246733,-24.520631,13.214,10.952,12.342,10.321,21.01,21.716,32.455,42.571,6.246,5.026,24.525,25.096
2025-11-11T11:41:11.646+01:00,-0.001924,0.006557,0.005366,-0.112259,-0.149197,-0.001965,-13.212184,12.339263,21.003145,-32.456038,6.246733,-24.520631,13.214,10.952,12.342,10.321,21.01,21.716,32.455,42.571,6.246,5.026,24.525,25.096
2025-11-11T11:41:13.931+01:00,-0.002939,0.007846,0.010893,-0.130407,-0.156157,-0.001572,-13.212184,12.339263,21.003145,-32.456038,6.246733,-24.520631,13.214,10.953,12.342,10.322,21.01,21.717,32.456,42.576,6.246,5.026,24.525,25.099
2025-11-11T11:41:15.492+01:00,-0.000952,0.008877,0.008715,-0.127926,-0.141926,-0.002658,-13.212184,12.339263,21.003145,-32.456038,6.246733,-24.520631,13.214,10.953,12.342,10.322,21.01,21.717,32.456,42.576,6.246,5.026,24.525,25.099
2025-11-11T11:41:16.996+01:00,-0.004761,0.012301,0.005572,-0.123341,-0.142341,-0.000726,-13.212184,12.339263,21.003145,-32.456038,6.246733,-24.520631,13.215,10.954,12.342,10.323,21.01,21.719,32.455,42.581,6.246,5.026,24.525,25.102
2025-11-11T11:41:17.800+01:00,-0.006409,0.005841,0.003057,-0.126273,-0.127073,-0.000581,-13.212184,12.339263,21.003145,-32.456038,6.246733,-24.520631,13.215,10.954,12.342,10.323,21.01,21.719,32.455,42.581,6.246,5.026,24.525,25.102
2025-11-11T11:41:19.327+01:00,-0.011727,0.008673,0.005046,-0.098418,-0.105658,0.000935,-13.212184,12.339263,21.003145,-32.456038,6.246733,-24.520631,13.215,10.954,12.342,10.321,21.01,21.72,32.455,42.586,6.246,5.026,24.525,25.103
2025-11-11T11:41:20.093+01:00,-0.009382,0.009538,-0.002563,-0.094534,-0.080526,0.000748,-13.212184,12.339263,21.003145,-32.456038,6.246733,-24.520631,13.215,10.954,12.342,10.321,21.01,21.72,32.455,42.586,6.246,5.026,24.525,25.103
2025-11-11T11:41:21.620+01:00,-0.018105,0.007631,-0.003451,-0.080828,-0.072221,0.000599,-13.212184,12.339263,21.003145,-32.456038,6.246733,-24.520631,13.215,10.954,12.342,10.322,21.01,21.721,32.455,42.59,6.246,5.027,24.525,25.105
2025-11-11T11:41:22.387+01:00,-0.014484,0.007504,-0.006761,-0.085662,-0.059177,0.000479,-13.212184,12.339263,21.003145,-32.456038,6.246733,-24.520631,13.215,10.954,12.342,10.322,21.01,21.721,32.455,42.59,6.246,5.027,24.525,25.105
2025-11-11T11:41:23.839+01:00,-0.012987,0.007404,-0.008008,-0.088130,-0.053942,-0.001017,-13.212184,12.339263,21.003145,-32.456038,6.246733,-24.520631,13.214,10.955,12.343,10.324,21.01,21.723,32.455,42.594,6.246,5.027,24.525,25.108
2025-11-11T11:41:24.598+01:00,-0.012990,0.013723,-0.002407,-0.066504,-0.049753,0.000586,-13.212184,12.339263,21.003145,-32.456038,6.246733,-24.520631,13.214,10.955,12.343,10.324,21.01,21.723,32.455,42.594,6.246,5.027,24.525,25.108
2025-11-11T11:41:26.088+01:00,-0.010392,0.013578,-0.001925,-0.087403,-0.060803,-0.002131,-13.212184,12.339263,21.003145,-32.456038,6.246733,-24.520631,13.216,10.955,12.343,10.326,21.01,21.723,32.455,42.598,6.246,5.027,24.525,25.109
2025-11-11T11:41:26.807+01:00,-0.014914,0.010863,0.001060,-0.097522,-0.072242,-0.005705,-13.212184,12.339263,21.003145,-32.456038,6.246733,-24.520631,13.216,10.955,12.343,10.326,21.01,21.723,32.455,42.598,6.246,5.027,24.525,25.109
2025-11-11T11:41:28.315+01:00,-0.014531,0.012690,0.004848,-0.087218,-0.077394,-0.004564,-13.212184,12.339263,21.003145,-32.456038,6.246733,-24.520631,13.214,10.955,12.342,10.328,21.01,21.725,32.456,42.602,6.246,5.028,24.525,25.11
2025-11-11T11:41:29.061+01:00,-0.013025,0.011552,0.006478,-0.080374,-0.059315,-0.008851,-13.212184,12.339263,21.003145,-32.456038,6.246733,-24.520631,13.214,10.955,12.342,10.328,21.01,21.725,32.456,42.602,6.246,5.028,24.525,25.11
2025-11-11T11:41:30.551+01:00,-0.013020,0.009242,0.010383,-0.069499,-0.048852,-0.008481,-13.212184,12.339263,21.003145,-32.456038,6.246733,-24.520631,13.215,10.956,12.342,10.327,21.01,21.726,32.455,42.607,6.246,5.028,24.525,25.113
2025-11-11T11:41:31.313+01:00,-0.010416,0.008793,0.012306,-0.051600,-0.039082,-0.005385,-13.212184,12.339263,21.003145,-32.456038,6.246733,-24.520631,13.215,10.956,12.342,10.327,21.01,21.726,32.455,42.607,6.246,5.028,24.525,25.113
2025-11-11T11:41:32.802+01:00,-0.006933,0.003035,0.008445,-0.054480,-0.027265,-0.006908,-13.212184,12.339263,21.003145,-32.456038,6.246733,-24.520631,13.214,10.956,12.342,10.329,21.01,21.727,32.455,42.611,6.246,5.028,24.525,25.115
2025-11-11T11:41:33.521+01:00,-0.006946,0.007628,0.009356,-0.036984,-0.021812,-0.004126,-13.212184,12.339263,21.003145,-32.456038,6.246733,-24.520631,13.214,10.956,12.342,10.329,21.01,21.727,32.455,42.611,6.246,5.028,24.525,25.115
2025-11-11T11:41:35.012+01:00,-0.000357,0.007502,0.006085,-0.041387,-0.022650,-0.001901,-13.212184,12.339263,21.003145,-32.456038,6.246733,-24.520631,13.214,10.956,12.342,10.329,21.01,21.728,32.455,42.614,6.246,5.028,24.525,25.116
2025-11-11T11:41:35.832+01:00,-0.005486,0.007402,0.008868,-0.056710,-0.037720,-0.006721,-13.212184,12.339263,21.003145,-32.456038,6.246733,-24.520631,13.214,10.956,12.342,10.329,21.01,21.728,32.455,42.614,6.246,5.028,24.525,25.116
2025-11-11T11:41:37.405+01:00,-0.006988,0.008521,0.004494,-0.071568,-0.057776,-0.003977,-13.212184,12.339263,21.003145,-32.456038,6.246733,-24.520631,13.214,10.957,12.342,10.329,21.01,21.729,32.456,42.619,6.246,5.027,24.525,25.119
2025-11-11T11:41:38.129+01:00,-0.009591,0.004217,0.004995,-0.092654,-0.060621,-0.004581,-13.212184,12.339263,21.003145,-32.456038,6.246733,-24.520631,13.214,10.957,12.342,10.329,21.01,21.729,32.456,42.619,6.246,5.027,24.525,25.119
2025-11-11T11:41:39.697+01:00,-0.015473,0.007374,0.002596,-0.081923,-0.065497,-0.005065,-13.212184,12.339263,21.003145,-32.456038,6.246733,-24.520631,13.215,10.957,12.342,10.328,21.01,21.73,32.455,42.622,6.246,5.027,24.525,25.12
2025-11-11T11:41:40.422+01:00,-0.016378,0.000699,0.002077,-0.069539,-0.039197,-0.009252,-13.212184,12.339263,21.003145,-32.456038,6.246733,-24.520631,13.215,10.957,12.342,10.328,21.01,21.73,32.455,42.622,6.246,5.027,24.525,25.12
2025-11-11T11:41:41.944+01:00,-0.022302,0.000559,0.004262,-0.039831,-0.022158,-0.008802,-13.212184,12.339263,21.003145,-32.456038,6.246733,-24.520631,13.214,10.958,12.342,10.33,21.01,21.731,32.455,42.626,6.246,5.028,24.525,25.122
2025-11-11T11:41:42.710+01:00,-0.021842,-0.000953,-0.003191,-0.006865,0.020274,-0.011041,-13.212184,12.339263,21.003145,-32.456038,6.246733,-24.520631,13.214,10.958,12.342,10.33,21.01,21.731,32.455,42.626,6.246,5.028,24.525,25.122
2025-11-11T11:41:44.282+01:00,-0.033274,-0.004762,-0.006553,0.048308,0.075219,-0.015433,-13.212184,12.339263,21.003145,-32.456038,6.246733,-24.520631,13.214,10.958,12.342,10.33,21.01,21.733,32.455,42.63,6.246,5.029,24.525,25.124
2025-11-11T11:41:45.009+01:00,-0.025219,-0.003810,-0.010442,0.055647,0.095575,-0.009746,-13.212184,12.339263,21.003145,-32.456038,6.246733,-24.520631,13.214,10.958,12.342,10.33,21.01,21.733,32.455,42.63,6.246,5.029,24.525,25.124
2025-11-11T11:41:46.575+01:00,-0.024175,-0.001648,-0.009754,0.048517,0.090860,-0.009197,-13.212184,12.339263,21.003145,-32.456038,6.246733,-24.520631,13.214,10.958,12.342,10.33,21.01,21.734,32.455,42.633,6.246,5.029,24.525,25.126
2025-11-11T11:41:47.302+01:00,-0.020740,0.003882,-0.009203,0.033614,0.074088,-0.004758,-13.212184,12.339263,21.003145,-32.456038,6.246733,-24.520631,13.214,10.958,12.342,10.33,21.01,21.734,32.455,42.633,6.246,5.029,24.525,25.126
2025-11-11T11:41:48.853+01:00,-0.016592,0.007105,-0.009962,0.013691,0.055271,-0.006406,-13.212184,12.339263,21.003145,-32.456038,6.246733,-24.520631,13.214,10.959,12.342,10.328,21.01,21.735,32.455,42.637,6.246,5.029,24.525,25.128
2025-11-11T11:41:49.594+01:00,-0.021074,0.014884,-0.005370,-0.016647,0.004816,-0.003725,-13.212184,12.339263,21.003145,-32.456038,6.246733,-24.520631,13.214,10.959,12.342,10.328,21.01,21.735,32.455,42.637,6.246,5.029,24.525,25.128
2025-11-11T11:41:51.162+01:00,-0.019459,0.011907,-0.006896,-0.043518,-0.014547,-0.005580,-13.212184,12.339263,21.003145,-32.456038,6.246733,-24.520631,13.214,10.96,12.342,10.331,21.01,21.736,32.456,42.641,6.246,5.029,24.525,25.13
2025-11-11T11:41:51.887+01:00,-0.015567,0.014726,-0.012117,-0.065014,-0.034037,-0.001864,-13.212184,12.339263,21.003145,-32.456038,6.246733,-24.520631,13.214,10.96,12.342,10.331,21.01,21.736,32.456,42.641,6.246,5.029,24.525,25.13
2025-11-11T11:41:53.437+01:00,-0.015054,0.015781,-0.013693,-0.078211,-0.045630,-0.002891,-13.212184,12.339263,21.003145,-32.456038,6.246733,-24.520631,13.214,10.96,12.342,10.332,21.01,21.737,32.455,42.644,6.246,5.029,24.525,25.131
2025-11-11T11:41:54.180+01:00,-0.014643,0.019225,-0.010955,-0.096769,-0.066704,0.001687,-13.212184,12.339263,21.003145,-32.456038,6.246733,-24.520631,13.214,10.96,12.342,10.332,21.01,21.737,32.455,42.644,6.246,5.029,24.525,25.131
2025-11-11T11:41:55.731+01:00,-0.013114,0.015380,-0.011364,-0.135215,-0.097963,-0.001250,-13.212184,12.339263,21.003145,-32.456038,6.246733,-24.520631,13.215,10.96,12.342,10.333,21.01,21.738,32.455,42.649,6.246,5.029,24.525,25.133
2025-11-11T11:41:56.473+01:00,-0.019691,0.018904,-0.011691,-0.109572,-0.092771,0.000400,-13.212184,12.339263,21.003145,-32.456038,6.246733,-24.520631,13.215,10.96,12.342,10.333,21.01,21.738,32.455,42.649,6.246,5.029,24.525,25.133
2025-11-11T11:41:58.023+01:00,-0.023553,0.019123,-0.015953,-0.089058,-0.074216,-0.001080,-13.212184,12.339263,21.003145,-32.456038,6.246733,-24.520631,13.215,10.96,12.342,10.334,21.01,21.739,32.455,42.652,6.246,5.029,24.525,25.135
2025-11-11T11:41:58.765+01:00,-0.024043,0.023098,-0.010162,-0.058046,-0.052773,0.001736,-13.212184,12.339263,21.003145,-32.456038,6.246733,-24.520631,13.215,10.96,12.342,10.334,21.01,21.739,32.455,42.652,6.246,5.029,24.525,25.135
2025-11-11T11:42:00.317+01:00,-0.023234,0.023679,-0.005530,-0.043837,-0.042219,0.003989,-13.212184,12.339263,21.003145,-32.456038,6.246733,-24.520631,13.215,10.961,12.342,10.334,21.01,21.74,32.455,42.656,6.246,5.028,24.525,25.137
2025-11-11T11:42:01.058+01:00,-0.025187,0.021543,-0.004424,-0.056070,-0.052175,0.000591,-13.212184,12.339263,21.003145,-32.456038,6.246733,-24.520631,13.215,10.961,12.342,10.334,21.01,21.74,32.455,42.656,6.246,5.028,24.525,25.137
2025-11-11T11:42:02.652+01:00,-0.026750,0.021234,-0.002139,-0.048856,-0.052340,0.000473,-13.212184,12.339263,21.003145,-32.456038,6.246733,-24.520631,13.214,10.961,12.342,10.335,21.01,21.741,32.455,42.659,6.246,5.029,24.525,25.139
2025-11-11T11:42:03.412+01:00,-0.029200,0.022188,0.000889,-0.043085,-0.049672,0.000378,-13.212184,12.339263,21.003145,-32.456038,6.246733,-24.520631,13.214,10.961,12.342,10.335,21.01,21.741,32.455,42.659,6.246,5.029,24.525,25.139
2025-11-11T11:42:05.721+01:00,-0.031160,0.022950,0.003311,-0.035868,-0.050338,0.004303,-13.212184,12.339263,21.003145,-32.456038,6.246733,-24.520631,13.214,10.961,12.342,10.335,21.01,21.743,32.455,42.664,6.245,5.029,24.525,25.141
2025-11-11T11:42:06.480+01:00,-0.032728,0.024960,0.002649,-0.026094,-0.045470,0.007442,-13.212184,12.339263,21.003145,-32.456038,6.246733,-24.520631,13.214,10.961,12.342,10.335,21.01,21.743,32.455,42.664,6.245,5.029,24.525,25.141
2025-11-11T11:42:08.014+01:00,-0.030182,0.022568,-0.004481,-0.037875,-0.034976,0.007354,-13.212184,12.339263,21.003145,-32.456038,6.246733,-24.520631,13.215,10.962,12.342,10.335,21.01,21.744,32.455,42.668,6.246,5.029,24.525,25.143
2025-11-11T11:42:08.773+01:00,-0.030746,0.027254,-0.002185,-0.023700,-0.030581,0.008483,-13.212184,12.339263,21.003145,-32.456038,6.246733,-24.520631,13.215,10.962,12.342,10.335,21.01,21.744,32.455,42.668,6.246,5.029,24.525,25.143
2025-11-11T11:42:10.262+01:00,-0.028597,0.028404,-0.005748,-0.029560,-0.027065,0.010786,-13.212184,12.339263,21.003145,-32.456038,6.246733,-24.520631,13.214,10.963,12.342,10.334,21.01,21.745,32.455,42.672,6.246,5.029,24.525,25.144
2025-11-11T11:42:11.027+01:00,-0.026877,0.020123,-0.005998,-0.053848,-0.040052,0.006029,-13.212184,12.339263,21.003145,-32.456038,6.246733,-24.520631,13.214,10.963,12.342,10.334,21.01,21.745,32.455,42.672,6.246,5.029,24.525,25.144
2025-11-11T11:42:12.566+01:00,-0.026702,0.026698,-0.006199,-0.043079,-0.036041,0.007423,-13.212184,12.339263,21.003145,-32.456038,6.246733,-24.520631,13.214,10.963,12.342,10.336,21.01,21.746,32.455,42.674,6.246,5.03,24.525,25.146
2025-11-11T11:42:13.320+01:00,-0.027962,0.026559,0.001641,-0.039663,-0.038033,0.007339,-13.212184,12.339263,21.003145,-32.456038,6.246733,-24.520631,13.214,10.963,12.342,10.336,21.01,21.746,32.455,42.674,6.246,5.03,24.525,25.146
2025-11-11T11:42:14.810+01:00,-0.031569,0.025247,0.001313,-0.051330,-0.055426,0.004471,-13.212184,12.339263,21.003145,-32.456038,6.246733,-24.520631,13.215,10.963,12.342,10.335,21.01,21.747,32.455,42.677,6.246,5.03,24.525,25.148
2025-11-11T11:42:15.572+01:00,-0.030455,0.017598,-0.000350,-0.075264,-0.069341,-0.001623,-13.212184,12.339263,21.003145,-32.456038,6.246733,-24.520631,13.215,10.963,12.342,10.335,21.01,21.747,32.455,42.677,6.246,5.03,24.525,25.148
2025-11-11T11:42:17.040+01:00,-0.032164,0.016678,0.004920,-0.089011,-0.075073,-0.005299,-13.212184,12.339263,21.003145,-32.456038,6.246733,-24.520631,13.215,10.963,12.342,10.337,21.01,21.748,32.455,42.68,6.246,5.03,24.525,25.149
2025-11-11T11:42:17.866+01:00,-0.025731,0.013342,-0.000064,-0.108009,-0.081058,-0.004239,-13.212184,12.339263,21.003145,-32.456038,6.246733,-24.520631,13.215,10.963,12.342,10.337,21.01,21.748,32.455,42.68,6.246,5.03,24.525,25.149
2025-11-11T11:42:19.332+01:00,-0.029785,0.010674,0.001349,-0.111407,-0.083247,-0.007391,-13.212184,12.339263,21.003145,-32.456038,6.246733,-24.520631,13.214,10.963,12.342,10.339,21.01,21.749,32.456,42.684,6.246,5.03,24.525,25.151
2025-11-11T11:42:20.075+01:00,-0.026428,0.013739,-0.006721,-0.098326,-0.074397,-0.004513,-13.212184,12.339263,21.003145,-32.456038,6.246733,-24.520631,13.214,10.963,12.342,10.339,21.01,21.749,32.456,42.684,6.246,5.03,24.525,25.151
2025-11-11T11:42:21.579+01:00,-0.028942,0.010991,-0.013177,-0.069461,-0.038518,-0.005010,-13.212184,12.339263,21.003145,-32.456038,6.246733,-24.520631,13.214,10.964,12.342,10.338,21.01,21.751,32.456,42.686,6.246,5.03,24.525,25.152
2025-11-11T11:42:22.330+01:00,-0.028354,0.017993,-0.010541,-0.058169,-0.038614,-0.001408,-13.212184,12.339263,21.003145,-32.456038,6.246733,-24.520631,13.214,10.964,12.342,10.338,21.01,21.751,32.456,42.686,6.246,5.03,24.525,25.152
2025-11-11T11:42:23.819+01:00,-0.025283,0.016994,-0.013633,-0.060935,-0.033491,-0.003727,-13.212184,12.339263,21.003145,-32.456038,6.246733,-24.520631,13.214,10.965,12.342,10.338,21.01,21.751,32.455,42.69,6.246,5.03,24.525,25.154
2025-11-11T11:42:24.584+01:00,-0.026827,0.016196,-0.009506,-0.074948,-0.042593,-0.001581,-13.212184,12.339263,21.003145,-32.456038,6.246733,-24.520631,13.214,10.965,12.342,10.338,21.01,21.751,32.455,42.69,6.246,5.03,24.525,25.154
2025-11-11T11:42:26.049+01:00,-0.030661,0.019556,-0.009005,-0.076958,-0.056475,0.002735,-13.212184,12.339263,21.003145,-32.456038,6.246733,-24.520631,13.215,10.965,12.342,10.337,21.01,21.753,32.455,42.694,6.246,5.03,24.525,25.156
2025-11-11T11:42:26.792+01:00,-0.035129,0.019645,-0.011204,-0.085167,-0.058380,0.003588,-13.212184,12.339263,21.003145,-32.456038,6.246733,-24.520631,13.215,10.965,12.342,10.337,21.01,21.753,32.455,42.694,6.246,5.03,24.525,25.156
2025-11-11T11:42:28.241+01:00,-0.038703,0.022316,-0.007563,-0.086533,-0.063704,0.006870,-13.212184,12.339263,21.003145,-32.456038,6.246733,-24.520631,13.215,10.965,12.342,10.339,21.01,21.753,32.456,42.697,6.246,5.03,24.525,25.157
2025-11-11T11:42:29.004+01:00,-0.040163,0.028453,-0.013851,-0.052227,-0.037763,0.013296,-13.212184,12.339263,21.003145,-32.456038,6.246733,-24.520631,13.215,10.965,12.342,10.339,21.01,21.753,32.456,42.697,6.246,5.03,24.525,25.157
2025-11-11T11:42:30.508+01:00,-0.038730,0.025362,-0.011081,-0.039181,-0.007810,0.018437,-13.212184,12.339263,21.003145,-32.456038,6.246733,-24.520631,13.214,10.965,12.342,10.339,21.01,21.754,32.455,42.701,6.246,5.03,24.525,25.159
2025-11-11T11:42:31.226+01:00,-0.033584,0.030890,-0.003664,-0.026145,0.001552,0.022550,-13.212184,12.339263,21.003145,-32.456038,6.246733,-24.520631,13.214,10.965,12.342,10.339,21.01,21.754,32.455,42.701,6.246,5.03,24.525,25.159
2025-11-11T11:42:32.755+01:00,-0.026867,0.024712,-0.000332,-0.030116,0.014441,0.022040,-13.212184,12.339263,21.003145,-32.456038,6.246733,-24.520631,13.215,10.966,12.342,10.339,21.01,21.755,32.455,42.704,6.246,5.03,24.525,25.161
2025-11-11T11:42:33.521+01:00,-0.026694,0.026370,0.008935,-0.020093,0.007553,0.022832,-13.212184,12.339263,21.003145,-32.456038,6.246733,-24.520631,13.215,10.966,12.342,10.339,21.01,21.755,32.455,42.704,6.246,5.03,24.525,25.161
2025-11-11T11:42:34.974+01:00,-0.022755,0.031696,0.012348,-0.014674,0.002042,0.024865,-13.212184,12.339263,21.003145,-32.456038,6.246733,-24.520631,13.215,10.966,12.342,10.341,21.01,21.756,32.455,42.707,6.246,5.031,24.525,25.163
2025-11-11T11:42:35.734+01:00,-0.019604,0.025356,0.013878,-0.020939,-0.000966,0.018492,-13.212184,12.339263,21.003145,-32.456038,6.246733,-24.520631,13.215,10.966,12.342,10.341,21.01,21.756,32.455,42.707,6.246,5.031,24.525,25.163
2025-11-11T11:42:37.224+01:00,-0.014283,0.026885,0.015103,-0.035152,-0.019173,0.018794,-13.212184,12.339263,21.003145,-32.456038,6.246733,-24.520631,13.215,10.966,12.342,10.339,21.01,21.757,32.456,42.71,6.246,5.031,24.525,25.164
2025-11-11T11:42:37.942+01:00,-0.010027,0.018908,0.014682,-0.070121,-0.037738,0.011035,-13.212184,12.339263,21.003145,-32.456038,6.246733,-24.520631,13.215,10.966,12.342,10.339,21.01,21.757,32.456,42.71,6.246,5.031,24.525,25.164
2025-11-11T11:42:39.488+01:00,-0.015821,0.020327,0.016946,-0.071897,-0.055191,0.010228,-13.212184,12.339263,21.003145,-32.456038,6.246733,-24.520631,13.215,10.967,12.342,10.338,21.01,21.758,32.455,42.713,6.246,5.03,24.525,25.165
2025-11-11T11:42:40.236+01:00,-0.012657,0.017661,0.008357,-0.086318,-0.055952,0.006782,-13.212184,12.339263,21.003145,-32.456038,6.246733,-24.520631,13.215,10.967,12.342,10.338,21.01,21.758,32.455,42.713,6.246,5.03,24.525,25.165
2025-11-11T11:42:41.780+01:00,-0.011526,0.016729,0.005285,-0.092654,-0.052562,0.002826,-13.212184,12.339263,21.003145,-32.456038,6.246733,-24.520631,13.214,10.968,12.342,10.338,21.01,21.759,32.455,42.715,6.246,5.031,24.525,25.167
2025-11-11T11:42:42.530+01:00,-0.007820,0.014783,0.001628,-0.096523,-0.056450,0.002261,-13.212184,12.339263,21.003145,-32.456038,6.246733,-24.520631,13.214,10.968,12.342,10.338,21.01,21.759,32.455,42.715,6.246,5.031,24.525,25.167
2025-11-11T11:42:44.036+01:00,-0.006256,0.011827,0.002703,-0.112619,-0.062160,-0.002191,-13.212184,12.339263,21.003145,-32.456038,6.246733,-24.520631,13.214,10.968,12.342,10.336,21.01,21.76,32.455,42.718,6.246,5.031,24.525,25.169
2025-11-11T11:42:44.798+01:00,-0.006405,0.017261,0.006162,-0.103295,-0.070728,-0.001753,-13.212184,12.339263,21.003145,-32.456038,6.246733,-24.520631,13.214,10.968,12.342,10.336,21.01,21.76,32.455,42.718,6.246,5.031,24.525,25.169
2025-11-11T11:42:46.330+01:00,-0.005124,0.015209,0.008930,-0.102236,-0.076182,-0.000002,-13.212184,12.339263,21.003145,-32.456038,6.246733,-24.520631,13.215,10.968,12.342,10.338,21.01,21.761,32.455,42.72,6.246,5.031,24.525,25.17
2025-11-11T11:42:47.090+01:00,-0.010699,0.019967,0.012344,-0.102789,-0.091146,-0.000002,-13.212184,12.339263,21.003145,-32.456038,6.246733,-24.520631,13.215,10.968,12.342,10.338,21.01,21.761,32.455,42.72,6.246,5.031,24.525,25.17
2025-11-11T11:42:48.622+01:00,-0.005959,0.017374,0.011275,-0.109831,-0.092517,-0.000002,-13.212184,12.339263,21.003145,-32.456038,6.246733,-24.520631,13.215,10.968,12.342,10.337,21.01,21.761,32.455,42.723,6.246,5.031,24.525,25.172
2025-11-11T11:42:49.383+01:00,-0.012568,0.020499,0.013020,-0.119265,-0.109413,-0.000001,-13.212184,12.339263,21.003145,-32.456038,6.246733,-24.520631,13.215,10.968,12.342,10.337,21.01,21.761,32.455,42.723,6.246,5.031,24.525,25.172
2025-11-11T11:42:50.979+01:00,-0.011454,0.018999,0.010416,-0.095412,-0.112531,-0.001401,-13.212184,12.339263,21.003145,-32.456038,6.246733,-24.520631,13.214,10.969,12.342,10.339,21.01,21.763,32.456,42.725,6.246,5.031,24.525,25.173
2025-11-11T11:42:51.706+01:00,-0.015763,0.019199,0.012333,-0.098729,-0.111024,-0.002521,-13.212184,12.339263,21.003145,-32.456038,6.246733,-24.520631,13.214,10.969,12.342,10.339,21.01,21.763,32.456,42.725,6.246,5.031,24.525,25.173
2025-11-11T11:42:53.272+01:00,-0.016611,0.016759,0.017666,-0.101384,-0.111220,-0.000617,-13.212184,12.339263,21.003145,-32.456038,6.246733,-24.520631,13.214,10.969,12.342,10.338,21.01,21.763,32.455,42.728,6.246,5.031,24.525,25.175
2025-11-11T11:42:54.015+01:00,-0.013288,0.016008,0.014133,-0.128307,-0.124376,-0.004493,-13.212184,12.339263,21.003145,-32.456038,6.246733,-24.520631,13.214,10.969,12.342,10.338,21.01,21.763,32.455,42.728,6.246,5.031,24.525,25.175
2025-11-11T11:42:56.356+01:00,-0.017231,0.014206,0.020506,-0.138045,-0.132301,-0.004995,-13.212184,12.339263,21.003145,-32.456038,6.246733,-24.520631,13.215,10.969,12.343,10.339,21.01,21.765,32.455,42.732,6.246,5.032,24.525,25.177
2025-11-11T11:42:57.112+01:00,-0.022985,0.016565,0.019005,-0.114436,-0.111040,-0.005396,-13.212184,12.339263,21.003145,-32.456038,6.246733,-24.520631,13.215,10.969,12.343,10.339,21.01,21.765,32.455,42.732,6.246,5.032,24.525,25.177
2025-11-11T11:42:58.612+01:00,-0.026188,0.021052,0.015204,-0.088949,-0.090232,-0.001717,-13.212184,12.339263,21.003145,-32.456038,6.246733,-24.520631,13.215,10.97,12.342,10.341,21.01,21.766,32.455,42.734,6.246,5.032,24.525,25.178
2025-11-11T11:43:00.194+01:00,-0.023550,0.014242,0.005563,-0.094759,-0.077386,-0.005373,-13.212184,12.339263,21.003145,-32.456038,6.246733,-24.520631,13.215,10.97,12.342,10.341,21.01,21.766,32.455,42.734,6.246,5.032,24.525,25.178
2025-11-11T11:43:01.789+01:00,-0.025440,0.015393,0.009651,-0.070607,-0.061909,-0.001699,-13.212184,12.339263,21.003145,-32.456038,6.246733,-24.520631,13.214,10.97,12.342,10.34,21.01,21.767,32.455,42.737,6.246,5.031,24.525,25.18
2025-11-11T11:43:02.529+01:00,-0.028152,0.016315,0.010320,-0.074886,-0.063927,-0.005359,-13.212184,12.339263,21.003145,-32.456038,6.246733,-24.520631,13.214,10.97,12.342,10.34,21.01,21.767,32.455,42.737,6.246,5.031,24.525,25.18
2025-11-11T11:43:04.081+01:00,-0.031722,0.018252,0.013456,-0.061309,-0.057742,-0.006887,-13.212184,12.339263,21.003145,-32.456038,6.246733,-24.520631,13.215,10.971,12.342,10.339,21.01,21.768,32.455,42.74,6.246,5.031,24.525,25.181
2025-11-11T11:43:04.823+01:00,-0.027977,0.014601,0.008165,-0.062247,-0.044793,-0.009510,-13.212184,12.339263,21.003145,-32.456038,6.246733,-24.520631,13.215,10.971,12.342,10.339,21.01,21.768,32.455,42.74,6.246,5.031,24.525,25.181
2025-11-11T11:43:06.375+01:00,-0.022382,0.009081,0.002532,-0.066798,-0.030635,-0.010208,-13.212184,12.339263,21.003145,-32.456038,6.246733,-24.520631,13.215,10.971,12.342,10.339,21.01,21.769,32.455,42.742,6.246,5.032,24.524,25.183
2025-11-11T11:43:07.116+01:00,-0.024505,0.011265,0.004626,-0.052038,-0.033708,-0.008166,-13.212184,12.339263,21.003145,-32.456038,6.246733,-24.520631,13.215,10.971,12.342,10.339,21.01,21.769,32.455,42.742,6.246,5.032,24.524,25.183
2025-11-11T11:43:08.669+01:00,-0.018204,0.005012,-0.000299,-0.061230,-0.026966,-0.010533,-13.212184,12.339263,21.003145,-32.456038,6.246733,-24.520631,13.215,10.971,12.342,10.338,21.01,21.77,32.455,42.745,6.246,5.032,24.525,25.184
2025-11-11T11:43:09.409+01:00,-0.022364,0.008010,0.006360,-0.038384,-0.016373,-0.008426,-13.212184,12.339263,21.003145,-32.456038,6.246733,-24.520631,13.215,10.971,12.342,10.338,21.01,21.77,32.455,42.745,6.246,5.032,24.525,25.184
2025-11-11T11:43:11.015+01:00,-0.023091,0.014208,0.005088,-0.032107,-0.014498,-0.005341,-13.212184,12.339263,21.003145,-32.456038,6.246733,-24.520631,13.215,10.972,12.342,10.338,21.01,21.771,32.455,42.748,6.246,5.032,24.525,25.185
2025-11-11T11:43:11.773+01:00,-0.025073,0.012766,0.004071,-0.053286,-0.033999,-0.006873,-13.212184,12.339263,21.003145,-32.456038,6.246733,-24.520631,13.215,10.972,12.342,10.338,21.01,21.771,32.455,42.748,6.246,5.032,24.525,25.185
2025-11-11T11:43:13.279+01:00,-0.027858,0.010213,0.005857,-0.068829,-0.044199,-0.008098,-13.212184,12.339263,21.003145,-32.456038,6.246733,-24.520631,13.215,10.972,12.342,10.339,21.01,21.772,32.455,42.751,6.247,5.032,24.525,25.187
2025-11-11T11:43:14.010+01:00,-0.023686,0.009570,0.003285,-0.072063,-0.054959,-0.009079,-13.212184,12.339263,21.003145,-32.456038,6.246733,-24.520631,13.215,10.972,12.342,10.339,21.01,21.772,32.455,42.751,6.247,5.032,24.525,25.187
2025-11-11T11:43:15.538+01:00,-0.021549,0.007656,0.005228,-0.073450,-0.046567,-0.011263,-13.212184,12.339263,21.003145,-32.456038,6.246733,-24.520631,13.215,10.972,12.342,10.338,21.01,21.773,32.455,42.754,6.246,5.032,24.525,25.188
2025-11-11T11:43:16.295+01:00,-0.022439,0.013925,0.004183,-0.077160,-0.056854,-0.009010,-13.212184,12.339263,21.003145,-32.456038,6.246733,-24.520631,13.215,10.972,12.342,10.338,21.01,21.773,32.455,42.754,6.246,5.032,24.525,25.188
2025-11-11T11:43:17.832+01:00,-0.021951,0.013740,0.004746,-0.087928,-0.066483,-0.009808,-13.212184,12.339263,21.003145,-32.456038,6.246733,-24.520631,13.215,10.973,12.343,10.339,21.01,21.773,32.456,42.757,6.246,5.032,24.525,25.189
2025-11-11T11:43:18.594+01:00,-0.025361,0.016192,0.005197,-0.067743,-0.059786,-0.007847,-13.212184,12.339263,21.003145,-32.456038,6.246733,-24.520631,13.215,10.973,12.343,10.339,21.01,21.773,32.456,42.757,6.246,5.032,24.525,25.189
2025-11-11T11:43:20.124+01:00,-0.024289,0.016954,0.001557,-0.058194,-0.054429,-0.007677,-13.212184,12.339263,21.003145,-32.456038,6.246733,-24.520631,13.215,10.973,12.342,10.339,21.01,21.774,32.455,42.76,6.246,5.032,24.525,25.19
2025-11-11T11:43:20.889+01:00,-0.028631,0.017563,-0.001354,-0.028155,-0.015943,-0.007542,-13.212184,12.339263,21.003145,-32.456038,6.246733,-24.520631,13.215,10.973,12.342,10.339,21.01,21.774,32.455,42.76,6.246,5.032,24.525,25.19
2025-11-11T11:43:22.415+01:00,-0.032105,0.019250,0.000317,0.018076,0.021445,-0.004633,-13.212184,12.339263,21.003145,-32.456038,6.246733,-24.520631,13.214,10.973,12.342,10.339,21.01,21.775,32.455,42.764,6.246,5.032,24.525,25.191
2025-11-11T11:43:23.181+01:00,-0.030884,0.015400,-0.002347,0.055061,0.074956,-0.006307,-13.212184,12.339263,21.003145,-32.456038,6.246733,-24.520631,13.214,10.973,12.342,10.339,21.01,21.775,32.455,42.764,6.246,5.032,24.525,25.191
2025-11-11T11:43:24.710+01:00,-0.032507,0.010920,0.000723,0.103048,0.125565,-0.006445,-13.212184,12.339263,21.003145,-32.456038,6.246733,-24.520631,13.214,10.973,12.343,10.339,21.01,21.776,32.455,42.766,6.246,5.032,24.525,25.193
2025-11-11T11:43:25.474+01:00,-0.027406,0.012736,0.000578,0.146839,0.174052,-0.002556,-13.212184,12.339263,21.003145,-32.456038,6.246733,-24.520631,13.214,10.973,12.343,10.339,21.01,21.776,32.455,42.766,6.246,5.032,24.525,25.193
2025-11-11T11:43:27.018+01:00,-0.028525,0.012789,0.005663,0.152871,0.179842,-0.000645,-13.212184,12.339263,21.003145,-32.456038,6.246733,-24.520631,13.215,10.974,12.342,10.339,21.01,21.777,32.455,42.768,6.246,5.033,24.525,25.194
2025-11-11T11:43:27.765+01:00,-0.026820,0.014231,-0.000670,0.147297,0.181873,-0.003116,-13.212184,12.339263,21.003145,-32.456038,6.246733,-24.520631,13.215,10.974,12.342,10.339,21.01,21.777,32.455,42.768,6.246,5.033,24.525,25.194
2025-11-11T11:43:29.311+01:00,-0.029256,0.013985,-0.003136,0.154637,0.195299,-0.005093,-13.212184,12.339263,21.003145,-32.456038,6.246733,-24.520631,13.214,10.974,12.342,10.338,21.01,21.777,32.456,42.77,6.246,5.033,24.525,25.196
2025-11-11T11:43:30.059+01:00,-0.030005,0.011188,-0.009109,0.194510,0.233639,-0.002674,-13.212184,12.339263,21.003145,-32.456038,6.246733,-24.520631,13.214,10.974,12.342,10.338,21.01,21.777,32.456,42.77,6.246,5.033,24.525,25.196
2025-11-11T11:43:31.584+01:00,-0.028004,0.006350,-0.011287,0.233008,0.274911,-0.004739,-13.212184,12.339263,21.003145,-32.456038,6.246733,-24.520631,13.214,10.974,12.342,10.339,21.01,21.778,32.455,42.773,6.246,5.032,24.525,25.197
2025-11-11T11:43:32.343+01:00,-0.027603,0.007680,-0.010430,0.274406,0.307929,-0.001192,-13.212184,12.339263,21.003145,-32.456038,6.246733,-24.520631,13.214,10.974,12.342,10.339,21.01,21.778,32.455,42.773,6.246,5.032,24.525,25.197
2025-11-11T11:43:33.851+01:00,-0.027282,0.004744,-0.008344,0.279925,0.330343,-0.000953,-13.212184,12.339263,21.003145,-32.456038,6.246733,-24.520631,13.215,10.974,12.342,10.34,21.01,21.779,32.455,42.775,6.246,5.033,24.525,25.198
2025-11-11T11:43:34.636+01:00,-0.028426,0.007795,-0.004075,0.322340,0.357474,0.001837,-13.212184,12.339263,21.003145,-32.456038,6.246733,-24.520631,13.215,10.974,12.342,10.34,21.01,21.779,32.455,42.775,6.246,5.033,24.525,25.198
2025-11-11T11:43:36.169+01:00,-0.029341,0.014036,-0.003260,0.337872,0.368580,0.002870,-13.212184,12.339263,21.003145,-32.456038,6.246733,-24.520631,13.215,10.975,12.342,10.34,21.01,21.78,32.455,42.778,6.246,5.033,24.525,25.199
2025-11-11T11:43:36.928+01:00,-0.031273,0.012629,-0.000008,0.356898,0.393264,0.002296,-13.212184,12.339263,21.003145,-32.456038,6.246733,-24.520631,13.215,10.975,12.342,10.34,21.01,21.78,32.455,42.778,6.246,5.033,24.525,25.199
2025-11-11T11:43:38.459+01:00,-0.029018,0.016703,-0.006606,0.370918,0.407811,0.004437,-13.212184,12.339263,21.003145,-32.456038,6.246733,-24.520631,13.215,10.975,12.342,10.339,21.01,21.781,32.455,42.781,6.246,5.033,24.525,25.201
2025-11-11T11:43:39.221+01:00,-0.031014,0.017363,-0.001285,0.401734,0.436449,0.004949,-13.212184,12.339263,21.003145,-32.456038,6.246733,-24.520631,13.215,10.975,12.342,10.339,21.01,21.781,32.455,42.781,6.246,5.033,24.525,25.201
2025-11-11T11:43:40.752+01:00,-0.030012,0.020490,-0.001028,0.375188,0.404359,0.009160,-13.212184,12.339263,21.003145,-32.456038,6.246733,-24.520631,13.215,10.975,12.342,10.341,21.01,21.782,32.455,42.783,6.247,5.033,24.525,25.202
2025-11-11T11:43:41.514+01:00,-0.034609,0.017792,-0.002222,0.342150,0.374687,0.007328,-13.212184,12.339263,21.003145,-32.456038,6.246733,-24.520631,13.215,10.975,12.342,10.341,21.01,21.782,32.455,42.783,6.247,5.033,24.525,25.202
2025-11-11T11:43:43.002+01:00,-0.038287,0.023434,-0.004378,0.339320,0.357550,0.007262,-13.212184,12.339263,21.003145,-32.456038,6.246733,-24.520631,13.215,10.976,12.342,10.339,21.01,21.783,32.455,42.785,6.246,5.033,24.525,25.204
2025-11-11T11:43:43.731+01:00,-0.037230,0.016147,-0.012702,0.317456,0.354240,0.003210,-13.212184,12.339263,21.003145,-32.456038,6.246733,-24.520631,13.215,10.976,12.342,10.339,21.01,21.783,32.455,42.785,6.246,5.033,24.525,25.204
2025-11-11T11:43:45.230+01:00,-0.041584,0.019518,-0.011562,0.314365,0.342392,0.005168,-13.212184,12.339263,21.003145,-32.456038,6.246733,-24.520631,13.215,10.976,12.342,10.339,21.01,21.783,32.455,42.787,6.246,5.033,24.525,25.204
2025-11-11T11:43:45.976+01:00,-0.037267,0.017014,-0.015850,0.294892,0.335513,0.004134,-13.212184,12.339263,21.003145,-32.456038,6.246733,-24.520631,13.215,10.976,12.342,10.339,21.01,21.783,32.455,42.787,6.246,5.033,24.525,25.204
2025-11-11T11:43:47.506+01:00,-0.036414,0.016211,-0.016680,0.283113,0.332811,0.001907,-13.212184,12.339263,21.003145,-32.456038,6.246733,-24.520631,13.215,10.976,12.342,10.34,21.01,21.785,32.455,42.79,6.246,5.034,24.525,25.206
2025-11-11T11:43:48.267+01:00,-0.033131,0.015569,-0.018544,0.219891,0.266249,0.000126,-13.212184,12.339263,21.003145,-32.456038,6.246733,-24.520631,13.215,10.976,12.342,10.34,21.01,21.785,32.455,42.79,6.246,5.034,24.525,25.206
2025-11-11T11:43:49.799+01:00,-0.029105,0.015055,-0.012235,0.157513,0.211599,-0.002499,-13.212184,12.339263,21.003145,-32.456038,6.246733,-24.520631,13.214,10.976,12.342,10.341,21.01,21.785,32.455,42.792,6.246,5.033,24.525,25.207
2025-11-11T11:43:50.561+01:00,-0.031084,0.016044,-0.007188,0.152210,0.191679,-0.001999,-13.212184,12.339263,21.003145,-32.456038,6.246733,-24.520631,13.214,10.976,12.342,10.341,21.01,21.785,32.455,42.792,6.246,5.033,24.525,25.207
2025-11-11T11:43:52.092+01:00,-0.027467,0.014235,-0.007150,0.154568,0.188743,-0.001600,-13.212184,12.339263,21.003145,-32.456038,6.246733,-24.520631,13.215,10.977,12.342,10.339,21.01,21.787,32.455,42.795,6.246,5.034,24.525,25.209
2025-11-11T11:43:52.854+01:00,-0.027174,0.016588,0.000880,0.105254,0.125995,-0.001280,-13.212184,12.339263,21.003145,-32.456038,6.246733,-24.520631,13.215,10.977,12.342,10.339,21.01,21.787,32.455,42.795,6.246,5.034,24.525,25.209
2025-11-11T11:43:54.386+01:00,-0.025739,0.015871,-0.001896,0.076404,0.096796,-0.003624,-13.212184,12.339263,21.003145,-32.456038,6.246733,-24.520631,13.214,10.977,12.342,10.338,21.01,21.787,32.455,42.798,6.246,5.033,24.525,25.21
2025-11-11T11:43:55.146+01:00,-0.023191,0.015296,0.003683,0.037523,0.068237,-0.005499,-13.212184,12.339263,21.003145,-32.456038,6.246733,-24.520631,13.214,10.977,12.342,10.338,21.01,21.787,32.455,42.798,6.246,5.033,24.525,25.21
2025-11-11T11:43:56.677+01:00,-0.017153,0.013637,0.006946,-0.001382,0.041389,-0.008399,-13.212184,12.339263,21.003145,-32.456038,6.246733,-24.520631,13.216,10.977,12.342,10.339,21.01,21.789,32.455,42.8,6.246,5.034,24.525,25.211
2025-11-11T11:43:57.441+01:00,-0.020322,0.016110,0.005557,0.054095,0.082911,-0.005319,-13.212184,12.339263,21.003145,-32.456038,6.246733,-24.520631,13.216,10.977,12.342,10.339,21.01,21.789,32.455,42.8,6.246,5.034,24.525,25.211
2025-11-11T11:43:58.971+01:00,-0.021458,0.014288,0.001846,0.101076,0.133329,-0.005655,-13.212184,12.339263,21.003145,-32.456038,6.246733,-24.520631,13.215,10.978,12.342,10.34,21.01,21.789,32.455,42.802,6.246,5.034,24.525,25.212
2025-11-11T11:43:59.733+01:00,-0.021166,0.018030,0.006677,0.109661,0.139463,-0.004524,-13.212184,12.339263,21.003145,-32.456038,6.246733,-24.520631,13.215,10.978,12.342,10.34,21.01,21.789,32.455,42.802,6.246,5.034,24.525,25.212
2025-11-11T11:44:01.264+01:00,-0.019533,0.021024,0.010541,0.086328,0.108971,-0.002220,-13.212184,12.339263,21.003145,-32.456038,6.246733,-24.520631,13.214,10.978,12.342,10.341,21.01,21.79,32.455,42.804,6.246,5.034,24.525,25.214
2025-11-11T11:44:02.026+01:00,-0.024826,0.022019,0.009833,0.092663,0.097777,-0.000376,-13.212184,12.339263,21.003145,-32.456038,6.246733,-24.520631,13.214,10.978,12.342,10.341,21.01,21.79,32.455,42.804,6.246,5.034,24.525,25.214
2025-11-11T11:44:03.450+01:00,-0.025061,0.021615,0.011866,0.113530,0.112421,-0.000300,-13.212184,12.339263,21.003145,-32.456038,6.246733,-24.520631,13.214,10.978,12.342,10.34,21.01,21.791,32.455,42.805,6.246,5.034,24.525,25.215
2025-11-11T11:44:04.208+01:00,-0.029249,0.017292,0.014693,0.062024,0.057137,-0.006840,-13.212184,12.339263,21.003145,-32.456038,6.246733,-24.520631,13.214,10.978,12.342,10.34,21.01,21.791,32.455,42.805,6.246,5.034,24.525,25.215
2025-11-11T11:44:05.740+01:00,-0.029999,0.017834,0.016954,0.057419,0.047110,-0.006872,-13.212184,12.339263,21.003145,-32.456038,6.246733,-24.520631,13.214,10.978,12.342,10.341,21.01,21.791,32.455,42.808,6.246,5.034,24.525,25.217
2025-11-11T11:44:07.321+01:00,-0.029199,0.012867,0.014964,0.013135,0.019288,-0.009498,-13.212184,12.339263,21.003145,-32.456038,6.246733,-24.520631,13.214,10.978,12.342,10.341,21.01,21.791,32.455,42.808,6.246,5.034,24.525,25.217
2025-11-11T11:44:08.850+01:00,-0.027359,0.011694,0.009371,-0.011892,-0.006970,-0.007598,-13.212184,12.339263,21.003145,-32.456038,6.246733,-24.520631,13.214,10.979,12.342,10.341,21.01,21.793,32.455,42.812,6.246,5.034,24.525,25.218
2025-11-11T11:44:09.613+01:00,-0.029688,0.010755,0.011497,-0.018713,-0.013376,-0.008679,-13.212184,12.339263,21.003145,-32.456038,6.246733,-24.520631,13.214,10.979,12.342,10.341,21.01,21.793,32.455,42.812,6.246,5.034,24.525,25.218
2025-11-11T11:44:11.145+01:00,-0.028950,0.017804,0.011797,-0.017571,-0.015901,-0.005543,-13.212184,12.339263,21.003145,-32.456038,6.246733,-24.520631,13.214,10.978,12.342,10.34,21.01,21.793,32.455,42.816,6.246,5.034,24.525,25.219
2025-11-11T11:44:11.906+01:00,-0.027160,0.012843,0.004238,-0.016657,0.006879,-0.007034,-13.212184,12.339263,21.003145,-32.456038,6.246733,-24.520631,13.214,10.978,12.342,10.34,21.01,21.793,32.455,42.816,6.246,5.034,24.525,25.219
2025-11-11T11:44:13.399+01:00,-0.030928,0.020875,0.004790,0.007675,0.022504,-0.001627,-13.212184,12.339263,21.003145,-32.456038,6.246733,-24.520631,13.215,10.979,12.342,10.341,21.01,21.794,32.455,42.819,6.246,5.034,24.525,25.221
2025-11-11T11:44:14.161+01:00,-0.026142,0.014100,0.002432,-0.028060,0.003603,-0.005302,-13.212184,12.339263,21.003145,-32.456038,6.246733,-24.520631,13.215,10.979,12.342,10.341,21.01,21.794,32.455,42.819,6.246,5.034,24.525,25.221
2025-11-11T11:44:15.649+01:00,-0.027514,0.013880,0.001946,-0.043448,-0.010318,-0.006842,-13.212184,12.339263,21.003145,-32.456038,6.246733,-24.520631,13.214,10.979,12.343,10.342,21.01,21.795,32.455,42.821,6.246,5.034,24.525,25.222
2025-11-11T11:44:16.409+01:00,-0.022011,0.015104,-0.001043,-0.071559,-0.027854,-0.005473,-13.212184,12.339263,21.003145,-32.456038,6.246733,-24.520631,13.214,10.979,12.343,10.342,21.01,21.795,32.455,42.821,6.246,5.034,24.525,25.222
2025-11-11T11:44:18.696+01:00,-0.025409,0.013483,0.003165,-0.096647,-0.045883,-0.005779,-13.212184,12.339263,21.003145,-32.456038,6.246733,-24.520631,13.214,10.98,12.343,10.338,21.01,21.795,32.455,42.826,6.246,5.034,24.525,25.224
2025-11-11T11:44:20.260+01:00,-0.025527,0.010786,0.002532,-0.093117,-0.040707,-0.008623,-13.212184,12.339263,21.003145,-32.456038,6.246733,-24.520631,13.214,10.98,12.343,10.338,21.01,21.795,32.455,42.826,6.246,5.034,24.525,25.224
2025-11-11T11:44:21.753+01:00,-0.020422,0.013829,-0.000574,-0.117894,-0.070565,-0.008298,-13.212184,12.339263,21.003145,-32.456038,6.246733,-24.520631,13.214,10.98,12.343,10.335,21.01,21.797,32.455,42.829,6.246,5.035,24.525,25.226
2025-11-11T11:44:22.515+01:00,-0.025537,0.013663,0.006141,-0.134915,-0.090652,-0.009239,-13.212184,12.339263,21.003145,-32.456038,6.246733,-24.520631,13.214,10.98,12.343,10.335,21.01,21.797,32.455,42.829,6.246,5.035,24.525,25.226
2025-11-11T11:44:24.045+01:00,-0.029630,0.018731,0.008913,-0.114532,-0.088322,-0.007391,-13.212184,12.339263,21.003145,-32.456038,6.246733,-24.520631,13.215,10.98,12.342,10.335,21.01,21.797,32.455,42.831,6.246,5.035,24.525,25.228
2025-11-11T11:44:24.807+01:00,-0.028904,0.009785,0.004530,-0.108626,-0.068057,-0.011113,-13.212184,12.339263,21.003145,-32.456038,6.246733,-24.520631,13.215,10.98,12.342,10.335,21.01,21.797,32.455,42.831,6.246,5.035,24.525,25.228
2025-11-11T11:44:26.339+01:00,-0.029723,0.014428,0.005024,-0.076301,-0.047846,-0.006290,-13.212184,12.339263,21.003145,-32.456038,6.246733,-24.520631,13.215,10.981,12.342,10.335,21.01,21.799,32.455,42.834,6.246,5.034,24.525,25.228
2025-11-11T11:44:27.101+01:00,-0.028979,0.010142,0.004019,-0.065040,-0.029077,-0.009032,-13.212184,12.339263,21.003145,-32.456038,6.246733,-24.520631,13.215,10.981,12.342,10.335,21.01,21.799,32.455,42.834,6.246,5.034,24.525,25.228
2025-11-11T11:44:28.590+01:00,-0.033783,0.012114,0.004615,-0.014032,0.001739,-0.008626,-13.212184,12.339263,21.003145,-32.456038,6.246733,-24.520631,13.214,10.981,12.342,10.336,21.01,21.799,32.456,42.836,6.246,5.035,24.525,25.229
2025-11-11T11:44:29.363+01:00,-0.031026,0.008291,0.011492,0.013774,0.045991,-0.006901,-13.212184,12.339263,21.003145,-32.456038,6.246733,-24.520631,13.214,10.981,12.342,10.336,21.01,21.799,32.456,42.836,6.246,5.035,24.525,25.229
2025-11-11T11:44:30.936+01:00,-0.030021,0.015833,0.010594,0.022819,0.045993,-0.005520,-13.212184,12.339263,21.003145,-32.456038,6.246733,-24.520631,13.214,10.981,12.342,10.335,21.01,21.799,32.455,42.838,6.246,5.035,24.525,25.231
2025-11-11T11:44:31.693+01:00,-0.025417,0.011266,0.003275,-0.019745,0.019794,-0.008416,-13.212184,12.339263,21.003145,-32.456038,6.246733,-24.520631,13.214,10.981,12.342,10.335,21.01,21.799,32.455,42.838,6.246,5.035,24.525,25.231
2025-11-11T11:44:33.271+01:00,-0.030933,0.015613,0.002620,-0.015796,0.006635,-0.008133,-13.212184,12.339263,21.003145,-32.456038,6.246733,-24.520631,13.214,10.982,12.342,10.337,21.01,21.801,32.455,42.84,6.246,5.035,24.525,25.232
2025-11-11T11:44:34.073+01:00,-0.036547,0.011090,0.000696,0.038563,0.057708,-0.009106,-13.212184,12.339263,21.003145,-32.456038,6.246733,-24.520631,13.214,10.982,12.342,10.337,21.01,21.801,32.455,42.84,6.246,5.035,24.525,25.232
2025-11-11T11:44:35.538+01:00,-0.043637,0.012872,-0.002043,0.114851,0.123567,-0.007285,-13.212184,12.339263,21.003145,-32.456038,6.246733,-24.520631,13.215,10.982,12.342,10.336,21.01,21.801,32.455,42.841,6.246,5.035,24.525,25.234
2025-11-11T11:44:36.297+01:00,-0.033510,0.007698,-0.005635,0.157481,0.197253,-0.005828,-13.212184,12.339263,21.003145,-32.456038,6.246733,-24.520631,13.215,10.982,12.342,10.336,21.01,21.801,32.455,42.841,6.246,5.035,24.525,25.234
2025-11-11T11:44:37.823+01:00,-0.034608,0.013958,-0.001908,0.184984,0.216803,-0.003263,-13.212184,12.339263,21.003145,-32.456038,6.246733,-24.520631,13.214,10.982,12.342,10.337,21.01,21.801,32.455,42.843,6.246,5.035,24.525,25.235
2025-11-11T11:44:38.589+01:00,-0.025086,0.015167,-0.001526,0.142788,0.187842,-0.002610,-13.212184,12.339263,21.003145,-32.456038,6.246733,-24.520631,13.214,10.982,12.342,10.337,21.01,21.801,32.455,42.843,6.246,5.035,24.525,25.235
2025-11-11T11:44:40.116+01:00,-0.033269,0.012133,-0.003821,0.147030,0.175274,-0.009888,-13.212184,12.339263,21.003145,-32.456038,6.246733,-24.520631,13.214,10.982,12.342,10.339,21.01,21.802,32.455,42.846,6.246,5.035,24.525,25.236
2025-11-11T11:44:40.865+01:00,-0.028015,0.013707,-0.008257,0.168824,0.205819,-0.007910,-13.212184,12.339263,21.003145,-32.456038,6.246733,-24.520631,13.214,10.982,12.342,10.339,21.01,21.802,32.455,42.846,6.246,5.035,24.525,25.236
2025-11-11T11:44:42.373+01:00,-0.025012,0.013565,-0.011805,0.175659,0.222455,-0.010328,-13.212184,12.339263,21.003145,-32.456038,6.246733,-24.520631,13.215,10.983,12.342,10.342,21.01,21.803,32.455,42.848,6.246,5.035,24.525,25.237
2025-11-11T11:44:43.135+01:00,-0.025210,0.018652,-0.004244,0.221927,0.251564,-0.005663,-13.212184,12.339263,21.003145,-32.456038,6.246733,-24.520631,13.215,10.983,12.342,10.342,21.01,21.803,32.455,42.848,6.246,5.035,24.525,25.237
2025-11-11T11:44:44.628+01:00,-0.020168,0.017522,-0.003395,0.215542,0.262851,-0.005930,-13.212184,12.339263,21.003145,-32.456038,6.246733,-24.520631,13.214,10.983,12.342,10.341,21.01,21.803,32.455,42.85,6.246,5.036,24.525,25.239
2025-11-11T11:44:45.389+01:00,-0.022734,0.021817,-0.000116,0.177634,0.211681,-0.002144,-13.212184,12.339263,21.003145,-32.456038,6.246733,-24.520631,13.214,10.983,12.342,10.341,21.01,21.803,32.455,42.85,6.246,5.036,24.525,25.239
2025-11-11T11:44:46.877+01:00,-0.020787,0.018854,-0.001493,0.146107,0.181145,-0.003115,-13.212184,12.339263,21.003145,-32.456038,6.246733,-24.520631,13.215,10.983,12.342,10.341,21.01,21.804,32.455,42.852,6.246,5.035,24.525,25.24
2025-11-11T11:44:47.636+01:00,-0.024430,0.019083,0.004006,0.120885,0.152716,-0.003892,-13.212184,12.339263,21.003145,-32.456038,6.246733,-24.520631,13.215,10.983,12.342,10.341,21.01,21.804,32.455,42.852,6.246,5.035,24.525,25.24
2025-11-11T11:44:49.125+01:00,-0.024744,0.019267,0.008404,0.112508,0.128773,-0.003114,-13.212184,12.339263,21.003145,-32.456038,6.246733,-24.520631,13.214,10.983,12.342,10.343,21.01,21.805,32.455,42.855,6.246,5.036,24.525,25.241
2025-11-11T11:44:49.892+01:00,-0.023795,0.018013,0.002724,0.116207,0.138418,-0.006491,-13.212184,12.339263,21.003145,-32.456038,6.246733,-24.520631,13.214,10.983,12.342,10.343,21.01,21.805,32.455,42.855,6.246,5.036,24.525,25.241
2025-11-11T11:44:51.381+01:00,-0.028236,0.017011,0.007379,0.151965,0.164535,-0.003793,-13.212184,12.339263,21.003145,-32.456038,6.246733,-24.520631,13.215,10.984,12.342,10.343,21.01,21.806,32.456,42.857,6.246,5.036,24.525,25.242
2025-11-11T11:44:52.143+01:00,-0.025189,0.015008,0.004503,0.177972,0.206428,-0.005634,-13.212184,12.339263,21.003145,-32.456038,6.246733,-24.520631,13.215,10.984,12.342,10.343,21.01,21.806,32.456,42.857,6.246,5.036,24.525,25.242
2025-11-11T11:44:53.673+01:00,-0.025351,0.012007,0.006202,0.197578,0.232142,-0.005907,-13.212184,12.339263,21.003145,-32.456038,6.246733,-24.520631,13.215,10.984,12.342,10.341,21.01,21.807,32.455,42.86,6.246,5.036,24.525,25.244
2025-11-11T11:44:54.435+01:00,-0.022881,0.009605,0.000962,0.186862,0.230314,-0.006126,-13.212184,12.339263,21.003145,-32.456038,6.246733,-24.520631,13.215,10.984,12.342,10.341,21.01,21.807,32.455,42.86,6.246,5.036,24.525,25.244
2025-11-11T11:44:55.929+01:00,-0.028905,0.010284,-0.000630,0.200690,0.238051,-0.006301,-13.212184,12.339263,21.003145,-32.456038,6.246733,-24.520631,13.214,10.984,12.342,10.343,21.01,21.807,32.455,42.863,6.246,5.036,24.525,25.245
2025-11-11T11:44:56.689+01:00,-0.032324,0.014827,-0.003104,0.235352,0.257441,-0.001041,-13.212184,12.339263,21.003145,-32.456038,6.246733,-24.520631,13.214,10.984,12.342,10.343,21.01,21.807,32.455,42.863,6.246,5.036,24.525,25.245
2025-11-11T11:44:58.133+01:00,-0.029859,0.010462,-0.010283,0.219681,0.264953,-0.000832,-13.212184,12.339263,21.003145,-32.456038,6.246733,-24.520631,13.214,10.984,12.342,10.344,21.01,21.808,32.455,42.865,6.246,5.036,24.525,25.246
2025-11-11T11:44:58.898+01:00,-0.029087,0.014970,-0.004227,0.184945,0.225162,0.003334,-13.212184,12.339263,21.003145,-32.456038,6.246733,-24.520631,13.214,10.984,12.342,10.344,21.01,21.808,32.455,42.865,6.246,5.036,24.525,25.246
2025-11-11T11:45:00.443+01:00,-0.024670,0.017176,-0.008581,0.128356,0.168330,0.004067,-13.212184,12.339263,21.003145,-32.456038,6.246733,-24.520631,13.215,10.985,12.342,10.344,21.01,21.809,32.455,42.866,6.246,5.036,24.525,25.247
2025-11-11T11:45:01.193+01:00,-0.027536,0.018941,-0.004265,0.104085,0.138664,0.001854,-13.212184,12.339263,21.003145,-32.456038,6.246733,-24.520631,13.215,10.985,12.342,10.344,21.01,21.809,32.455,42.866,6.246,5.036,24.525,25.247
2025-11-11T11:45:02.736+01:00,-0.027229,0.022952,-0.006012,0.084668,0.116131,0.005483,-13.212184,12.339263,21.003145,-32.456038,6.246733,-24.520631,13.214,10.985,12.342,10.345,21.01,21.809,32.456,42.869,6.246,5.036,24.525,25.248
2025-11-11T11:45:03.485+01:00,-0.028383,0.020962,0.000390,0.072934,0.104705,0.005786,-13.212184,12.339263,21.003145,-32.456038,6.246733,-24.520631,13.214,10.985,12.342,10.345,21.01,21.809,32.456,42.869,6.246,5.036,24.525,25.248
2025-11-11T11:45:05.029+01:00,-0.027906,0.025970,0.000312,0.067547,0.092964,0.007229,-13.212184,12.339263,21.003145,-32.456038,6.246733,-24.520631,13.214,10.985,12.343,10.344,21.01,21.811,32.455,42.87,6.246,5.037,24.525,25.25
2025-11-11T11:45:05.778+01:00,-0.027525,0.023376,0.004250,0.059238,0.090171,0.007183,-13.212184,12.339263,21.003145,-32.456038,6.246733,-24.520631,13.214,10.985,12.343,10.344,21.01,21.811,32.455,42.87,6.246,5.037,24.525,25.25
2025-11-11T11:45:07.283+01:00,-0.028620,0.029301,0.006000,0.060590,0.079937,0.007147,-13.212184,12.339263,21.003145,-32.456038,6.246733,-24.520631,13.215,10.985,12.342,10.344,21.01,21.811,32.455,42.871,6.246,5.036,24.525,25.251
2025-11-11T11:45:08.046+01:00,-0.022896,0.020840,0.003400,0.040672,0.077149,0.001717,-13.212184,12.339263,21.003145,-32.456038,6.246733,-24.520631,13.215,10.985,12.342,10.344,21.01,21.811,32.455,42.871,6.246,5.036,24.525,25.251
2025-11-11T11:45:09.533+01:00,-0.026117,0.024472,0.006720,0.065338,0.084120,0.002774,-13.212184,12.339263,21.003145,-32.456038,6.246733,-24.520631,13.214,10.986,12.342,10.344,21.01,21.813,32.455,42.874,6.246,5.037,24.525,25.252
2025-11-11T11:45:10.262+01:00,-0.026093,0.018178,0.005376,0.064070,0.093496,0.000819,-13.212184,12.339263,21.003145,-32.456038,6.246733,-24.520631,13.214,10.986,12.342,10.344,21.01,21.813,32.455,42.874,6.246,5.037,24.525,25.252
2025-11-11T11:45:11.782+01:00,-0.030075,0.019742,0.006901,0.078856,0.098397,0.002055,-13.212184,12.339263,21.003145,-32.456038,6.246733,-24.520631,13.214,10.986,12.343,10.343,21.01,21.813,32.455,42.875,6.246,5.036,24.525,25.253
2025-11-11T11:45:12.530+01:00,-0.024060,0.017194,0.001521,0.061685,0.098317,0.000244,-13.212184,12.339263,21.003145,-32.456038,6.246733,-24.520631,13.214,10.986,12.343,10.343,21.01,21.813,32.455,42.875,6.246,5.036,24.525,25.253
2025-11-11T11:45:14.037+01:00,-0.029848,0.020355,0.002616,0.062548,0.094454,0.000195,-13.212184,12.339263,21.003145,-32.456038,6.246733,-24.520631,13.214,10.986,12.342,10.344,21.01,21.814,32.456,42.878,6.246,5.037,24.525,25.254
2025-11-11T11:45:14.799+01:00,-0.026478,0.017684,-0.007107,0.025038,0.071563,-0.001244,-13.212184,12.339263,21.003145,-32.456038,6.246733,-24.520631,13.214,10.986,12.342,10.344,21.01,21.814,32.456,42.878,6.246,5.037,24.525,25.254
2025-11-11T11:45:16.329+01:00,-0.034383,0.021947,-0.003085,0.029231,0.065050,-0.002395,-13.212184,12.339263,21.003145,-32.456038,6.246733,-24.520631,13.215,10.986,12.342,10.345,21.01,21.815,32.455,42.88,6.246,5.037,24.525,25.255
2025-11-11T11:45:17.093+01:00,-0.030106,0.016158,-0.010268,-0.014615,0.040240,-0.003316,-13.212184,12.339263,21.003145,-32.456038,6.246733,-24.520631,13.215,10.986,12.342,10.345,21.01,21.815,32.455,42.88,6.246,5.037,24.525,25.255
2025-11-11T11:45:18.585+01:00,-0.030685,0.014326,-0.010815,-0.035292,0.021592,-0.006653,-13.212184,12.339263,21.003145,-32.456038,6.246733,-24.520631,13.215,10.987,12.342,10.345,21.01,21.815,32.455,42.881,6.246,5.037,24.525,25.257
2025-11-11T11:45:19.363+01:00,-0.028548,0.020661,-0.004652,-0.009834,0.029074,-0.003922,-13.212184,12.339263,21.003145,-32.456038,6.246733,-24.520631,13.215,10.987,12.342,10.345,21.01,21.815,32.455,42.881,6.246,5.037,24.525,25.257
2025-11-11T11:45:20.879+01:00,-0.030638,0.016529,-0.003721,-0.006467,0.033859,-0.007138,-13.212184,12.339263,21.003145,-32.456038,6.246733,-24.520631,13.214,10.987,12.343,10.346,21.01,21.816,32.456,42.884,6.246,5.037,24.525,25.258
2025-11-11T11:45:21.656+01:00,-0.027111,0.019823,-0.001577,0.006626,0.044087,-0.003110,-13.212184,12.339263,21.003145,-32.456038,6.246733,-24.520631,13.214,10.987,12.343,10.346,21.01,21.816,32.456,42.884,6.246,5.037,24.525,25.258
2025-11-11T11:45:23.171+01:00,-0.029489,0.015858,-0.001262,0.018501,0.058870,-0.007688,-13.212184,12.339263,21.003145,-32.456038,6.246733,-24.520631,13.215,10.987,12.342,10.347,21.01,21.817,32.455,42.886,6.246,5.037,24.525,25.259
2025-11-11T11:45:23.949+01:00,-0.030191,0.017887,0.000391,0.060801,0.086496,-0.006151,-13.212184,12.339263,21.003145,-32.456038,6.246733,-24.520631,13.215,10.987,12.342,10.347,21.01,21.817,32.455,42.886,6.246,5.037,24.525,25.259
2025-11-11T11:45:25.465+01:00,-0.029353,0.016909,-0.002287,0.107641,0.128197,-0.007520,-13.212184,12.339263,21.003145,-32.456038,6.246733,-24.520631,13.214,10.987,12.342,10.347,21.01,21.818,32.455,42.887,6.246,5.037,24.525,25.26
2025-11-11T11:45:26.243+01:00,-0.034082,0.018728,0.000770,0.159713,0.170757,-0.007416,-13.212184,12.339263,21.003145,-32.456038,6.246733,-24.520631,13.214,10.987,12.342,10.347,21.01,21.818,32.455,42.887,6.246,5.037,24.525,25.26
2025-11-11T11:45:27.714+01:00,-0.032466,0.016382,-0.000784,0.201370,0.218006,-0.008533,-13.212184,12.339263,21.003145,-32.456038,6.246733,-24.520631,13.214,10.987,12.342,10.349,21.01,21.819,32.455,42.889,6.246,5.037,24.525,25.261
2025-11-11T11:45:28.458+01:00,-0.028573,0.020906,0.003373,0.228096,0.248005,-0.002826,-13.212184,12.339263,21.003145,-32.456038,6.246733,-24.520631,13.214,10.987,12.342,10.349,21.01,21.819,32.455,42.889,6.246,5.037,24.525,25.261
2025-11-11T11:45:29.942+01:00,-0.024258,0.023324,0.005298,0.208677,0.229804,-0.000861,-13.212184,12.339263,21.003145,-32.456038,6.246733,-24.520631,13.214,10.988,12.342,10.35,21.01,21.819,32.455,42.89,6.246,5.037,24.525,25.262
2025-11-11T11:45:31.506+01:00,-0.027206,0.023860,0.006839,0.174741,0.197043,-0.002089,-13.212184,12.339263,21.003145,-32.456038,6.246733,-24.520631,13.214,10.988,12.342,10.35,21.01,21.819,32.455,42.89,6.246,5.037,24.525,25.262
2025-11-11T11:45:32.998+01:00,-0.024365,0.017688,-0.002329,0.180393,0.208834,-0.003071,-13.212184,12.339263,21.003145,-32.456038,6.246733,-24.520631,13.214,10.988,12.342,10.349,21.01,21.82,32.455,42.892,6.246,5.037,24.525,25.264
2025-11-11T11:45:33.777+01:00,-0.020892,0.019350,0.004737,0.173115,0.198468,-0.002457,-13.212184,12.339263,21.003145,-32.456038,6.246733,-24.520631,13.214,10.988,12.342,10.349,21.01,21.82,32.455,42.892,6.246,5.037,24.525,25.264
2025-11-11T11:45:35.290+01:00,-0.018114,0.022080,0.002389,0.133292,0.160174,-0.001966,-13.212184,12.339263,21.003145,-32.456038,6.246733,-24.520631,13.214,10.989,12.342,10.35,21.01,21.821,32.455,42.895,6.246,5.037,24.525,25.265
2025-11-11T11:45:36.068+01:00,-0.015891,0.020264,0.017711,0.073833,0.105739,-0.001572,-13.212184,12.339263,21.003145,-32.456038,6.246733,-24.520631,13.214,10.989,12.342,10.35,21.01,21.821,32.455,42.895,6.246,5.037,24.525,25.265
2025-11-11T11:45:37.621+01:00,-0.010113,0.014811,0.010169,0.009267,0.043991,-0.005258,-13.212184,12.339263,21.003145,-32.456038,6.246733,-24.520631,13.215,10.989,12.342,10.348,21.01,21.821,32.455,42.896,6.246,5.037,24.525,25.266
2025-11-11T11:45:38.399+01:00,-0.014690,0.013249,0.014735,0.007413,0.025993,-0.005606,-13.212184,12.339263,21.003145,-32.456038,6.246733,-24.520631,13.215,10.989,12.342,10.348,21.01,21.821,32.455,42.896,6.246,5.037,24.525,25.266
2025-11-11T11:45:39.834+01:00,-0.024952,0.015799,0.010388,0.057131,0.050994,-0.008485,-13.212184,12.339263,21.003145,-32.456038,6.246733,-24.520631,13.215,10.989,12.342,10.346,21.01,21.822,32.455,42.897,6.246,5.037,24.525,25.267
2025-11-11T11:45:40.594+01:00,-0.025162,0.014039,0.016111,0.116505,0.127396,-0.005388,-13.212184,12.339263,21.003145,-32.456038,6.246733,-24.520631,13.215,10.989,12.342,10.346,21.01,21.822,32.455,42.897,6.246,5.037,24.525,25.267
2025-11-11T11:45:42.090+01:00,-0.020129,0.016431,0.024689,0.109004,0.130716,-0.001710,-13.212184,12.339263,21.003145,-32.456038,6.246733,-24.520631,13.214,10.989,12.342,10.348,21.01,21.823,32.455,42.9,6.246,5.037,24.525,25.268
2025-11-11T11:45:42.828+01:00,-0.030504,0.013145,0.018351,0.066203,0.075773,-0.009168,-13.212184,12.339263,21.003145,-32.456038,6.246733,-24.520631,13.214,10.989,12.342,10.348,21.01,21.823,32.455,42.9,6.246,5.037,24.525,25.268
2025-11-11T11:45:44.357+01:00,-0.033603,0.017116,0.019881,0.073962,0.076419,-0.011335,-13.212184,12.339263,21.003145,-32.456038,6.246733,-24.520631,13.214,10.989,12.342,10.348,21.01,21.823,32.455,42.902,6.246,5.038,24.525,25.269
2025-11-11T11:45:45.120+01:00,-0.025482,0.008493,0.015905,0.032970,0.059735,-0.014268,-13.212184,12.339263,21.003145,-32.456038,6.246733,-24.520631,13.214,10.989,12.342,10.348,21.01,21.823,32.455,42.902,6.246,5.038,24.525,25.269
2025-11-11T11:45:46.650+01:00,-0.026986,0.005394,0.019324,0.006776,0.037188,-0.016614,-13.212184,12.339263,21.003145,-32.456038,6.246733,-24.520631,13.214,10.99,12.342,10.348,21.01,21.824,32.455,42.904,6.246,5.038,24.525,25.27
2025-11-11T11:45:47.414+01:00,-0.020189,0.005715,0.015459,-0.028779,0.007350,-0.015891,-13.212184,12.339263,21.003145,-32.456038,6.246733,-24.520631,13.214,10.99,12.342,10.348,21.01,21.824,32.455,42.904,6.246,5.038,24.525,25.27
2025-11-11T11:45:49.004+01:00,-0.020151,0.004572,0.013767,-0.069023,-0.022920,-0.017913,-13.212184,12.339263,21.003145,-32.456038,6.246733,-24.520631,13.215,10.99,12.342,10.347,21.01,21.825,32.455,42.907,6.246,5.037,24.525,25.272
2025-11-11T11:45:49.745+01:00,-0.013521,0.003658,0.009614,-0.132619,-0.069536,-0.018330,-13.212184,12.339263,21.003145,-32.456038,6.246733,-24.520631,13.215,10.99,12.342,10.347,21.01,21.825,32.455,42.907,6.246,5.037,24.525,25.272
2025-11-11T11:45:51.250+01:00,-0.017417,0.006926,0.014291,-0.169095,-0.120029,-0.017264,-13.212184,12.339263,21.003145,-32.456038,6.246733,-24.520631,13.214,10.991,12.342,10.349,21.01,21.825,32.455,42.909,6.246,5.038,24.525,25.273
2025-11-11T11:45:52.000+01:00,-0.011333,0.004141,0.012833,-0.250876,-0.184023,-0.019012,-13.212184,12.339263,21.003145,-32.456038,6.246733,-24.520631,13.214,10.991,12.342,10.349,21.01,21.825,32.455,42.909,6.246,5.038,24.525,25.273
2025-11-11T11:45:53.426+01:00,-0.015667,0.007313,0.016866,-0.299101,-0.249618,-0.017809,-13.212184,12.339263,21.003145,-32.456038,6.246733,-24.520631,13.214,10.99,12.342,10.349,21.01,21.826,32.455,42.911,6.246,5.037,24.525,25.274
2025-11-11T11:45:54.146+01:00,-0.015133,0.013650,0.017493,-0.324681,-0.292895,-0.018247,-13.212184,12.339263,21.003145,-32.456038,6.246733,-24.520631,13.214,10.99,12.342,10.349,21.01,21.826,32.455,42.911,6.246,5.037,24.525,25.274
2025-11-11T11:45:55.673+01:00,-0.017307,0.010920,0.016594,-0.346345,-0.310516,-0.021198,-13.212184,12.339263,21.003145,-32.456038,6.246733,-24.520631,13.215,10.991,12.343,10.35,21.01,21.827,32.456,42.913,6.246,5.038,24.525,25.275
2025-11-11T11:45:56.440+01:00,-0.017845,0.012736,0.011875,-0.324276,-0.299613,-0.019558,-13.212184,12.339263,21.003145,-32.456038,6.246733,-24.520631,13.215,10.991,12.343,10.35,21.01,21.827,32.456,42.913,6.246,5.038,24.525,25.275
2025-11-11T11:45:57.966+01:00,-0.015676,0.010189,0.008100,-0.313220,-0.275090,-0.020847,-13.212184,12.339263,21.003145,-32.456038,6.246733,-24.520631,13.214,10.991,12.342,10.35,21.01,21.828,32.455,42.916,6.246,5.038,24.525,25.276
2025-11-11T11:45:59.549+01:00,-0.015141,0.005551,0.001280,-0.267576,-0.221472,-0.019277,-13.212184,12.339263,21.003145,-32.456038,6.246733,-24.520631,13.214,10.991,12.342,10.35,21.01,21.828,32.455,42.916,6.246,5.038,24.525,25.276
2025-11-11T11:46:01.079+01:00,-0.019913,0.008441,0.006224,-0.208861,-0.178578,-0.015422,-13.212184,12.339263,21.003145,-32.456038,6.246733,-24.520631,13.215,10.992,12.342,10.351,21.01,21.829,32.455,42.918,6.246,5.038,24.525,25.277
2025-11-11T11:46:01.841+01:00,-0.025130,0.010753,0.006379,-0.159289,-0.137662,-0.013737,-13.212184,12.339263,21.003145,-32.456038,6.246733,-24.520631,13.215,10.992,12.342,10.351,21.01,21.829,32.455,42.918,6.246,5.038,24.525,25.277
2025-11-11T11:46:03.371+01:00,-0.026704,0.013802,0.007704,-0.116831,-0.104930,-0.009590,-13.212184,12.339263,21.003145,-32.456038,6.246733,-24.520631,13.214,10.992,12.342,10.35,21.01,21.829,32.455,42.921,6.246,5.038,24.525,25.278
2025-11-11T11:46:04.142+01:00,-0.031963,0.013642,0.004763,-0.093465,-0.070744,-0.011672,-13.212184,12.339263,21.003145,-32.456038,6.246733,-24.520631,13.214,10.992,12.342,10.35,21.01,21.829,32.455,42.921,6.246,5.038,24.525,25.278
2025-11-11T11:46:05.664+01:00,-0.034771,0.016113,0.002410,-0.061572,-0.048795,-0.009338,-13.212184,12.339263,21.003145,-32.456038,6.246733,-24.520631,13.214,10.992,12.342,10.349,21.01,21.829,32.455,42.923,6.246,5.039,24.525,25.279
2025-11-11T11:46:06.434+01:00,-0.035617,0.015491,0.007128,-0.061058,-0.048236,-0.010070,-13.212184,12.339263,21.003145,-32.456038,6.246733,-24.520631,13.214,10.992,12.342,10.349,21.01,21.829,32.455,42.923,6.246,5.039,24.525,25.279
2025-11-11T11:46:07.957+01:00,-0.037693,0.018993,0.010903,-0.050246,-0.045189,-0.008056,-13.212184,12.339263,21.003145,-32.456038,6.246733,-24.520631,13.214,10.992,12.342,10.349,21.01,21.83,32.455,42.924,6.246,5.039,24.525,25.281
2025-11-11T11:46:08.729+01:00,-0.037955,0.017794,0.007322,-0.026997,-0.020351,-0.010445,-13.212184,12.339263,21.003145,-32.456038,6.246733,-24.520631,13.214,10.992,12.342,10.349,21.01,21.83,32.455,42.924,6.246,5.039,24.525,25.281
2025-11-11T11:46:10.252+01:00,-0.032964,0.020835,0.009858,-0.012397,-0.004481,-0.004356,-13.212184,12.339263,21.003145,-32.456038,6.246733,-24.520631,13.214,10.992,12.342,10.35,21.01,21.831,32.455,42.926,6.246,5.038,24.525,25.281
2025-11-11T11:46:11.017+01:00,-0.032971,0.019268,0.010486,-0.024318,-0.010185,-0.004885,-13.212184,12.339263,21.003145,-32.456038,6.246733,-24.520631,13.214,10.992,12.342,10.35,21.01,21.831,32.455,42.926,6.246,5.038,24.525,25.281
2025-11-11T11:46:13.326+01:00,-0.030377,0.023215,0.010989,-0.018054,-0.013348,-0.002508,-13.212184,12.339263,21.003145,-32.456038,6.246733,-24.520631,13.214,10.993,12.342,10.351,21.01,21.831,32.455,42.928,6.246,5.038,24.525,25.283
2025-11-11T11:46:14.089+01:00,-0.037501,0.026372,0.013991,-0.007843,-0.012078,-0.002006,-13.212184,12.339263,21.003145,-32.456038,6.246733,-24.520631,13.214,10.993,12.342,10.351,21.01,21.831,32.455,42.928,6.246,5.038,24.525,25.283
2025-11-11T11:46:15.538+01:00,-0.030001,0.018497,0.007193,-0.033875,-0.013663,-0.004205,-13.212184,12.339263,21.003145,-32.456038,6.246733,-24.520631,13.214,10.993,12.342,10.351,21.01,21.832,32.456,42.93,6.246,5.038,24.525,25.283
2025-11-11T11:46:16.296+01:00,-0.035801,0.018798,0.010954,-0.000900,-0.000330,-0.005964,-13.212184,12.339263,21.003145,-32.456038,6.246733,-24.520631,13.214,10.993,12.342,10.351,21.01,21.832,32.456,42.93,6.246,5.038,24.525,25.283
2025-11-11T11:46:17.801+01:00,-0.035241,0.021638,0.010163,0.037280,0.031136,-0.002171,-13.212184,12.339263,21.003145,-32.456038,6.246733,-24.520631,13.215,10.993,12.342,10.354,21.01,21.833,32.455,42.932,6.246,5.039,24.525,25.285
2025-11-11T11:46:18.549+01:00,-0.035993,0.017311,0.013331,0.028424,0.032709,-0.004337,-13.212184,12.339263,21.003145,-32.456038,6.246733,-24.520631,13.215,10.993,12.342,10.354,21.01,21.833,32.455,42.932,6.246,5.039,24.525,25.285
2025-11-11T11:46:20.041+01:00,-0.032794,0.021649,0.013265,0.026739,0.028767,-0.004870,-13.212184,12.339263,21.003145,-32.456038,6.246733,-24.520631,13.215,10.994,12.342,10.352,21.01,21.833,32.456,42.934,6.246,5.038,24.525,25.286
2025-11-11T11:46:20.803+01:00,-0.034035,0.019919,0.019812,0.009591,0.020414,-0.006496,-13.212184,12.339263,21.003145,-32.456038,6.246733,-24.520631,13.215,10.994,12.342,10.352,21.01,21.833,32.456,42.934,6.246,5.038,24.525,25.286
2025-11-11T11:46:22.294+01:00,-0.031228,0.025135,0.015849,0.001073,0.004531,-0.005197,-13.212184,12.339263,21.003145,-32.456038,6.246733,-24.520631,13.214,10.994,12.342,10.353,21.01,21.834,32.455,42.936,6.247,5.038,24.525,25.286
2025-11-11T11:46:23.033+01:00,-0.024983,0.018708,0.007479,-0.024141,0.002225,-0.009357,-13.212184,12.339263,21.003145,-32.456038,6.246733,-24.520631,13.214,10.994,12.342,10.353,21.01,21.834,32.455,42.936,6.247,5.038,24.525,25.286
2025-11-11T11:46:24.554+01:00,-0.029186,0.016366,0.005984,-0.024513,0.005780,-0.012686,-13.212184,12.339263,21.003145,-32.456038,6.246733,-24.520631,13.215,10.994,12.342,10.354,21.01,21.835,32.456,42.939,6.246,5.039,24.525,25.288
2025-11-11T11:46:25.302+01:00,-0.025949,0.014493,0.002187,0.010589,0.049224,-0.012749,-13.212184,12.339263,21.003145,-32.456038,6.246733,-24.520631,13.215,10.994,12.342,10.354,21.01,21.835,32.456,42.939,6.246,5.039,24.525,25.288
2025-11-11T11:46:26.811+01:00,-0.028559,0.011595,0.004349,0.066272,0.102379,-0.015399,-13.212184,12.339263,21.003145,-32.456038,6.246733,-24.520631,13.215,10.994,12.342,10.354,21.01,21.835,32.455,42.941,6.246,5.039,24.525,25.289
2025-11-11T11:46:27.571+01:00,-0.024247,0.007876,-0.000520,0.113417,0.164503,-0.013719,-13.212184,12.339263,21.003145,-32.456038,6.246733,-24.520631,13.215,10.994,12.342,10.354,21.01,21.835,32.455,42.941,6.246,5.039,24.525,25.289
2025-11-11T11:46:29.023+01:00,-0.028598,0.007700,0.002184,0.174734,0.223403,-0.012375,-13.212184,12.339263,21.003145,-32.456038,6.246733,-24.520631,13.214,10.994,12.342,10.354,21.01,21.836,32.455,42.942,6.246,5.039,24.525,25.29
2025-11-11T11:46:29.762+01:00,-0.029478,0.011360,0.000347,0.249987,0.291522,-0.008500,-13.212184,12.339263,21.003145,-32.456038,6.246733,-24.520631,13.214,10.994,12.342,10.354,21.01,21.836,32.455,42.942,6.246,5.039,24.525,25.29
2025-11-11T11:46:31.269+01:00,-0.031383,0.010488,-0.006322,0.316790,0.363218,-0.006800,-13.212184,12.339263,21.003145,-32.456038,6.246733,-24.520631,13.214,10.994,12.342,10.355,21.01,21.837,32.456,42.945,6.246,5.039,24.525,25.291
2025-11-11T11:46:32.016+01:00,-0.038306,0.014991,-0.009058,0.437232,0.487374,-0.001440,-13.212184,12.339263,21.003145,-32.456038,6.246733,-24.520631,13.214,10.994,12.342,10.355,21.01,21.837,32.456,42.945,6.246,5.039,24.525,25.291
2025-11-11T11:46:33.525+01:00,-0.028045,0.014593,-0.007246,0.484985,0.546099,-0.001152,-13.212184,12.339263,21.003145,-32.456038,6.246733,-24.520631,13.215,10.995,12.342,10.353,21.01,21.837,32.455,42.946,6.246,5.039,24.525,25.292
2025-11-11T11:46:34.286+01:00,-0.025036,0.016874,-0.005797,0.511388,0.565479,0.001678,-13.212184,12.339263,21.003145,-32.456038,6.246733,-24.520631,13.215,10.995,12.342,10.353,21.01,21.837,32.455,42.946,6.246,5.039,24.525,25.292
2025-11-11T11:46:35.855+01:00,-0.020029,0.014899,-0.006038,0.524711,0.587584,-0.002657,-13.212184,12.339263,21.003145,-32.456038,6.246733,-24.520631,13.215,10.995,12.342,10.354,21.01,21.838,32.455,42.949,6.246,5.039,24.525,25.293
2025-11-11T11:46:36.602+01:00,-0.014623,0.013319,-0.004830,0.491969,0.563267,-0.000726,-13.212184,12.339263,21.003145,-32.456038,6.246733,-24.520631,13.215,10.995,12.342,10.354,21.01,21.838,32.455,42.949,6.246,5.039,24.525,25.293
2025-11-11T11:46:38.147+01:00,-0.016898,0.012055,-0.005264,0.415975,0.495213,-0.004581,-13.212184,12.339263,21.003145,-32.456038,6.246733,-24.520631,13.215,10.995,12.342,10.354,21.01,21.839,32.455,42.95,6.246,5.039,24.525,25.294
2025-11-11T11:46:38.895+01:00,-0.013519,0.018844,-0.006811,0.348580,0.419771,-0.005065,-13.212184,12.339263,21.003145,-32.456038,6.246733,-24.520631,13.215,10.995,12.342,10.354,21.01,21.839,32.455,42.95,6.246,5.039,24.525,25.294
2025-11-11T11:46:40.421+01:00,-0.017415,0.019076,-0.004049,0.293264,0.370017,-0.006652,-13.212184,12.339263,21.003145,-32.456038,6.246733,-24.520631,13.214,10.996,12.342,10.355,21.01,21.839,32.455,42.952,6.246,5.039,24.525,25.294
2025-11-11T11:46:41.167+01:00,-0.015332,0.016660,-0.005839,0.167611,0.246213,-0.007921,-13.212184,12.339263,21.003145,-32.456038,6.246733,-24.520631,13.214,10.996,12.342,10.355,21.01,21.839,32.455,42.952,6.246,5.039,24.525,25.294
2025-11-11T11:46:42.631+01:00,-0.017466,0.014728,-0.007271,0.065889,0.147171,-0.010337,-13.212184,12.339263,21.003145,-32.456038,6.246733,-24.520631,13.215,10.996,12.342,10.355,21.01,21.839,32.456,42.954,6.246,5.039,24.525,25.295
2025-11-11T11:46:43.374+01:00,-0.016572,0.016983,-0.007217,-0.018089,0.058737,-0.008270,-13.212184,12.339263,21.003145,-32.456038,6.246733,-24.520631,13.215,10.996,12.342,10.355,21.01,21.839,32.456,42.954,6.246,5.039,24.525,25.295
2025-11-11T11:46:44.864+01:00,-0.022458,0.017586,-0.005774,-0.090671,-0.020011,-0.010616,-13.212184,12.339263,21.003145,-32.456038,6.246733,-24.520631,13.215,10.996,12.343,10.355,21.011,21.84,32.455,42.956,6.246,5.039,24.525,25.297
2025-11-11T11:46:45.610+01:00,-0.034966,0.023269,-0.008619,-0.113137,-0.080409,-0.012493,-13.212184,12.339263,21.003145,-32.456038,6.246733,-24.520631,13.215,10.996,12.343,10.355,21.011,21.84,32.455,42.956,6.246,5.039,24.525,25.297
2025-11-11T11:46:47.156+01:00,-0.033173,0.023815,-0.012095,-0.123310,-0.082727,-0.012594,-13.212184,12.339263,21.003145,-32.456038,6.246733,-24.520631,13.214,10.996,12.342,10.356,21.01,21.841,32.455,42.958,6.246,5.039,24.525,25.297
2025-11-11T11:46:47.903+01:00,-0.030538,0.023052,-0.012276,-0.130048,-0.089782,-0.011475,-13.212184,12.339263,21.003145,-32.456038,6.246733,-24.520631,13.214,10.996,12.342,10.356,21.01,21.841,32.455,42.958,6.246,5.039,24.525,25.297
2025-11-11T11:46:49.429+01:00,-0.029631,0.025042,-0.005821,-0.148638,-0.111225,-0.009180,-13.212184,12.339263,21.003145,-32.456038,6.246733,-24.520631,13.214,10.996,12.342,10.356,21.01,21.841,32.455,42.959,6.246,5.04,24.525,25.298
2025-11-11T11:46:50.189+01:00,-0.032905,0.025233,0.000543,-0.134710,-0.107380,-0.008744,-13.212184,12.339263,21.003145,-32.456038,6.246733,-24.520631,13.214,10.996,12.342,10.356,21.01,21.841,32.455,42.959,6.246,5.04,24.525,25.298
2025-11-11T11:46:51.641+01:00,-0.030324,0.025387,-0.000965,-0.130168,-0.092504,-0.012195,-13.212184,12.339263,21.003145,-32.456038,6.246733,-24.520631,13.215,10.997,12.342,10.357,21.01,21.842,32.455,42.96,6.246,5.04,24.525,25.299
2025-11-11T11:46:52.426+01:00,-0.032059,0.026909,0.005828,-0.119935,-0.085803,-0.007156,-13.212184,12.339263,21.003145,-32.456038,6.246733,-24.520631,13.215,10.997,12.342,10.357,21.01,21.842,32.455,42.96,6.246,5.04,24.525,25.299
2025-11-11T11:46:53.932+01:00,-0.029647,0.028127,0.007262,-0.122148,-0.092243,-0.005725,-13.212184,12.339263,21.003145,-32.456038,6.246733,-24.520631,13.216,10.996,12.342,10.357,21.01,21.843,32.455,42.961,6.246,5.04,24.525,25.299
2025-11-11T11:46:54.676+01:00,-0.031518,0.030302,0.008410,-0.089918,-0.071194,-0.003180,-13.212184,12.339263,21.003145,-32.456038,6.246733,-24.520631,13.216,10.996,12.342,10.357,21.01,21.843,32.455,42.961,6.246,5.04,24.525,25.299
2025-11-11T11:46:56.177+01:00,-0.029214,0.030842,0.014528,-0.057535,-0.043755,0.000056,-13.212184,12.339263,21.003145,-32.456038,6.246733,-24.520631,13.215,10.997,12.342,10.357,21.01,21.843,32.455,42.963,6.246,5.04,24.525,25.301
2025-11-11T11:46:56.911+01:00,-0.025971,0.029873,0.019422,-0.084028,-0.054604,0.000045,-13.212184,12.339263,21.003145,-32.456038,6.246733,-24.520631,13.215,10.997,12.342,10.357,21.01,21.843,32.455,42.963,6.246,5.04,24.525,25.301
2025-11-11T11:46:58.438+01:00,-0.028577,0.030499,0.022138,-0.115822,-0.096083,0.000036,-13.212184,12.339263,21.003145,-32.456038,6.246733,-24.520631,13.215,10.998,12.342,10.357,21.01,21.843,32.455,42.965,6.246,5.039,24.525,25.301
2025-11-11T11:46:59.203+01:00,-0.030662,0.028399,0.019110,-0.157058,-0.130667,-0.005171,-13.212184,12.339263,21.003145,-32.456038,6.246733,-24.520631,13.215,10.998,12.342,10.357,21.01,21.843,32.455,42.965,6.246,5.039,24.525,25.301
2025-11-11T11:47:00.730+01:00,-0.031129,0.030519,0.027088,-0.174246,-0.159733,-0.002737,-13.212184,12.339263,21.003145,-32.456038,6.246733,-24.520631,13.214,10.997,12.342,10.358,21.01,21.844,32.455,42.967,6.246,5.04,24.524,25.302
2025-11-11T11:47:01.496+01:00,-0.030103,0.025815,0.024271,-0.173597,-0.151387,-0.007390,-13.212184,12.339263,21.003145,-32.456038,6.246733,-24.520631,13.214,10.997,12.342,10.358,21.01,21.844,32.455,42.967,6.246,5.04,24.524,25.302
2025-11-11T11:47:03.041+01:00,-0.029283,0.029852,0.030016,-0.142878,-0.127709,-0.004512,-13.212184,12.339263,21.003145,-32.456038,6.246733,-24.520631,13.215,10.998,12.342,10.358,21.01,21.845,32.455,42.969,6.246,5.04,24.525,25.304
2025-11-11T11:47:03.789+01:00,-0.027426,0.026482,0.022613,-0.143102,-0.113967,-0.008809,-13.212184,12.339263,21.003145,-32.456038,6.246733,-24.520631,13.215,10.998,12.342,10.358,21.01,21.845,32.455,42.969,6.246,5.04,24.525,25.304
2025-11-11T11:47:05.331+01:00,-0.027141,0.025185,0.024691,-0.121082,-0.091174,-0.008448,-13.212184,12.339263,21.003145,-32.456038,6.246733,-24.520631,13.214,10.998,12.342,10.359,21.01,21.845,32.455,42.971,6.246,5.04,24.525,25.305
2025-11-11T11:47:06.080+01:00,-0.023113,0.025348,0.018352,-0.104665,-0.065139,-0.009358,-13.212184,12.339263,21.003145,-32.456038,6.246733,-24.520631,13.214,10.998,12.342,10.359,21.01,21.845,32.455,42.971,6.246,5.04,24.525,25.305
2025-11-11T11:47:07.624+01:00,-0.022490,0.020279,0.013282,-0.106132,-0.054711,-0.008886,-13.212184,12.339263,21.003145,-32.456038,6.246733,-24.520631,13.214,10.998,12.342,10.358,21.01,21.845,32.455,42.972,6.246,5.04,24.525,25.305
2025-11-11T11:47:08.374+01:00,-0.021992,0.021423,0.012026,-0.091506,-0.046369,-0.009709,-13.212184,12.339263,21.003145,-32.456038,6.246733,-24.520631,13.214,10.998,12.342,10.358,21.01,21.845,32.455,42.972,6.246,5.04,24.525,25.305
2025-11-11T11:47:09.809+01:00,-0.018994,0.019738,0.017420,-0.085005,-0.026495,-0.011767,-13.212184,12.339263,21.003145,-32.456038,6.246733,-24.520631,13.215,10.998,12.342,10.358,21.01,21.846,32.455,42.974,6.246,5.04,24.525,25.306
2025-11-11T11:47:10.535+01:00,-0.019195,0.022391,0.019136,-0.082404,-0.038196,-0.008014,-13.212184,12.339263,21.003145,-32.456038,6.246733,-24.520631,13.215,10.998,12.342,10.358,21.01,21.846,32.455,42.974,6.246,5.04,24.525,25.306
2025-11-11T11:47:12.082+01:00,-0.011356,0.017913,0.013909,-0.097323,-0.034557,-0.009011,-13.212184,12.339263,21.003145,-32.456038,6.246733,-24.520631,13.214,10.998,12.342,10.358,21.01,21.847,32.455,42.976,6.246,5.04,24.525,25.308
2025-11-11T11:47:12.825+01:00,-0.015685,0.022130,0.018927,-0.088458,-0.044646,-0.007209,-13.212184,12.339263,21.003145,-32.456038,6.246733,-24.520631,13.214,10.998,12.342,10.358,21.01,21.847,32.455,42.976,6.246,5.04,24.525,25.308
2025-11-11T11:47:14.373+01:00,-0.012548,0.025504,0.015142,-0.089167,-0.051516,-0.005767,-13.212184,12.339263,21.003145,-32.456038,6.246733,-24.520631,13.214,10.999,12.342,10.357,21.01,21.847,32.455,42.977,6.246,5.04,24.525,25.309
2025-11-11T11:47:15.118+01:00,-0.011438,0.019003,0.017313,-0.085733,-0.049013,-0.009814,-13.212184,12.339263,21.003145,-32.456038,6.246733,-24.520631,13.214,10.999,12.342,10.357,21.01,21.847,32.455,42.977,6.246,5.04,24.525,25.309
2025-11-11T11:47:16.649+01:00,-0.006551,0.019203,0.013851,-0.077787,-0.044411,-0.009251,-13.212184,12.339263,21.003145,-32.456038,6.246733,-24.520631,13.215,10.999,12.342,10.356,21.01,21.848,32.455,42.979,6.246,5.04,24.525,25.309
2025-11-11T11:47:17.412+01:00,-0.009240,0.021962,0.018881,-0.075429,-0.040728,-0.011401,-13.212184,12.339263,21.003145,-32.456038,6.246733,-24.520631,13.215,10.999,12.342,10.356,21.01,21.848,32.455,42.979,6.246,5.04,24.525,25.309
2025-11-11T11:47:18.942+01:00,-0.009992,0.026770,0.017704,-0.073543,-0.045783,-0.009121,-13.212184,12.339263,21.003145,-32.456038,6.246733,-24.520631,13.215,10.999,12.342,10.358,21.01,21.849,32.455,42.981,6.246,5.04,24.525,25.31
2025-11-11T11:47:19.704+01:00,-0.010594,0.021416,0.016764,-0.095635,-0.052426,-0.012496,-13.212184,12.339263,21.003145,-32.456038,6.246733,-24.520631,13.215,10.999,12.342,10.358,21.01,21.849,32.455,42.981,6.246,5.04,24.525,25.31
2025-11-11T11:47:21.256+01:00,-0.012475,0.024933,0.020011,-0.087108,-0.055141,-0.011397,-13.212184,12.339263,21.003145,-32.456038,6.246733,-24.520631,13.215,10.999,12.342,10.359,21.01,21.849,32.455,42.982,6.246,5.04,24.524,25.311
2025-11-11T11:47:21.998+01:00,-0.015180,0.021346,0.023809,-0.065686,-0.036313,-0.013118,-13.212184,12.339263,21.003145,-32.456038,6.246733,-24.520631,13.215,10.999,12.342,10.359,21.01,21.849,32.455,42.982,6.246,5.04,24.524,25.311
2025-11-11T11:47:23.548+01:00,-0.017344,0.023677,0.026847,-0.030149,-0.012050,-0.011894,-13.212184,12.339263,21.003145,-32.456038,6.246733,-24.520631,13.215,11.0,12.342,10.359,21.01,21.849,32.455,42.984,6.246,5.04,24.525,25.312
2025-11-11T11:47:24.289+01:00,-0.013875,0.017541,0.022878,-0.003119,0.036360,-0.014715,-13.212184,12.339263,21.003145,-32.456038,6.246733,-24.520631,13.215,11.0,12.342,10.359,21.01,21.849,32.455,42.984,6.246,5.04,24.525,25.312
2025-11-11T11:47:25.819+01:00,-0.016300,0.015433,0.023502,0.032905,0.071088,-0.014372,-13.212184,12.339263,21.003145,-32.456038,6.246733,-24.520631,13.215,11.0,12.342,10.36,21.01,21.85,32.455,42.986,6.246,5.041,24.525,25.313
2025-11-11T11:47:26.581+01:00,-0.013040,0.008347,0.016202,0.074924,0.125070,-0.016698,-13.212184,12.339263,21.003145,-32.456038,6.246733,-24.520631,13.215,11.0,12.342,10.36,21.01,21.85,32.455,42.986,6.246,5.041,24.525,25.313
2025-11-11T11:47:28.113+01:00,-0.017032,0.011877,0.019561,0.151739,0.188056,-0.014758,-13.212184,12.339263,21.003145,-32.456038,6.246733,-24.520631,13.215,11.0,12.342,10.36,21.01,21.85,32.455,42.988,6.246,5.04,24.525,25.314
2025-11-11T11:47:28.874+01:00,-0.015026,0.008102,0.015649,0.189591,0.243645,-0.015807,-13.212184,12.339263,21.003145,-32.456038,6.246733,-24.520631,13.215,11.0,12.342,10.36,21.01,21.85,32.455,42.988,6.246,5.04,24.525,25.314
2025-11-11T11:47:30.407+01:00,-0.019821,0.014281,0.016519,0.250073,0.286716,-0.012645,-13.212184,12.339263,21.003145,-32.456038,6.246733,-24.520631,13.214,11.0,12.342,10.361,21.01,21.851,32.455,42.989,6.246,5.04,24.525,25.315
2025-11-11T11:47:31.168+01:00,-0.017256,0.008825,0.013215,0.273658,0.323973,-0.014116,-13.212184,12.339263,21.003145,-32.456038,6.246733,-24.520631,13.214,11.0,12.342,10.361,21.01,21.851,32.455,42.989,6.246,5.04,24.525,25.315
2025-11-11T11:47:32.699+01:00,-0.021605,0.014860,0.014572,0.316127,0.353778,-0.009893,-13.212184,12.339263,21.003145,-32.456038,6.246733,-24.520631,13.214,11.0,12.342,10.36,21.01,21.851,32.455,42.992,6.246,5.04,24.525,25.316
2025-11-11T11:47:33.461+01:00,-0.013284,0.011888,0.015658,0.285701,0.355223,-0.006514,-13.212184,12.339263,21.003145,-32.456038,6.246733,-24.520631,13.214,11.0,12.342,10.36,21.01,21.851,32.455,42.992,6.246,5.04,24.525,25.316
2025-11-11T11:47:34.954+01:00,-0.015827,0.013510,0.017726,0.228561,0.294778,-0.006612,-13.212184,12.339263,21.003145,-32.456038,6.246733,-24.520631,13.214,11.001,12.342,10.36,21.01,21.851,32.456,42.993,6.246,5.04,24.525,25.317
2025-11-11T11:47:35.715+01:00,-0.008662,0.010808,0.011581,0.138249,0.216222,-0.006689,-13.212184,12.339263,21.003145,-32.456038,6.246733,-24.520631,13.214,11.001,12.342,10.36,21.01,21.851,32.456,42.993,6.246,5.04,24.525,25.317
2025-11-11T11:47:37.247+01:00,-0.010929,0.012647,0.010665,0.067199,0.150578,-0.007951,-13.212184,12.339263,21.003145,-32.456038,6.246733,-24.520631,13.215,11.001,12.342,10.36,21.01,21.852,32.455,42.994,6.246,5.04,24.525,25.318
2025-11-11T11:47:38.008+01:00,-0.006144,0.011517,0.004532,0.006559,0.098062,-0.010361,-13.212184,12.339263,21.003145,-32.456038,6.246733,-24.520631,13.215,11.001,12.342,10.36,21.01,21.852,32.455,42.994,6.246,5.04,24.525,25.318
2025-11-11T11:47:39.579+01:00,-0.011515,0.010614,0.003625,-0.034153,0.052250,-0.009689,-13.212184,12.339263,21.003145,-32.456038,6.246733,-24.520631,13.214,11.001,12.342,10.361,21.01,21.853,32.455,42.997,6.246,5.041,24.525,25.319
2025-11-11T11:47:40.340+01:00,-0.009212,0.005891,0.000300,-0.060122,0.028600,-0.014351,-13.212184,12.339263,21.003145,-32.456038,6.246733,-24.520631,13.214,11.001,12.342,10.361,21.01,21.853,32.455,42.997,6.246,5.041,24.525,25.319
2025-11-11T11:47:41.871+01:00,-0.013970,0.009913,0.005440,-0.054698,0.015080,-0.015481,-13.212184,12.339263,21.003145,-32.456038,6.246733,-24.520631,13.214,11.001,12.342,10.362,21.01,21.853,32.455,42.998,6.246,5.041,24.525,25.32
2025-11-11T11:47:42.634+01:00,-0.011176,0.007930,0.009552,-0.125158,-0.043136,-0.017585,-13.212184,12.339263,21.003145,-32.456038,6.246733,-24.520631,13.214,11.001,12.342,10.362,21.01,21.853,32.455,42.998,6.246,5.041,24.525,25.32
2025-11-11T11:47:44.164+01:00,-0.014140,0.014144,0.015442,-0.155326,-0.094909,-0.016668,-13.212184,12.339263,21.003145,-32.456038,6.246733,-24.520631,13.214,11.001,12.343,10.361,21.01,21.854,32.455,43.0,6.246,5.041,24.525,25.321
2025-11-11T11:47:44.926+01:00,-0.007312,0.009915,0.009753,-0.183261,-0.111327,-0.018534,-13.212184,12.339263,21.003145,-32.456038,6.246733,-24.520631,13.214,11.001,12.343,10.361,21.01,21.854,32.455,43.0,6.246,5.041,24.525,25.321
2025-11-11T11:47:46.456+01:00,-0.011050,0.015732,0.014403,-0.187209,-0.131062,-0.016227,-13.212184,12.339263,21.003145,-32.456038,6.246733,-24.520631,13.214,11.001,12.342,10.361,21.01,21.854,32.455,43.002,6.246,5.041,24.525,25.321
2025-11-11T11:47:47.219+01:00,-0.007440,0.012586,0.012922,-0.200967,-0.133649,-0.016982,-13.212184,12.339263,21.003145,-32.456038,6.246733,-24.520631,13.214,11.001,12.342,10.361,21.01,21.854,32.455,43.002,6.246,5.041,24.525,25.321
2025-11-11T11:47:48.766+01:00,-0.007352,0.016669,0.015538,-0.206774,-0.135719,-0.014986,-13.212184,12.339263,21.003145,-32.456038,6.246733,-24.520631,13.215,11.001,12.342,10.359,21.01,21.855,32.455,43.003,6.246,5.041,24.525,25.322
2025-11-11T11:47:49.511+01:00,-0.003282,0.010735,0.011030,-0.203419,-0.124376,-0.015988,-13.212184,12.339263,21.003145,-32.456038,6.246733,-24.520631,13.215,11.001,12.342,10.359,21.01,21.855,32.455,43.003,6.246,5.041,24.525,25.322
2025-11-11T11:47:51.058+01:00,-0.009225,0.013788,0.015424,-0.162735,-0.102100,-0.014191,-13.212184,12.339263,21.003145,-32.456038,6.246733,-24.520631,13.215,11.002,12.342,10.359,21.01,21.855,32.455,43.005,6.246,5.041,24.525,25.323
2025-11-11T11:47:51.805+01:00,-0.003380,0.011030,0.014939,-0.134188,-0.060680,-0.013953,-13.212184,12.339263,21.003145,-32.456038,6.246733,-24.520631,13.215,11.002,12.342,10.359,21.01,21.855,32.455,43.005,6.246,5.041,24.525,25.323
2025-11-11T11:47:53.334+01:00,-0.009304,0.018024,0.018551,-0.105951,-0.049944,-0.011162,-13.212184,12.339263,21.003145,-32.456038,6.246733,-24.520631,13.214,11.001,12.342,10.36,21.01,21.856,32.455,43.007,6.246,5.041,24.525,25.324
2025-11-11T11:47:54.076+01:00,-0.008843,0.014419,0.016241,-0.107160,-0.041355,-0.011530,-13.212184,12.339263,21.003145,-32.456038,6.246733,-24.520631,13.214,11.001,12.342,10.36,21.01,21.856,32.455,43.007,6.246,5.041,24.525,25.324
2025-11-11T11:47:55.547+01:00,-0.014875,0.016736,0.020793,-0.079128,-0.023884,-0.011824,-13.212184,12.339263,21.003145,-32.456038,6.246733,-24.520631,13.215,11.001,12.342,10.359,21.01,21.856,32.455,43.009,6.246,5.041,24.525,25.325
2025-11-11T11:47:56.305+01:00,-0.009300,0.022588,0.020634,-0.034503,0.008493,-0.008059,-13.212184,12.339263,21.003145,-32.456038,6.246733,-24.520631,13.215,11.001,12.342,10.359,21.01,21.856,32.455,43.009,6.246,5.041,24.525,25.325
2025-11-11T11:47:58.597+01:00,-0.008840,0.022071,0.023107,-0.008002,0.039594,-0.010447,-13.212184,12.339263,21.003145,-32.456038,6.246733,-24.520631,13.214,11.002,12.342,10.359,21.01,21.857,32.455,43.011,6.246,5.041,24.525,25.326
2025-11-11T11:48:00.157+01:00,-0.008472,0.020257,0.025086,0.001398,0.055275,-0.012358,-13.212184,12.339263,21.003145,-32.456038,6.246733,-24.520631,13.214,11.002,12.342,10.359,21.01,21.857,32.455,43.011,6.246,5.041,24.525,25.326
2025-11-11T11:48:01.623+01:00,-0.005377,0.020205,0.018669,-0.026481,0.039020,-0.013886,-13.212184,12.339263,21.003145,-32.456038,6.246733,-24.520631,13.215,11.003,12.342,10.361,21.01,21.857,32.455,43.013,6.246,5.041,24.525,25.328
2025-11-11T11:48:02.364+01:00,-0.006902,0.022764,0.024135,-0.026385,0.020616,-0.011109,-13.212184,12.339263,21.003145,-32.456038,6.246733,-24.520631,13.215,11.003,12.342,10.361,21.01,21.857,32.455,43.013,6.246,5.041,24.525,25.328
2025-11-11T11:48:03.872+01:00,-0.010722,0.026011,0.025908,-0.030308,0.004693,-0.008887,-13.212184,12.339263,21.003145,-32.456038,6.246733,-24.520631,13.214,11.002,12.342,10.358,21.01,21.858,32.455,43.015,6.246,5.041,24.525,25.328
2025-11-11T11:48:04.620+01:00,-0.008577,0.022209,0.025926,-0.055646,-0.013246,-0.012310,-13.212184,12.339263,21.003145,-32.456038,6.246733,-24.520631,13.214,11.002,12.342,10.358,21.01,21.858,32.455,43.015,6.246,5.041,24.525,25.328
2025-11-11T11:48:06.130+01:00,-0.008262,0.025567,0.022141,-0.064117,-0.034197,-0.009848,-13.212184,12.339263,21.003145,-32.456038,6.246733,-24.520631,13.215,11.003,12.342,10.361,21.01,21.859,32.455,43.016,6.246,5.042,24.525,25.329
2025-11-11T11:48:06.895+01:00,-0.008009,0.021854,0.025513,-0.089294,-0.046957,-0.013078,-13.212184,12.339263,21.003145,-32.456038,6.246733,-24.520631,13.215,11.003,12.342,10.361,21.01,21.859,32.455,43.016,6.246,5.042,24.525,25.329
2025-11-11T11:48:08.423+01:00,-0.011608,0.025283,0.024410,-0.089835,-0.061166,-0.011863,-13.212184,12.339263,21.003145,-32.456038,6.246733,-24.520631,13.215,11.003,12.342,10.361,21.01,21.859,32.455,43.018,6.246,5.041,24.525,25.33
2025-11-11T11:48:09.186+01:00,-0.007886,0.020226,0.018128,-0.108668,-0.060733,-0.012090,-13.212184,12.339263,21.003145,-32.456038,6.246733,-24.520631,13.215,11.003,12.342,10.361,21.01,21.859,32.455,43.018,6.246,5.041,24.525,25.33
2025-11-11T11:48:10.716+01:00,-0.011509,0.023981,0.023703,-0.093534,-0.057786,-0.009672,-13.212184,12.339263,21.003145,-32.456038,6.246733,-24.520631,13.215,11.002,12.342,10.363,21.01,21.859,32.455,43.02,6.246,5.041,24.525,25.331
2025-11-11T11:48:11.480+01:00,-0.005207,0.017785,0.017562,-0.091828,-0.039629,-0.009138,-13.212184,12.339263,21.003145,-32.456038,6.246733,-24.520631,13.215,11.002,12.342,10.363,21.01,21.859,32.455,43.02,6.246,5.041,24.525,25.331
2025-11-11T11:48:13.024+01:00,-0.009366,0.022028,0.020650,-0.059062,-0.021103,-0.007310,-13.212184,12.339263,21.003145,-32.456038,6.246733,-24.520631,13.214,11.003,12.342,10.357,21.01,21.86,32.455,43.021,6.246,5.042,24.525,25.332
2025-11-11T11:48:13.772+01:00,-0.007493,0.016222,0.016520,-0.035450,0.018518,-0.009848,-13.212184,12.339263,21.003145,-32.456038,6.246733,-24.520631,13.214,11.003,12.342,10.357,21.01,21.86,32.455,43.021,6.246,5.042,24.525,25.332
2025-11-11T11:48:15.240+01:00,-0.013794,0.018178,0.019816,0.011040,0.055414,-0.007878,-13.212184,12.339263,21.003145,-32.456038,6.246733,-24.520631,13.215,11.003,12.342,10.357,21.01,21.861,32.455,43.023,6.246,5.042,24.525,25.332
2025-11-11T11:48:15.957+01:00,-0.011035,0.019742,0.011853,0.041632,0.090331,-0.006303,-13.212184,12.339263,21.003145,-32.456038,6.246733,-24.520631,13.215,11.003,12.342,10.357,21.01,21.861,32.455,43.023,6.246,5.042,24.525,25.332
2025-11-11T11:48:17.445+01:00,-0.014028,0.019794,0.010882,0.072706,0.124665,-0.006442,-13.212184,12.339263,21.003145,-32.456038,6.246733,-24.520631,13.214,11.004,12.342,10.357,21.01,21.861,32.455,43.024,6.246,5.041,24.525,25.334
2025-11-11T11:48:18.194+01:00,-0.017823,0.026435,0.010106,0.121165,0.162732,-0.002554,-13.212184,12.339263,21.003145,-32.456038,6.246733,-24.520631,13.214,11.004,12.342,10.357,21.01,21.861,32.455,43.024,6.246,5.041,24.525,25.334
2025-11-11T11:48:19.755+01:00,-0.015658,0.023748,0.006685,0.145532,0.198386,-0.004643,-13.212184,12.339263,21.003145,-32.456038,6.246733,-24.520631,13.214,11.004,12.343,10.354,21.01,21.861,32.456,43.025,6.246,5.042,24.525,25.334
2025-11-11T11:48:20.518+01:00,-0.019126,0.025598,0.013148,0.196425,0.237508,-0.005114,-13.212184,12.339263,21.003145,-32.456038,6.246733,-24.520631,13.214,11.004,12.343,10.354,21.01,21.861,32.456,43.025,6.246,5.042,24.525,25.334
2025-11-11T11:48:22.065+01:00,-0.012701,0.027079,0.018318,0.189940,0.238607,-0.001492,-13.212184,12.339263,21.003145,-32.456038,6.246733,-24.520631,13.214,11.004,12.342,10.358,21.01,21.862,32.455,43.027,6.246,5.042,24.525,25.335
2025-11-11T11:48:22.810+01:00,-0.019361,0.029463,0.019854,0.099552,0.141085,-0.002593,-13.212184,12.339263,21.003145,-32.456038,6.246733,-24.520631,13.214,11.004,12.342,10.358,21.01,21.862,32.455,43.027,6.246,5.042,24.525,25.335
2025-11-11T11:48:24.362+01:00,-0.019489,0.028770,0.014484,0.015242,0.057668,-0.006075,-13.212184,12.339263,21.003145,-32.456038,6.246733,-24.520631,13.215,11.004,12.342,10.357,21.01,21.863,32.455,43.028,6.246,5.042,24.524,25.336
2025-11-11T11:48:25.102+01:00,-0.023391,0.032216,0.019387,-0.039007,-0.005065,-0.004860,-13.212184,12.339263,21.003145,-32.456038,6.246733,-24.520631,13.215,11.004,12.342,10.357,21.01,21.863,32.455,43.028,6.246,5.042,24.524,25.336
2025-11-11T11:48:26.634+01:00,-0.026513,0.032373,0.019509,-0.082405,-0.004052,-0.003888,-13.212184,12.339263,21.003145,-32.456038,6.246733,-24.520631,13.215,11.004,12.342,10.355,21.01,21.864,32.455,43.03,6.246,5.041,24.525,25.337
2025-11-11T11:48:27.395+01:00,-0.029010,0.032498,0.017008,-0.109324,-0.046642,-0.007110,-13.212184,12.339263,21.003145,-32.456038,6.246733,-24.520631,13.215,11.004,12.342,10.355,21.01,21.864,32.455,43.03,6.246,5.041,24.525,25.337
2025-11-11T11:48:28.926+01:00,-0.024608,0.031199,0.015006,-0.132059,-0.074113,-0.007088,-13.212184,12.339263,21.003145,-32.456038,6.246733,-24.520631,13.214,11.004,12.342,10.357,21.01,21.865,32.456,43.032,6.246,5.042,24.525,25.338
2025-11-11T11:48:29.689+01:00,-0.027487,0.030159,0.017205,-0.151647,-0.101291,-0.007071,-13.212184,12.339263,21.003145,-32.456038,6.246733,-24.520631,13.214,11.004,12.342,10.357,21.01,21.865,32.456,43.032,6.246,5.042,24.525,25.338
2025-11-11T11:48:31.182+01:00,-0.027189,0.031927,0.016364,-0.163318,-0.120433,-0.007056,-13.212184,12.339263,21.003145,-32.456038,6.246733,-24.520631,13.214,11.005,12.342,10.358,21.01,21.865,32.455,43.033,6.246,5.042,24.525,25.339
2025-11-11T11:48:31.943+01:00,-0.025751,0.028142,0.018291,-0.171254,-0.117346,-0.010845,-13.212184,12.339263,21.003145,-32.456038,6.246733,-24.520631,13.214,11.005,12.342,10.358,21.01,21.865,32.455,43.033,6.246,5.042,24.525,25.339
2025-11-11T11:48:33.513+01:00,-0.025801,0.029113,0.021233,-0.175004,-0.126677,-0.010076,-13.212184,12.339263,21.003145,-32.456038,6.246733,-24.520631,13.214,11.005,12.342,10.358,21.01,21.865,32.455,43.035,6.246,5.042,24.525,25.34
2025-11-11T11:48:34.275+01:00,-0.020641,0.029891,0.018386,-0.187203,-0.128941,-0.012061,-13.212184,12.339263,21.003145,-32.456038,6.246733,-24.520631,13.214,11.005,12.342,10.358,21.01,21.865,32.455,43.035,6.246,5.042,24.525,25.34
2025-11-11T11:48:35.827+01:00,-0.024313,0.030513,0.021309,-0.196962,-0.155553,-0.012249,-13.212184,12.339263,21.003145,-32.456038,6.246733,-24.520631,13.215,11.005,12.342,10.357,21.01,21.866,32.455,43.037,6.246,5.042,24.525,25.34
2025-11-11T11:48:36.566+01:00,-0.020850,0.027010,0.019647,-0.202170,-0.148043,-0.014999,-13.212184,12.339263,21.003145,-32.456038,6.246733,-24.520631,13.215,11.005,12.342,10.357,21.01,21.866,32.455,43.037,6.246,5.042,24.525,25.34
2025-11-11T11:48:38.098+01:00,-0.016680,0.020208,0.018318,-0.202336,-0.140834,-0.018599,-13.212184,12.339263,21.003145,-32.456038,6.246733,-24.520631,13.214,11.005,12.342,10.359,21.01,21.867,32.455,43.038,6.246,5.042,24.525,25.341
2025-11-11T11:48:38.860+01:00,-0.013344,0.021366,0.017254,-0.194669,-0.138867,-0.017479,-13.212184,12.339263,21.003145,-32.456038,6.246733,-24.520631,13.214,11.005,12.342,10.359,21.01,21.867,32.455,43.038,6.246,5.042,24.525,25.341
2025-11-11T11:48:40.392+01:00,-0.009275,0.015693,0.015203,-0.205535,-0.137294,-0.019183,-13.212184,12.339263,21.003145,-32.456038,6.246733,-24.520631,13.214,11.005,12.342,10.355,21.01,21.867,32.455,43.039,6.246,5.041,24.525,25.342
2025-11-11T11:48:41.153+01:00,-0.012620,0.019155,0.018763,-0.181428,-0.133435,-0.016747,-13.212184,12.339263,21.003145,-32.456038,6.246733,-24.520631,13.214,11.005,12.342,10.355,21.01,21.867,32.455,43.039,6.246,5.041,24.525,25.342
2025-11-11T11:48:42.685+01:00,-0.007496,0.015324,0.016410,-0.187142,-0.123748,-0.017397,-13.212184,12.339263,21.003145,-32.456038,6.246733,-24.520631,13.215,11.005,12.343,10.356,21.01,21.867,32.456,43.041,6.246,5.042,24.525,25.343
2025-11-11T11:48:43.446+01:00,-0.005997,0.017459,0.014528,-0.178514,-0.122598,-0.016518,-13.212184,12.339263,21.003145,-32.456038,6.246733,-24.520631,13.215,11.005,12.343,10.356,21.01,21.867,32.456,43.041,6.246,5.042,24.525,25.343
2025-11-11T11:48:44.976+01:00,-0.002198,0.012567,0.010223,-0.178211,-0.115079,-0.015814,-13.212184,12.339263,21.003145,-32.456038,6.246733,-24.520631,13.214,11.005,12.342,10.357,21.01,21.868,32.455,43.043,6.246,5.042,24.525,25.343
2025-11-11T11:48:45.739+01:00,-0.006958,0.016654,0.014778,-0.146569,-0.099863,-0.012651,-13.212184,12.339263,21.003145,-32.456038,6.246733,-24.520631,13.214,11.005,12.342,10.357,21.01,21.868,32.455,43.043,6.246,5.042,24.525,25.343
2025-11-11T11:48:47.271+01:00,-0.002966,0.013323,0.007822,-0.154055,-0.091690,-0.014121,-13.212184,12.339263,21.003145,-32.456038,6.246733,-24.520631,13.215,11.006,12.342,10.355,21.01,21.869,32.455,43.044,6.246,5.042,24.525,25.344
2025-11-11T11:48:48.033+01:00,-0.007573,0.017258,0.015458,-0.137644,-0.091752,-0.012697,-13.212184,12.339263,21.003145,-32.456038,6.246733,-24.520631,13.215,11.006,12.342,10.355,21.01,21.869,32.455,43.044,6.246,5.042,24.525,25.344
2025-11-11T11:48:49.564+01:00,-0.007459,0.019007,0.009766,-0.133715,-0.090402,-0.010158,-13.212184,12.339263,21.003145,-32.456038,6.246733,-24.520631,13.215,11.006,12.343,10.353,21.01,21.869,32.455,43.046,6.246,5.042,24.525,25.345
2025-11-11T11:48:50.325+01:00,-0.013767,0.024405,0.014413,-0.126572,-0.089321,-0.009526,-13.212184,12.339263,21.003145,-32.456038,6.246733,-24.520631,13.215,11.006,12.343,10.353,21.01,21.869,32.455,43.046,6.246,5.042,24.525,25.345
2025-11-11T11:48:51.774+01:00,-0.017613,0.031324,0.014130,-0.126258,-0.097657,-0.006221,-13.212184,12.339263,21.003145,-32.456038,6.246733,-24.520631,13.214,11.006,12.342,10.354,21.01,21.871,32.455,43.047,6.246,5.043,24.525,25.346
2025-11-11T11:48:52.518+01:00,-0.011491,0.025059,0.007304,-0.152206,-0.106926,-0.010177,-13.212184,12.339263,21.003145,-32.456038,6.246733,-24.520631,13.214,11.006,12.342,10.354,21.01,21.871,32.455,43.047,6.246,5.043,24.525,25.346
2025-11-11T11:48:54.804+01:00,-0.016993,0.026648,0.011043,-0.153165,-0.107941,-0.008141,-13.212184,12.339263,21.003145,-32.456038,6.246733,-24.520631,13.215,11.007,12.342,10.355,21.01,21.871,32.455,43.048,6.246,5.042,24.525,25.348
2025-11-11T11:48:55.565+01:00,-0.017594,0.026518,0.012835,-0.148732,-0.096952,-0.010513,-13.212184,12.339263,21.003145,-32.456038,6.246733,-24.520631,13.215,11.007,12.342,10.355,21.01,21.871,32.455,43.048,6.246,5.042,24.525,25.348
2025-11-11T11:48:57.057+01:00,-0.020675,0.029014,0.018068,-0.130786,-0.091962,-0.008410,-13.212184,12.339263,21.003145,-32.456038,6.246733,-24.520631,13.215,11.007,12.342,10.356,21.01,21.872,32.455,43.05,6.246,5.042,24.525,25.348
2025-11-11T11:48:57.837+01:00,-0.019140,0.025812,0.015854,-0.137428,-0.085370,-0.011928,-13.212184,12.339263,21.003145,-32.456038,6.246733,-24.520631,13.215,11.007,12.342,10.356,21.01,21.872,32.455,43.05,6.246,5.042,24.525,25.348
2025-11-11T11:48:59.310+01:00,-0.021912,0.029849,0.019283,-0.123143,-0.084096,-0.012143,-13.212184,12.339263,21.003145,-32.456038,6.246733,-24.520631,13.214,11.007,12.342,10.358,21.01,21.872,32.455,43.051,6.246,5.043,24.525,25.349
2025-11-11T11:49:00.051+01:00,-0.018930,0.026479,0.012827,-0.141914,-0.089677,-0.014914,-13.212184,12.339263,21.003145,-32.456038,6.246733,-24.520631,13.214,11.007,12.342,10.358,21.01,21.872,32.455,43.051,6.246,5.043,24.525,25.349
2025-11-11T11:49:01.558+01:00,-0.021744,0.022584,0.011661,-0.137131,-0.078341,-0.017131,-13.212184,12.339263,21.003145,-32.456038,6.246733,-24.520631,13.215,11.007,12.342,10.359,21.01,21.873,32.455,43.053,6.246,5.043,24.525,25.349
2025-11-11T11:49:02.304+01:00,-0.017395,0.023267,0.010729,-0.138505,-0.075873,-0.015105,-13.212184,12.339263,21.003145,-32.456038,6.246733,-24.520631,13.215,11.007,12.342,10.359,21.01,21.873,32.455,43.053,6.246,5.043,24.525,25.349
2025-11-11T11:49:04.648+01:00,-0.017916,0.020013,0.011183,-0.134404,-0.068498,-0.016084,-13.212184,12.339263,21.003145,-32.456038,6.246733,-24.520631,13.214,11.007,12.342,10.356,21.01,21.874,32.455,43.055,6.246,5.042,24.525,25.351
2025-11-11T11:49:05.416+01:00,-0.010333,0.013411,0.007547,-0.123323,-0.046999,-0.019467,-13.212184,12.339263,21.003145,-32.456038,6.246733,-24.520631,13.214,11.007,12.342,10.356,21.01,21.874,32.455,43.055,6.246,5.042,24.525,25.351
2025-11-11T11:49:06.940+01:00,-0.010866,0.014729,0.011237,-0.089459,-0.024399,-0.019574,-13.212184,12.339263,21.003145,-32.456038,6.246733,-24.520631,13.214,11.007,12.342,10.355,21.01,21.875,32.455,43.057,6.246,5.042,24.525,25.351
2025-11-11T11:49:07.709+01:00,-0.003493,0.009183,0.006390,-0.091167,-0.015519,-0.022259,-13.212184,12.339263,21.003145,-32.456038,6.246733,-24.520631,13.214,11.007,12.342,10.355,21.01,21.875,32.455,43.057,6.246,5.042,24.525,25.351
2025-11-11T11:49:09.238+01:00,-0.007994,0.009946,0.010312,-0.070334,-0.007215,-0.023007,-13.212184,12.339263,21.003145,-32.456038,6.246733,-24.520631,13.214,11.007,12.342,10.355,21.01,21.875,32.455,43.059,6.246,5.043,24.525,25.353
2025-11-11T11:49:09.895+01:00,-0.003796,0.014557,0.010849,-0.057667,-0.001772,-0.019806,-13.212184,12.339263,21.003145,-32.456038,6.246733,-24.520631,13.214,11.007,12.342,10.355,21.01,21.875,32.455,43.059,6.246,5.043,24.525,25.353
2025-11-11T11:49:12.186+01:00,-0.000436,0.015646,0.007280,-0.073733,-0.012018,-0.019845,-13.212184,12.339263,21.003145,-32.456038,6.246733,-24.520631,13.214,11.007,12.342,10.354,21.01,21.876,32.455,43.06,6.246,5.043,24.525,25.353
2025-11-11T11:49:13.747+01:00,-0.002949,0.017717,0.004424,-0.102387,-0.035814,-0.015876,-13.212184,12.339263,21.003145,-32.456038,6.246733,-24.520631,13.214,11.007,12.342,10.354,21.01,21.876,32.455,43.06,6.246,5.043,24.525,25.353
2025-11-11T11:49:15.196+01:00,-0.003759,0.020773,0.000939,-0.121309,-0.058851,-0.012701,-13.212184,12.339263,21.003145,-32.456038,6.246733,-24.520631,13.214,11.008,12.342,10.355,21.01,21.877,32.455,43.061,6.246,5.043,24.525,25.355
2025-11-11T11:49:15.922+01:00,-0.009607,0.015219,-0.000649,-0.161448,-0.093081,-0.015360,-13.212184,12.339263,21.003145,-32.456038,6.246733,-24.520631,13.214,11.008,12.342,10.355,21.01,21.877,32.455,43.061,6.246,5.043,24.525,25.355
2025-11-11T11:49:17.426+01:00,-0.018286,0.021375,0.002081,-0.163358,-0.112465,-0.014888,-13.212184,12.339263,21.003145,-32.456038,6.246733,-24.520631,13.214,11.008,12.342,10.353,21.01,21.877,32.455,43.063,6.246,5.043,24.525,25.355
2025-11-11T11:49:18.191+01:00,-0.014629,0.015700,0.000265,-0.162086,-0.100572,-0.018511,-13.212184,12.339263,21.003145,-32.456038,6.246733,-24.520631,13.214,11.008,12.342,10.353,21.01,21.877,32.455,43.063,6.246,5.043,24.525,25.355
2025-11-11T11:49:19.719+01:00,-0.014303,0.016560,0.002812,-0.146669,-0.083058,-0.020009,-13.212184,12.339263,21.003145,-32.456038,6.246733,-24.520631,13.214,11.008,12.342,10.352,21.01,21.877,32.456,43.064,6.246,5.043,24.525,25.356
2025-11-11T11:49:20.484+01:00,-0.010042,0.022448,0.000849,-0.147535,-0.078246,-0.018607,-13.212184,12.339263,21.003145,-32.456038,6.246733,-24.520631,13.214,11.008,12.342,10.352,21.01,21.877,32.456,43.064,6.246,5.043,24.525,25.356
2025-11-11T11:49:22.013+01:00,-0.013234,0.023158,0.003280,-0.146828,-0.086197,-0.020085,-13.212184,12.339263,21.003145,-32.456038,6.246733,-24.520631,13.215,11.008,12.342,10.353,21.01,21.878,32.455,43.065,6.246,5.043,24.525,25.356
2025-11-11T11:49:22.777+01:00,-0.007987,0.019927,0.000024,-0.155463,-0.083357,-0.018668,-13.212184,12.339263,21.003145,-32.456038,6.246733,-24.520631,13.215,11.008,12.342,10.353,21.01,21.878,32.455,43.065,6.246,5.043,24.525,25.356
2025-11-11T11:49:24.284+01:00,-0.006390,0.019941,-0.001381,-0.158570,-0.079886,-0.018935,-13.212184,12.339263,21.003145,-32.456038,6.246733,-24.520631,13.215,11.008,12.342,10.353,21.01,21.879,32.455,43.066,6.246,5.043,24.524,25.357
2025-11-11T11:49:25.046+01:00,-0.003712,0.022553,-0.001105,-0.154456,-0.079709,-0.017748,-13.212184,12.339263,21.003145,-32.456038,6.246733,-24.520631,13.215,11.008,12.342,10.353,21.01,21.879,32.455,43.066,6.246,5.043,24.524,25.357
2025-11-11T11:49:26.539+01:00,-0.002969,0.022042,0.000516,-0.168165,-0.088767,-0.018198,-13.212184,12.339263,21.003145,-32.456038,6.246733,-24.520631,13.214,11.009,12.342,10.354,21.01,21.879,32.455,43.067,6.246,5.044,24.525,25.358
2025-11-11T11:49:27.300+01:00,-0.008976,0.026834,0.004413,-0.162132,-0.099814,-0.015959,-13.212184,12.339263,21.003145,-32.456038,6.246733,-24.520631,13.214,11.009,12.342,10.354,21.01,21.879,32.455,43.067,6.246,5.044,24.525,25.358
2025-11-11T11:49:28.789+01:00,-0.005780,0.028067,0.004930,-0.176906,-0.112651,-0.017967,-13.212184,12.339263,21.003145,-32.456038,6.246733,-24.520631,13.214,11.009,12.342,10.354,21.011,21.879,32.455,43.069,6.246,5.043,24.525,25.359
2025-11-11T11:49:29.515+01:00,-0.009824,0.022454,0.009144,-0.149324,-0.104521,-0.015773,-13.212184,12.339263,21.003145,-32.456038,6.246733,-24.520631,13.214,11.009,12.342,10.354,21.011,21.879,32.455,43.069,6.246,5.043,24.525,25.359
2025-11-11T11:49:31.037+01:00,-0.011859,0.024563,0.016515,-0.116860,-0.087617,-0.012619,-13.212184,12.339263,21.003145,-32.456038,6.246733,-24.520631,13.215,11.009,12.343,10.353,21.01,21.879,32.455,43.07,6.246,5.043,24.525,25.359
2025-11-11T11:49:31.785+01:00,-0.013488,0.023650,0.017212,-0.109288,-0.067493,-0.015295,-13.212184,12.339263,21.003145,-32.456038,6.246733,-24.520631,13.215,11.009,12.343,10.353,21.01,21.879,32.455,43.07,6.246,5.043,24.525,25.359
2025-11-11T11:49:33.294+01:00,-0.012190,0.028120,0.020370,-0.098030,-0.068395,-0.012236,-13.212184,12.339263,21.003145,-32.456038,6.246733,-24.520631,13.215,11.008,12.342,10.353,21.01,21.88,32.455,43.072,6.246,5.043,24.525,25.36
2025-11-11T11:49:34.053+01:00,-0.008352,0.022496,0.018896,-0.109824,-0.063916,-0.014989,-13.212184,12.339263,21.003145,-32.456038,6.246733,-24.520631,13.215,11.008,12.342,10.353,21.01,21.88,32.455,43.072,6.246,5.043,24.525,25.36
2025-11-11T11:49:35.521+01:00,-0.009282,0.023197,0.026917,-0.094459,-0.060333,-0.013391,-13.212184,12.339263,21.003145,-32.456038,6.246733,-24.520631,13.215,11.009,12.342,10.355,21.01,21.881,32.455,43.072,6.246,5.044,24.525,25.361
2025-11-11T11:49:36.263+01:00,-0.010025,0.022558,0.024133,-0.125367,-0.078466,-0.017313,-13.212184,12.339263,21.003145,-32.456038,6.246733,-24.520631,13.215,11.009,12.342,10.355,21.01,21.881,32.455,43.072,6.246,5.044,24.525,25.361
2025-11-11T11:49:37.796+01:00,-0.013220,0.020646,0.025907,-0.142294,-0.098173,-0.017850,-13.212184,12.339263,21.003145,-32.456038,6.246733,-24.520631,13.214,11.01,12.342,10.355,21.01,21.881,32.455,43.074,6.246,5.044,24.525,25.361
2025-11-11T11:49:38.515+01:00,-0.013176,0.021717,0.022125,-0.171635,-0.119138,-0.020880,-13.212184,12.339263,21.003145,-32.456038,6.246733,-24.520631,13.214,11.01,12.342,10.355,21.01,21.881,32.455,43.074,6.246,5.044,24.525,25.361
2025-11-11T11:49:40.044+01:00,-0.018341,0.021373,0.025500,-0.183308,-0.134711,-0.019304,-13.212184,12.339263,21.003145,-32.456038,6.246733,-24.520631,13.215,11.009,12.342,10.355,21.01,21.881,32.455,43.075,6.246,5.043,24.525,25.362
2025-11-11T11:49:40.810+01:00,-0.017273,0.023699,0.019000,-0.190046,-0.136568,-0.020643,-13.212184,12.339263,21.003145,-32.456038,6.246733,-24.520631,13.215,11.009,12.342,10.355,21.01,21.881,32.455,43.075,6.246,5.043,24.525,25.362
2025-11-11T11:49:42.337+01:00,-0.020418,0.025559,0.019200,-0.171637,-0.125055,-0.017915,-13.212184,12.339263,21.003145,-32.456038,6.246733,-24.520631,13.214,11.01,12.342,10.355,21.01,21.881,32.455,43.076,6.246,5.043,24.525,25.362
2025-11-11T11:49:43.063+01:00,-0.018935,0.024447,0.013960,-0.151710,-0.101444,-0.018332,-13.212184,12.339263,21.003145,-32.456038,6.246733,-24.520631,13.214,11.01,12.342,10.355,21.01,21.881,32.455,43.076,6.246,5.043,24.525,25.362
2025-11-11T11:49:44.555+01:00,-0.016548,0.023558,0.008568,-0.126568,-0.081155,-0.016065,-13.212184,12.339263,21.003145,-32.456038,6.246733,-24.520631,13.214,11.009,12.342,10.354,21.01,21.882,32.455,43.078,6.246,5.043,24.525,25.363
2025-11-11T11:49:45.315+01:00,-0.018438,0.022846,0.014654,-0.103854,-0.058324,-0.012852,-13.212184,12.339263,21.003145,-32.456038,6.246733,-24.520631,13.214,11.009,12.342,10.354,21.01,21.882,32.455,43.078,6.246,5.043,24.525,25.363
2025-11-11T11:49:46.760+01:00,-0.016151,0.023477,0.007724,-0.088283,-0.042659,-0.010282,-13.212184,12.339263,21.003145,-32.456038,6.246733,-24.520631,13.214,11.009,12.342,10.353,21.01,21.883,32.455,43.079,6.246,5.043,24.525,25.364
2025-11-11T11:49:47.486+01:00,-0.019520,0.025382,0.010179,-0.072027,-0.028927,-0.009625,-13.212184,12.339263,21.003145,-32.456038,6.246733,-24.520631,13.214,11.009,12.342,10.353,21.01,21.883,32.455,43.079,6.246,5.043,24.525,25.364
2025-11-11T11:49:48.977+01:00,-0.023416,0.030905,0.013343,-0.049821,-0.017942,-0.007700,-13.212184,12.339263,21.003145,-32.456038,6.246733,-24.520631,13.214,11.01,12.342,10.354,21.01,21.883,32.455,43.08,6.246,5.044,24.525,25.364
2025-11-11T11:49:49.737+01:00,-0.017333,0.024724,0.009274,-0.039857,0.008046,-0.008760,-13.212184,12.339263,21.003145,-32.456038,6.246733,-24.520631,13.214,11.01,12.342,10.354,21.01,21.883,32.455,43.08,6.246,5.044,24.525,25.364
2025-11-11T11:49:51.198+01:00,-0.015266,0.024979,0.010020,-0.012286,0.039237,-0.011008,-13.212184,12.339263,21.003145,-32.456038,6.246733,-24.520631,13.214,11.011,12.342,10.354,21.01,21.883,32.456,43.082,6.246,5.044,24.525,25.365
2025-11-11T11:49:51.945+01:00,-0.014813,0.031783,0.013216,0.003371,0.043190,-0.007407,-13.212184,12.339263,21.003145,-32.456038,6.246733,-24.520631,13.214,11.011,12.342,10.354,21.01,21.883,32.456,43.082,6.246,5.044,24.525,25.365
2025-11-11T11:49:53.453+01:00,-0.014451,0.030627,0.014573,-0.007903,0.042352,-0.009925,-13.212184,12.339263,21.003145,-32.456038,6.246733,-24.520631,13.214,11.01,12.342,10.352,21.01,21.883,32.455,43.083,6.246,5.044,24.525,25.366
2025-11-11T11:49:54.216+01:00,-0.015560,0.033701,0.019458,-0.018122,0.023281,-0.010540,-13.212184,12.339263,21.003145,-32.456038,6.246733,-24.520631,13.214,11.01,12.342,10.352,21.01,21.883,32.455,43.083,6.246,5.044,24.525,25.366
2025-11-11T11:49:55.747+01:00,-0.013848,0.034761,0.016966,-0.038098,0.008025,-0.009832,-13.212184,12.339263,21.003145,-32.456038,6.246733,-24.520631,13.215,11.01,12.342,10.35,21.01,21.884,32.455,43.085,6.246,5.044,24.525,25.367
2025-11-11T11:49:56.509+01:00,-0.016279,0.037009,0.020173,-0.037078,-0.002780,-0.010466,-13.212184,12.339263,21.003145,-32.456038,6.246733,-24.520631,13.215,11.01,12.342,10.35,21.01,21.884,32.455,43.085,6.246,5.044,24.525,25.367
2025-11-11T11:49:58.040+01:00,-0.013023,0.037407,0.023939,-0.036263,-0.007424,-0.009773,-13.212184,12.339263,21.003145,-32.456038,6.246733,-24.520631,13.214,11.01,12.342,10.352,21.01,21.885,32.455,43.087,6.246,5.044,24.525,25.367
2025-11-11T11:49:58.800+01:00,-0.011818,0.035126,0.024351,-0.059210,-0.015139,-0.011818,-13.212184,12.339263,21.003145,-32.456038,6.246733,-24.520631,13.214,11.01,12.342,10.352,21.01,21.885,32.455,43.087,6.246,5.044,24.525,25.367
2025-11-11T11:50:00.334+01:00,-0.012055,0.035901,0.030081,-0.061768,-0.027911,-0.010854,-13.212184,12.339263,21.003145,-32.456038,6.246733,-24.520631,13.214,11.011,12.342,10.351,21.01,21.885,32.455,43.088,6.246,5.044,24.525,25.368
2025-11-11T11:50:01.095+01:00,-0.009644,0.032720,0.028065,-0.087414,-0.041929,-0.015284,-13.212184,12.339263,21.003145,-32.456038,6.246733,-24.520631,13.214,11.011,12.342,10.351,21.01,21.885,32.455,43.088,6.246,5.044,24.525,25.368
2025-11-11T11:50:03.363+01:00,-0.010315,0.026176,0.025052,-0.109332,-0.053143,-0.017427,-13.212184,12.339263,21.003145,-32.456038,6.246733,-24.520631,13.214,11.011,12.342,10.353,21.01,21.886,32.455,43.089,6.246,5.044,24.525,25.37
2025-11-11T11:50:04.104+01:00,-0.008252,0.023541,0.026641,-0.129465,-0.062115,-0.020541,-13.212184,12.339263,21.003145,-32.456038,6.246733,-24.520631,13.214,11.011,12.342,10.353,21.01,21.886,32.455,43.089,6.246,5.044,24.525,25.37
2025-11-11T11:50:05.611+01:00,-0.009202,0.025433,0.030513,-0.108772,-0.058892,-0.020433,-13.212184,12.339263,21.003145,-32.456038,6.246733,-24.520631,13.215,11.011,12.342,10.352,21.01,21.887,32.455,43.091,6.246,5.044,24.525,25.37
2025-11-11T11:50:06.375+01:00,-0.002161,0.020346,0.027010,-0.117218,-0.064113,-0.022947,-13.212184,12.339263,21.003145,-32.456038,6.246733,-24.520631,13.215,11.011,12.342,10.352,21.01,21.887,32.455,43.091,6.246,5.044,24.525,25.37
2025-11-11T11:50:07.809+01:00,0.000871,0.016277,0.024208,-0.127974,-0.065691,-0.024957,-13.212184,12.339263,21.003145,-32.456038,6.246733,-24.520631,13.214,11.011,12.342,10.353,21.01,21.887,32.455,43.092,6.246,5.044,24.525,25.371
2025-11-11T11:50:08.528+01:00,-0.001903,0.020822,0.020767,-0.115579,-0.065753,-0.022566,-13.212184,12.339263,21.003145,-32.456038,6.246733,-24.520631,13.214,11.011,12.342,10.353,21.01,21.887,32.455,43.092,6.246,5.044,24.525,25.371
2025-11-11T11:50:10.060+01:00,-0.002923,0.020657,0.018013,-0.092463,-0.067002,-0.023253,-13.212184,12.339263,21.003145,-32.456038,6.246733,-24.520631,13.214,11.011,12.342,10.353,21.01,21.888,32.455,43.093,6.246,5.044,24.525,25.372
